date,product,quantity,price,region
2024-01-01,Laptop,1,25,North
2024-01-02,Mouse,2,26,South
2024-01-03,Keyboard,3,27,East
2024-01-04,Monitor,4,28,West
2024-01-05,Headphones,5,29,North
2024-01-06,Laptop,6,30,South
2024-01-07,Mouse,7,31,East
2024-01-08,Keyboard,8,32,West
2024-01-09,Monitor,9,33,North
2024-01-10,Headphones,10,34,South
2024-01-11,Laptop,11,35,East
2024-01-12,Mouse,12,36,West
2024-01-13,Keyboard,13,37,North
2024-01-14,Monitor,14,38,South
2024-01-15,Headphones,15,39,East
2024-01-16,Laptop,16,40,West
2024-01-17,Mouse,17,41,North
2024-01-18,Keyboard,18,42,South
2024-01-19,Monitor,19,43,East
2024-01-20,Headphones,20,44,West
2024-01-21,Laptop,21,45,North
2024-01-22,Mouse,22,46,South
2024-01-23,Keyboard,23,47,East
2024-01-24,Monitor,24,48,West
2024-01-25,Headphones,25,49,North
2024-01-26,Laptop,26,50,South
2024-01-27,Mouse,27,51,East
2024-01-28,Keyboard,28,52,West
2024-01-01,Monitor,29,53,North
2024-01-02,Headphones,30,54,South
2024-01-03,Laptop,31,55,East
2024-01-04,Mouse,32,56,West
2024-01-05,Keyboard,33,57,North
2024-01-06,Monitor,34,58,South
2024-01-07,Headphones,35,59,East
2024-01-08,Laptop,36,60,West
2024-01-09,Mouse,37,61,North
2024-01-10,Keyboard,38,62,South
2024-01-11,Monitor,39,63,East
2024-01-12,Headphones,40,64,West
2024-01-13,Laptop,41,65,North
2024-01-14,Mouse,42,66,South
2024-01-15,Keyboard,43,67,East
2024-01-16,Monitor,44,68,West
2024-01-17,Headphones,45,69,North
2024-01-18,Laptop,46,70,South
2024-01-19,Mouse,47,71,East
2024-01-20,Keyboard,48,72,West
2024-01-21,Monitor,49,73,North
2024-01-22,Headphones,50,74,South
2024-01-23,Laptop,51,75,East
2024-01-24,Mouse,52,76,West
2024-01-25,Keyboard,53,77,North
2024-01-26,Monitor,54,78,South
2024-01-27,Headphones,55,79,East
2024-01-28,Laptop,56,80,West
2024-01-01,Mouse,57,81,North
2024-01-02,Keyboard,58,82,South
2024-01-03,Monitor,59,83,East
2024-01-04,Headphones,60,84,West
2024-01-05,Laptop,61,85,North
2024-01-06,Mouse,62,86,South
2024-01-07,Keyboard,63,87,East
2024-01-08,Monitor,64,88,West
2024-01-09,Headphones,65,89,North
2024-01-10,Laptop,66,90,South
2024-01-11,Mouse,67,91,East
2024-01-12,Keyboard,68,92,West
2024-01-13,Monitor,69,93,North
2024-01-14,Headphones,70,94,South
2024-01-15,Laptop,71,95,East
2024-01-16,Mouse,72,96,West
2024-01-17,Keyboard,73,97,North
2024-01-18,Monitor,74,98,South
2024-01-19,Headphones,75,99,East
2024-01-20,Laptop,76,100,West
2024-01-21,Mouse,77,101,North
2024-01-22,Keyboard,78,102,South
2024-01-23,Monitor,79,103,East
2024-01-24,Headphones,80,104,West
2024-01-25,Laptop,81,105,North
2024-01-26,Mouse,82,106,South
2024-01-27,Keyboard,83,107,East
2024-01-28,Monitor,84,108,West
2024-01-01,Headphones,85,109,North
2024-01-02,Laptop,86,110,South
2024-01-03,Mouse,87,111,East
2024-01-04,Keyboard,88,112,West
2024-01-05,Monitor,89,113,North
2024-01-06,Headphones,90,114,South
2024-01-07,Laptop,91,115,East
2024-01-08,Mouse,92,116,West
2024-01-09,Keyboard,93,117,North
2024-01-10,Monitor,94,118,South
2024-01-11,Headphones,95,119,East
2024-01-12,Laptop,96,120,West
2024-01-13,Mouse,97,121,North
2024-01-14,Keyboard,98,122,South
2024-01-15,Monitor,99,123,East
2024-01-16,Headphones,100,124,West
2024-01-17,Laptop,1,125,North
2024-01-18,Mouse,2,126,South
2024-01-19,Keyboard,3,127,East
2024-01-20,Monitor,4,128,West
2024-01-21,Headphones,5,129,North
2024-01-22,Laptop,6,130,South
2024-01-23,Mouse,7,131,East
2024-01-24,Keyboard,8,132,West
2024-01-25,Monitor,9,133,North
2024-01-26,Headphones,10,134,South
2024-01-27,Laptop,11,135,East
2024-01-28,Mouse,12,136,West
2024-01-01,Keyboard,13,137,North
2024-01-02,Monitor,14,138,South
2024-01-03,Headphones,15,139,East
2024-01-04,Laptop,16,140,West
2024-01-05,Mouse,17,141,North
2024-01-06,Keyboard,18,142,South
2024-01-07,Monitor,19,143,East
2024-01-08,Headphones,20,144,West
2024-01-09,Laptop,21,145,North
2024-01-10,Mouse,22,146,South
2024-01-11,Keyboard,23,147,East
2024-01-12,Monitor,24,148,West
2024-01-13,Headphones,25,149,North
2024-01-14,Laptop,26,150,South
2024-01-15,Mouse,27,151,East
2024-01-16,Keyboard,28,152,West
2024-01-17,Monitor,29,153,North
2024-01-18,Headphones,30,154,South
2024-01-19,Laptop,31,155,East
2024-01-20,Mouse,32,156,West
2024-01-21,Keyboard,33,157,North
2024-01-22,Monitor,34,158,South
2024-01-23,Headphones,35,159,East
2024-01-24,Laptop,36,160,West
2024-01-25,Mouse,37,161,North
2024-01-26,Keyboard,38,162,South
2024-01-27,Monitor,39,163,East
2024-01-28,Headphones,40,164,West
2024-01-01,Laptop,41,165,North
2024-01-02,Mouse,42,166,South
2024-01-03,Keyboard,43,167,East
2024-01-04,Monitor,44,168,West
2024-01-05,Headphones,45,169,North
2024-01-06,Laptop,46,170,South
2024-01-07,Mouse,47,171,East
2024-01-08,Keyboard,48,172,West
2024-01-09,Monitor,49,173,North
2024-01-10,Headphones,50,174,South
2024-01-11,Laptop,51,175,East
2024-01-12,Mouse,52,176,West
2024-01-13,Keyboard,53,177,North
2024-01-14,Monitor,54,178,South
2024-01-15,Headphones,55,179,East
2024-01-16,Laptop,56,180,West
2024-01-17,Mouse,57,181,North
2024-01-18,Keyboard,58,182,South
2024-01-19,Monitor,59,183,East
2024-01-20,Headphones,60,184,West
2024-01-21,Laptop,61,185,North
2024-01-22,Mouse,62,186,South
2024-01-23,Keyboard,63,187,East
2024-01-24,Monitor,64,188,West
2024-01-25,Headphones,65,189,North
2024-01-26,Laptop,66,190,South
2024-01-27,Mouse,67,191,East
2024-01-28,Keyboard,68,192,West
2024-01-01,Monitor,69,193,North
2024-01-02,Headphones,70,194,South
2024-01-03,Laptop,71,195,East
2024-01-04,Mouse,72,196,West
2024-01-05,Keyboard,73,197,North
2024-01-06,Monitor,74,198,South
2024-01-07,Headphones,75,199,East
2024-01-08,Laptop,76,200,West
2024-01-09,Mouse,77,201,North
2024-01-10,Keyboard,78,202,South
2024-01-11,Monitor,79,203,East
2024-01-12,Headphones,80,204,West
2024-01-13,Laptop,81,205,North
2024-01-14,Mouse,82,206,South
2024-01-15,Keyboard,83,207,East
2024-01-16,Monitor,84,208,West
2024-01-17,Headphones,85,209,North
2024-01-18,Laptop,86,210,South
2024-01-19,Mouse,87,211,East
2024-01-20,Keyboard,88,212,West
2024-01-21,Monitor,89,213,North
2024-01-22,Headphones,90,214,South
2024-01-23,Laptop,91,215,East
2024-01-24,Mouse,92,216,West
2024-01-25,Keyboard,93,217,North
2024-01-26,Monitor,94,218,South
2024-01-27,Headphones,95,219,East
2024-01-28,Laptop,96,220,West
2024-01-01,Mouse,97,221,North
2024-01-02,Keyboard,98,222,South
2024-01-03,Monitor,99,223,East
2024-01-04,Headphones,100,224,West
2024-01-05,Laptop,1,225,North
2024-01-06,Mouse,2,226,South
2024-01-07,Keyboard,3,227,East
2024-01-08,Monitor,4,228,West
2024-01-09,Headphones,5,229,North
2024-01-10,Laptop,6,230,South
2024-01-11,Mouse,7,231,East
2024-01-12,Keyboard,8,232,West
2024-01-13,Monitor,9,233,North
2024-01-14,Headphones,10,234,South
2024-01-15,Laptop,11,235,East
2024-01-16,Mouse,12,236,West
2024-01-17,Keyboard,13,237,North
2024-01-18,Monitor,14,238,South
2024-01-19,Headphones,15,239,East
2024-01-20,Laptop,16,240,West
2024-01-21,Mouse,17,241,North
2024-01-22,Keyboard,18,242,South
2024-01-23,Monitor,19,243,East
2024-01-24,Headphones,20,244,West
2024-01-25,Laptop,21,245,North
2024-01-26,Mouse,22,246,South
2024-01-27,Keyboard,23,247,East
2024-01-28,Monitor,24,248,West
2024-01-01,Headphones,25,249,North
2024-01-02,Laptop,26,250,South
2024-01-03,Mouse,27,251,East
2024-01-04,Keyboard,28,252,West
2024-01-05,Monitor,29,253,North
2024-01-06,Headphones,30,254,South
2024-01-07,Laptop,31,255,East
2024-01-08,Mouse,32,256,West
2024-01-09,Keyboard,33,257,North
2024-01-10,Monitor,34,258,South
2024-01-11,Headphones,35,259,East
2024-01-12,Laptop,36,260,West
2024-01-13,Mouse,37,261,North
2024-01-14,Keyboard,38,262,South
2024-01-15,Monitor,39,263,East
2024-01-16,Headphones,40,264,West
2024-01-17,Laptop,41,265,North
2024-01-18,Mouse,42,266,South
2024-01-19,Keyboard,43,267,East
2024-01-20,Monitor,44,268,West
2024-01-21,Headphones,45,269,North
2024-01-22,Laptop,46,270,South
2024-01-23,Mouse,47,271,East
2024-01-24,Keyboard,48,272,West
2024-01-25,Monitor,49,273,North
2024-01-26,Headphones,50,274,South
2024-01-27,Laptop,51,275,East
2024-01-28,Mouse,52,276,West
2024-01-01,Keyboard,53,277,North
2024-01-02,Monitor,54,278,South
2024-01-03,Headphones,55,279,East
2024-01-04,Laptop,56,280,West
2024-01-05,Mouse,57,281,North
2024-01-06,Keyboard,58,282,South
2024-01-07,Monitor,59,283,East
2024-01-08,Headphones,60,284,West
2024-01-09,Laptop,61,285,North
2024-01-10,Mouse,62,286,South
2024-01-11,Keyboard,63,287,East
2024-01-12,Monitor,64,288,West
2024-01-13,Headphones,65,289,North
2024-01-14,Laptop,66,290,South
2024-01-15,Mouse,67,291,East
2024-01-16,Keyboard,68,292,West
2024-01-17,Monitor,69,293,North
2024-01-18,Headphones,70,294,South
2024-01-19,Laptop,71,295,East
2024-01-20,Mouse,72,296,West
2024-01-21,Keyboard,73,297,North
2024-01-22,Monitor,74,298,South
2024-01-23,Headphones,75,299,East
2024-01-24,Laptop,76,300,West
2024-01-25,Mouse,77,301,North
2024-01-26,Keyboard,78,302,South
2024-01-27,Monitor,79,303,East
2024-01-28,Headphones,80,304,West
2024-01-01,Laptop,81,305,North
2024-01-02,Mouse,82,306,South
2024-01-03,Keyboard,83,307,East
2024-01-04,Monitor,84,308,West
2024-01-05,Headphones,85,309,North
2024-01-06,Laptop,86,310,South
2024-01-07,Mouse,87,311,East
2024-01-08,Keyboard,88,312,West
2024-01-09,Monitor,89,313,North
2024-01-10,Headphones,90,314,South
2024-01-11,Laptop,91,315,East
2024-01-12,Mouse,92,316,West
2024-01-13,Keyboard,93,317,North
2024-01-14,Monitor,94,318,South
2024-01-15,Headphones,95,319,East
2024-01-16,Laptop,96,320,West
2024-01-17,Mouse,97,321,North
2024-01-18,Keyboard,98,322,South
2024-01-19,Monitor,99,323,East
2024-01-20,Headphones,100,324,West
2024-01-21,Laptop,1,325,North
2024-01-22,Mouse,2,326,South
2024-01-23,Keyboard,3,327,East
2024-01-24,Monitor,4,328,West
2024-01-25,Headphones,5,329,North
2024-01-26,Laptop,6,330,South
2024-01-27,Mouse,7,331,East
2024-01-28,Keyboard,8,332,West
2024-01-01,Monitor,9,333,North
2024-01-02,Headphones,10,334,South
2024-01-03,Laptop,11,335,East
2024-01-04,Mouse,12,336,West
2024-01-05,Keyboard,13,337,North
2024-01-06,Monitor,14,338,South
2024-01-07,Headphones,15,339,East
2024-01-08,Laptop,16,340,West
2024-01-09,Mouse,17,341,North
2024-01-10,Keyboard,18,342,South
2024-01-11,Monitor,19,343,East
2024-01-12,Headphones,20,344,West
2024-01-13,Laptop,21,345,North
2024-01-14,Mouse,22,346,South
2024-01-15,Keyboard,23,347,East
2024-01-16,Monitor,24,348,West
2024-01-17,Headphones,25,349,North
2024-01-18,Laptop,26,350,South
2024-01-19,Mouse,27,351,East
2024-01-20,Keyboard,28,352,West
2024-01-21,Monitor,29,353,North
2024-01-22,Headphones,30,354,South
2024-01-23,Laptop,31,355,East
2024-01-24,Mouse,32,356,West
2024-01-25,Keyboard,33,357,North
2024-01-26,Monitor,34,358,South
2024-01-27,Headphones,35,359,East
2024-01-28,Laptop,36,360,West
2024-01-01,Mouse,37,361,North
2024-01-02,Keyboard,38,362,South
2024-01-03,Monitor,39,363,East
2024-01-04,Headphones,40,364,West
2024-01-05,Laptop,41,365,North
2024-01-06,Mouse,42,366,South
2024-01-07,Keyboard,43,367,East
2024-01-08,Monitor,44,368,West
2024-01-09,Headphones,45,369,North
2024-01-10,Laptop,46,370,South
2024-01-11,Mouse,47,371,East
2024-01-12,Keyboard,48,372,West
2024-01-13,Monitor,49,373,North
2024-01-14,Headphones,50,374,South
2024-01-15,Laptop,51,375,East
2024-01-16,Mouse,52,376,West
2024-01-17,Keyboard,53,377,North
2024-01-18,Monitor,54,378,South
2024-01-19,Headphones,55,379,East
2024-01-20,Laptop,56,380,West
2024-01-21,Mouse,57,381,North
2024-01-22,Keyboard,58,382,South
2024-01-23,Monitor,59,383,East
2024-01-24,Headphones,60,384,West
2024-01-25,Laptop,61,385,North
2024-01-26,Mouse,62,386,South
2024-01-27,Keyboard,63,387,East
2024-01-28,Monitor,64,388,West
2024-01-01,Headphones,65,389,North
2024-01-02,Laptop,66,390,South
2024-01-03,Mouse,67,391,East
2024-01-04,Keyboard,68,392,West
2024-01-05,Monitor,69,393,North
2024-01-06,Headphones,70,394,South
2024-01-07,Laptop,71,395,East
2024-01-08,Mouse,72,396,West
2024-01-09,Keyboard,73,397,North
2024-01-10,Monitor,74,398,South
2024-01-11,Headphones,75,399,East
2024-01-12,Laptop,76,400,West
2024-01-13,Mouse,77,401,North
2024-01-14,Keyboard,78,402,South
2024-01-15,Monitor,79,403,East
2024-01-16,Headphones,80,404,West
2024-01-17,Laptop,81,405,North
2024-01-18,Mouse,82,406,South
2024-01-19,Keyboard,83,407,East
2024-01-20,Monitor,84,408,West
2024-01-21,Headphones,85,409,North
2024-01-22,Laptop,86,410,South
2024-01-23,Mouse,87,411,East
2024-01-24,Keyboard,88,412,West
2024-01-25,Monitor,89,413,North
2024-01-26,Headphones,90,414,South
2024-01-27,Laptop,91,415,East
2024-01-28,Mouse,92,416,West
2024-01-01,Keyboard,93,417,North
2024-01-02,Monitor,94,418,South
2024-01-03,Headphones,95,419,East
2024-01-04,Laptop,96,420,West
2024-01-05,Mouse,97,421,North
2024-01-06,Keyboard,98,422,South
2024-01-07,Monitor,99,423,East
2024-01-08,Headphones,100,424,West
2024-01-09,Laptop,1,425,North
2024-01-10,Mouse,2,426,South
2024-01-11,Keyboard,3,427,East
2024-01-12,Monitor,4,428,West
2024-01-13,Headphones,5,429,North
2024-01-14,Laptop,6,430,South
2024-01-15,Mouse,7,431,East
2024-01-16,Keyboard,8,432,West
2024-01-17,Monitor,9,433,North
2024-01-18,Headphones,10,434,South
2024-01-19,Laptop,11,435,East
2024-01-20,Mouse,12,436,West
2024-01-21,Keyboard,13,437,North
2024-01-22,Monitor,14,438,South
2024-01-23,Headphones,15,439,East
2024-01-24,Laptop,16,440,West
2024-01-25,Mouse,17,441,North
2024-01-26,Keyboard,18,442,South
2024-01-27,Monitor,19,443,East
2024-01-28,Headphones,20,444,West
2024-01-01,Laptop,21,445,North
2024-01-02,Mouse,22,446,South
2024-01-03,Keyboard,23,447,East
2024-01-04,Monitor,24,448,West
2024-01-05,Headphones,25,449,North
2024-01-06,Laptop,26,450,South
2024-01-07,Mouse,27,451,East
2024-01-08,Keyboard,28,452,West
2024-01-09,Monitor,29,453,North
2024-01-10,Headphones,30,454,South
2024-01-11,Laptop,31,455,East
2024-01-12,Mouse,32,456,West
2024-01-13,Keyboard,33,457,North
2024-01-14,Monitor,34,458,South
2024-01-15,Headphones,35,459,East
2024-01-16,Laptop,36,460,West
2024-01-17,Mouse,37,461,North
2024-01-18,Keyboard,38,462,South
2024-01-19,Monitor,39,463,East
2024-01-20,Headphones,40,464,West
2024-01-21,Laptop,41,465,North
2024-01-22,Mouse,42,466,South
2024-01-23,Keyboard,43,467,East
2024-01-24,Monitor,44,468,West
2024-01-25,Headphones,45,469,North
2024-01-26,Laptop,46,470,South
2024-01-27,Mouse,47,471,East
2024-01-28,Keyboard,48,472,West
2024-01-01,Monitor,49,473,North
2024-01-02,Headphones,50,474,South
2024-01-03,Laptop,51,475,East
2024-01-04,Mouse,52,476,West
2024-01-05,Keyboard,53,477,North
2024-01-06,Monitor,54,478,South
2024-01-07,Headphones,55,479,East
2024-01-08,Laptop,56,480,West
2024-01-09,Mouse,57,481,North
2024-01-10,Keyboard,58,482,South
2024-01-11,Monitor,59,483,East
2024-01-12,Headphones,60,484,West
2024-01-13,Laptop,61,485,North
2024-01-14,Mouse,62,486,South
2024-01-15,Keyboard,63,487,East
2024-01-16,Monitor,64,488,West
2024-01-17,Headphones,65,489,North
2024-01-18,Laptop,66,490,South
2024-01-19,Mouse,67,491,East
2024-01-20,Keyboard,68,492,West
2024-01-21,Monitor,69,493,North
2024-01-22,Headphones,70,494,South
2024-01-23,Laptop,71,495,East
2024-01-24,Mouse,72,496,West
2024-01-25,Keyboard,73,497,North
2024-01-26,Monitor,74,498,South
2024-01-27,Headphones,75,499,East
2024-01-28,Laptop,76,500,West
2024-01-01,Mouse,77,501,North
2024-01-02,Keyboard,78,502,South
2024-01-03,Monitor,79,503,East
2024-01-04,Headphones,80,504,West
2024-01-05,Laptop,81,505,North
2024-01-06,Mouse,82,506,South
2024-01-07,Keyboard,83,507,East
2024-01-08,Monitor,84,508,West
2024-01-09,Headphones,85,509,North
2024-01-10,Laptop,86,510,South
2024-01-11,Mouse,87,511,East
2024-01-12,Keyboard,88,512,West
2024-01-13,Monitor,89,513,North
2024-01-14,Headphones,90,514,South
2024-01-15,Laptop,91,515,East
2024-01-16,Mouse,92,516,West
2024-01-17,Keyboard,93,517,North
2024-01-18,Monitor,94,518,South
2024-01-19,Headphones,95,519,East
2024-01-20,Laptop,96,520,West
2024-01-21,Mouse,97,521,North
2024-01-22,Keyboard,98,522,South
2024-01-23,Monitor,99,523,East
2024-01-24,Headphones,100,524,West
2024-01-25,Laptop,1,525,North
2024-01-26,Mouse,2,526,South
2024-01-27,Keyboard,3,527,East
2024-01-28,Monitor,4,528,West
2024-01-01,Headphones,5,529,North
2024-01-02,Laptop,6,530,South
2024-01-03,Mouse,7,531,East
2024-01-04,Keyboard,8,532,West
2024-01-05,Monitor,9,533,North
2024-01-06,Headphones,10,534,South
2024-01-07,Laptop,11,535,East
2024-01-08,Mouse,12,536,West
2024-01-09,Keyboard,13,537,North
2024-01-10,Monitor,14,538,South
2024-01-11,Headphones,15,539,East
2024-01-12,Laptop,16,540,West
2024-01-13,Mouse,17,541,North
2024-01-14,Keyboard,18,542,South
2024-01-15,Monitor,19,543,East
2024-01-16,Headphones,20,544,West
2024-01-17,Laptop,21,545,North
2024-01-18,Mouse,22,546,South
2024-01-19,Keyboard,23,547,East
2024-01-20,Monitor,24,548,West
2024-01-21,Headphones,25,549,North
2024-01-22,Laptop,26,550,South
2024-01-23,Mouse,27,551,East
2024-01-24,Keyboard,28,552,West
2024-01-25,Monitor,29,553,North
2024-01-26,Headphones,30,554,South
2024-01-27,Laptop,31,555,East
2024-01-28,Mouse,32,556,West
2024-01-01,Keyboard,33,557,North
2024-01-02,Monitor,34,558,South
2024-01-03,Headphones,35,559,East
2024-01-04,Laptop,36,560,West
2024-01-05,Mouse,37,561,North
2024-01-06,Keyboard,38,562,South
2024-01-07,Monitor,39,563,East
2024-01-08,Headphones,40,564,West
2024-01-09,Laptop,41,565,North
2024-01-10,Mouse,42,566,South
2024-01-11,Keyboard,43,567,East
2024-01-12,Monitor,44,568,West
2024-01-13,Headphones,45,569,North
2024-01-14,Laptop,46,570,South
2024-01-15,Mouse,47,571,East
2024-01-16,Keyboard,48,572,West
2024-01-17,Monitor,49,573,North
2024-01-18,Headphones,50,574,South
2024-01-19,Laptop,51,575,East
2024-01-20,Mouse,52,576,West
2024-01-21,Keyboard,53,577,North
2024-01-22,Monitor,54,578,South
2024-01-23,Headphones,55,579,East
2024-01-24,Laptop,56,580,West
2024-01-25,Mouse,57,581,North
2024-01-26,Keyboard,58,582,South
2024-01-27,Monitor,59,583,East
2024-01-28,Headphones,60,584,West
2024-01-01,Laptop,61,585,North
2024-01-02,Mouse,62,586,South
2024-01-03,Keyboard,63,587,East
2024-01-04,Monitor,64,588,West
2024-01-05,Headphones,65,589,North
2024-01-06,Laptop,66,590,South
2024-01-07,Mouse,67,591,East
2024-01-08,Keyboard,68,592,West
2024-01-09,Monitor,69,593,North
2024-01-10,Headphones,70,594,South
2024-01-11,Laptop,71,595,East
2024-01-12,Mouse,72,596,West
2024-01-13,Keyboard,73,597,North
2024-01-14,Monitor,74,598,South
2024-01-15,Headphones,75,599,East
2024-01-16,Laptop,76,600,West
2024-01-17,Mouse,77,601,North
2024-01-18,Keyboard,78,602,South
2024-01-19,Monitor,79,603,East
2024-01-20,Headphones,80,604,West
2024-01-21,Laptop,81,605,North
2024-01-22,Mouse,82,606,South
2024-01-23,Keyboard,83,607,East
2024-01-24,Monitor,84,608,West
2024-01-25,Headphones,85,609,North
2024-01-26,Laptop,86,610,South
2024-01-27,Mouse,87,611,East
2024-01-28,Keyboard,88,612,West
2024-01-01,Monitor,89,613,North
2024-01-02,Headphones,90,614,South
2024-01-03,Laptop,91,615,East
2024-01-04,Mouse,92,616,West
2024-01-05,Keyboard,93,617,North
2024-01-06,Monitor,94,618,South
2024-01-07,Headphones,95,619,East
2024-01-08,Laptop,96,620,West
2024-01-09,Mouse,97,621,North
2024-01-10,Keyboard,98,622,South
2024-01-11,Monitor,99,623,East
2024-01-12,Headphones,100,624,West
2024-01-13,Laptop,1,625,North
2024-01-14,Mouse,2,626,South
2024-01-15,Keyboard,3,627,East
2024-01-16,Monitor,4,628,West
2024-01-17,Headphones,5,629,North
2024-01-18,Laptop,6,630,South
2024-01-19,Mouse,7,631,East
2024-01-20,Keyboard,8,632,West
2024-01-21,Monitor,9,633,North
2024-01-22,Headphones,10,634,South
2024-01-23,Laptop,11,635,East
2024-01-24,Mouse,12,636,West
2024-01-25,Keyboard,13,637,North
2024-01-26,Monitor,14,638,South
2024-01-27,Headphones,15,639,East
2024-01-28,Laptop,16,640,West
2024-01-01,Mouse,17,641,North
2024-01-02,Keyboard,18,642,South
2024-01-03,Monitor,19,643,East
2024-01-04,Headphones,20,644,West
2024-01-05,Laptop,21,645,North
2024-01-06,Mouse,22,646,South
2024-01-07,Keyboard,23,647,East
2024-01-08,Monitor,24,648,West
2024-01-09,Headphones,25,649,North
2024-01-10,Laptop,26,650,South
2024-01-11,Mouse,27,651,East
2024-01-12,Keyboard,28,652,West
2024-01-13,Monitor,29,653,North
2024-01-14,Headphones,30,654,South
2024-01-15,Laptop,31,655,East
2024-01-16,Mouse,32,656,West
2024-01-17,Keyboard,33,657,North
2024-01-18,Monitor,34,658,South
2024-01-19,Headphones,35,659,East
2024-01-20,Laptop,36,660,West
2024-01-21,Mouse,37,661,North
2024-01-22,Keyboard,38,662,South
2024-01-23,Monitor,39,663,East
2024-01-24,Headphones,40,664,West
2024-01-25,Laptop,41,665,North
2024-01-26,Mouse,42,666,South
2024-01-27,Keyboard,43,667,East
2024-01-28,Monitor,44,668,West
2024-01-01,Headphones,45,669,North
2024-01-02,Laptop,46,670,South
2024-01-03,Mouse,47,671,East
2024-01-04,Keyboard,48,672,West
2024-01-05,Monitor,49,673,North
2024-01-06,Headphones,50,674,South
2024-01-07,Laptop,51,675,East
2024-01-08,Mouse,52,676,West
2024-01-09,Keyboard,53,677,North
2024-01-10,Monitor,54,678,South
2024-01-11,Headphones,55,679,East
2024-01-12,Laptop,56,680,West
2024-01-13,Mouse,57,681,North
2024-01-14,Keyboard,58,682,South
2024-01-15,Monitor,59,683,East
2024-01-16,Headphones,60,684,West
2024-01-17,Laptop,61,685,North
2024-01-18,Mouse,62,686,South
2024-01-19,Keyboard,63,687,East
2024-01-20,Monitor,64,688,West
2024-01-21,Headphones,65,689,North
2024-01-22,Laptop,66,690,South
2024-01-23,Mouse,67,691,East
2024-01-24,Keyboard,68,692,West
2024-01-25,Monitor,69,693,North
2024-01-26,Headphones,70,694,South
2024-01-27,Laptop,71,695,East
2024-01-28,Mouse,72,696,West
2024-01-01,Keyboard,73,697,North
2024-01-02,Monitor,74,698,South
2024-01-03,Headphones,75,699,East
2024-01-04,Laptop,76,700,West
2024-01-05,Mouse,77,701,North
2024-01-06,Keyboard,78,702,South
2024-01-07,Monitor,79,703,East
2024-01-08,Headphones,80,704,West
2024-01-09,Laptop,81,705,North
2024-01-10,Mouse,82,706,South
2024-01-11,Keyboard,83,707,East
2024-01-12,Monitor,84,708,West
2024-01-13,Headphones,85,709,North
2024-01-14,Laptop,86,710,South
2024-01-15,Mouse,87,711,East
2024-01-16,Keyboard,88,712,West
2024-01-17,Monitor,89,713,North
2024-01-18,Headphones,90,714,South
2024-01-19,Laptop,91,715,East
2024-01-20,Mouse,92,716,West
2024-01-21,Keyboard,93,717,North
2024-01-22,Monitor,94,718,South
2024-01-23,Headphones,95,719,East
2024-01-24,Laptop,96,720,West
2024-01-25,Mouse,97,721,North
2024-01-26,Keyboard,98,722,South
2024-01-27,Monitor,99,723,East
2024-01-28,Headphones,100,724,West
2024-01-01,Laptop,1,725,North
2024-01-02,Mouse,2,726,South
2024-01-03,Keyboard,3,727,East
2024-01-04,Monitor,4,728,West
2024-01-05,Headphones,5,729,North
2024-01-06,Laptop,6,730,South
2024-01-07,Mouse,7,731,East
2024-01-08,Keyboard,8,732,West
2024-01-09,Monitor,9,733,North
2024-01-10,Headphones,10,734,South
2024-01-11,Laptop,11,735,East
2024-01-12,Mouse,12,736,West
2024-01-13,Keyboard,13,737,North
2024-01-14,Monitor,14,738,South
2024-01-15,Headphones,15,739,East
2024-01-16,Laptop,16,740,West
2024-01-17,Mouse,17,741,North
2024-01-18,Keyboard,18,742,South
2024-01-19,Monitor,19,743,East
2024-01-20,Headphones,20,744,West
2024-01-21,Laptop,21,745,North
2024-01-22,Mouse,22,746,South
2024-01-23,Keyboard,23,747,East
2024-01-24,Monitor,24,748,West
2024-01-25,Headphones,25,749,North
2024-01-26,Laptop,26,750,South
2024-01-27,Mouse,27,751,East
2024-01-28,Keyboard,28,752,West
2024-01-01,Monitor,29,753,North
2024-01-02,Headphones,30,754,South
2024-01-03,Laptop,31,755,East
2024-01-04,Mouse,32,756,West
2024-01-05,Keyboard,33,757,North
2024-01-06,Monitor,34,758,South
2024-01-07,Headphones,35,759,East
2024-01-08,Laptop,36,760,West
2024-01-09,Mouse,37,761,North
2024-01-10,Keyboard,38,762,South
2024-01-11,Monitor,39,763,East
2024-01-12,Headphones,40,764,West
2024-01-13,Laptop,41,765,North
2024-01-14,Mouse,42,766,South
2024-01-15,Keyboard,43,767,East
2024-01-16,Monitor,44,768,West
2024-01-17,Headphones,45,769,North
2024-01-18,Laptop,46,770,South
2024-01-19,Mouse,47,771,East
2024-01-20,Keyboard,48,772,West
2024-01-21,Monitor,49,773,North
2024-01-22,Headphones,50,774,South
2024-01-23,Laptop,51,775,East
2024-01-24,Mouse,52,776,West
2024-01-25,Keyboard,53,777,North
2024-01-26,Monitor,54,778,South
2024-01-27,Headphones,55,779,East
2024-01-28,Laptop,56,780,West
2024-01-01,Mouse,57,781,North
2024-01-02,Keyboard,58,782,South
2024-01-03,Monitor,59,783,East
2024-01-04,Headphones,60,784,West
2024-01-05,Laptop,61,785,North
2024-01-06,Mouse,62,786,South
2024-01-07,Keyboard,63,787,East
2024-01-08,Monitor,64,788,West
2024-01-09,Headphones,65,789,North
2024-01-10,Laptop,66,790,South
2024-01-11,Mouse,67,791,East
2024-01-12,Keyboard,68,792,West
2024-01-13,Monitor,69,793,North
2024-01-14,Headphones,70,794,South
2024-01-15,Laptop,71,795,East
2024-01-16,Mouse,72,796,West
2024-01-17,Keyboard,73,797,North
2024-01-18,Monitor,74,798,South
2024-01-19,Headphones,75,799,East
2024-01-20,Laptop,76,800,West
2024-01-21,Mouse,77,801,North
2024-01-22,Keyboard,78,802,South
2024-01-23,Monitor,79,803,East
2024-01-24,Headphones,80,804,West
2024-01-25,Laptop,81,805,North
2024-01-26,Mouse,82,806,South
2024-01-27,Keyboard,83,807,East
2024-01-28,Monitor,84,808,West
2024-01-01,Headphones,85,809,North
2024-01-02,Laptop,86,810,South
2024-01-03,Mouse,87,811,East
2024-01-04,Keyboard,88,812,West
2024-01-05,Monitor,89,813,North
2024-01-06,Headphones,90,814,South
2024-01-07,Laptop,91,815,East
2024-01-08,Mouse,92,816,West
2024-01-09,Keyboard,93,817,North
2024-01-10,Monitor,94,818,South
2024-01-11,Headphones,95,819,East
2024-01-12,Laptop,96,820,West
2024-01-13,Mouse,97,821,North
2024-01-14,Keyboard,98,822,South
2024-01-15,Monitor,99,823,East
2024-01-16,Headphones,100,824,West
2024-01-17,Laptop,1,825,North
2024-01-18,Mouse,2,826,South
2024-01-19,Keyboard,3,827,East
2024-01-20,Monitor,4,828,West
2024-01-21,Headphones,5,829,North
2024-01-22,Laptop,6,830,South
2024-01-23,Mouse,7,831,East
2024-01-24,Keyboard,8,832,West
2024-01-25,Monitor,9,833,North
2024-01-26,Headphones,10,834,South
2024-01-27,Laptop,11,835,East
2024-01-28,Mouse,12,836,West
2024-01-01,Keyboard,13,837,North
2024-01-02,Monitor,14,838,South
2024-01-03,Headphones,15,839,East
2024-01-04,Laptop,16,840,West
2024-01-05,Mouse,17,841,North
2024-01-06,Keyboard,18,842,South
2024-01-07,Monitor,19,843,East
2024-01-08,Headphones,20,844,West
2024-01-09,Laptop,21,845,North
2024-01-10,Mouse,22,846,South
2024-01-11,Keyboard,23,847,East
2024-01-12,Monitor,24,848,West
2024-01-13,Headphones,25,849,North
2024-01-14,Laptop,26,850,South
2024-01-15,Mouse,27,851,East
2024-01-16,Keyboard,28,852,West
2024-01-17,Monitor,29,853,North
2024-01-18,Headphones,30,854,South
2024-01-19,Laptop,31,855,East
2024-01-20,Mouse,32,856,West
2024-01-21,Keyboard,33,857,North
2024-01-22,Monitor,34,858,South
2024-01-23,Headphones,35,859,East
2024-01-24,Laptop,36,860,West
2024-01-25,Mouse,37,861,North
2024-01-26,Keyboard,38,862,South
2024-01-27,Monitor,39,863,East
2024-01-28,Headphones,40,864,West
2024-01-01,Laptop,41,865,North
2024-01-02,Mouse,42,866,South
2024-01-03,Keyboard,43,867,East
2024-01-04,Monitor,44,868,West
2024-01-05,Headphones,45,869,North
2024-01-06,Laptop,46,870,South
2024-01-07,Mouse,47,871,East
2024-01-08,Keyboard,48,872,West
2024-01-09,Monitor,49,873,North
2024-01-10,Headphones,50,874,South
2024-01-11,Laptop,51,875,East
2024-01-12,Mouse,52,876,West
2024-01-13,Keyboard,53,877,North
2024-01-14,Monitor,54,878,South
2024-01-15,Headphones,55,879,East
2024-01-16,Laptop,56,880,West
2024-01-17,Mouse,57,881,North
2024-01-18,Keyboard,58,882,South
2024-01-19,Monitor,59,883,East
2024-01-20,Headphones,60,884,West
2024-01-21,Laptop,61,885,North
2024-01-22,Mouse,62,886,South
2024-01-23,Keyboard,63,887,East
2024-01-24,Monitor,64,888,West
2024-01-25,Headphones,65,889,North
2024-01-26,Laptop,66,890,South
2024-01-27,Mouse,67,891,East
2024-01-28,Keyboard,68,892,West
2024-01-01,Monitor,69,893,North
2024-01-02,Headphones,70,894,South
2024-01-03,Laptop,71,895,East
2024-01-04,Mouse,72,896,West
2024-01-05,Keyboard,73,897,North
2024-01-06,Monitor,74,898,South
2024-01-07,Headphones,75,899,East
2024-01-08,Laptop,76,900,West
2024-01-09,Mouse,77,901,North
2024-01-10,Keyboard,78,902,South
2024-01-11,Monitor,79,903,East
2024-01-12,Headphones,80,904,West
2024-01-13,Laptop,81,905,North
2024-01-14,Mouse,82,906,South
2024-01-15,Keyboard,83,907,East
2024-01-16,Monitor,84,908,West
2024-01-17,Headphones,85,909,North
2024-01-18,Laptop,86,910,South
2024-01-19,Mouse,87,911,East
2024-01-20,Keyboard,88,912,West
2024-01-21,Monitor,89,913,North
2024-01-22,Headphones,90,914,South
2024-01-23,Laptop,91,915,East
2024-01-24,Mouse,92,916,West
2024-01-25,Keyboard,93,917,North
2024-01-26,Monitor,94,918,South
2024-01-27,Headphones,95,919,East
2024-01-28,Laptop,96,920,West
2024-01-01,Mouse,97,921,North
2024-01-02,Keyboard,98,922,South
2024-01-03,Monitor,99,923,East
2024-01-04,Headphones,100,924,West
2024-01-05,Laptop,1,925,North
2024-01-06,Mouse,2,926,South
2024-01-07,Keyboard,3,927,East
2024-01-08,Monitor,4,928,West
2024-01-09,Headphones,5,929,North
2024-01-10,Laptop,6,930,South
2024-01-11,Mouse,7,931,East
2024-01-12,Keyboard,8,932,West
2024-01-13,Monitor,9,933,North
2024-01-14,Headphones,10,934,South
2024-01-15,Laptop,11,935,East
2024-01-16,Mouse,12,936,West
2024-01-17,Keyboard,13,937,North
2024-01-18,Monitor,14,938,South
2024-01-19,Headphones,15,939,East
2024-01-20,Laptop,16,940,West
2024-01-21,Mouse,17,941,North
2024-01-22,Keyboard,18,942,South
2024-01-23,Monitor,19,943,East
2024-01-24,Headphones,20,944,West
2024-01-25,Laptop,21,945,North
2024-01-26,Mouse,22,946,South
2024-01-27,Keyboard,23,947,East
2024-01-28,Monitor,24,948,West
2024-01-01,Headphones,25,949,North
2024-01-02,Laptop,26,950,South
2024-01-03,Mouse,27,951,East
2024-01-04,Keyboard,28,952,West
2024-01-05,Monitor,29,953,North
2024-01-06,Headphones,30,954,South
2024-01-07,Laptop,31,955,East
2024-01-08,Mouse,32,956,West
2024-01-09,Keyboard,33,957,North
2024-01-10,Monitor,34,958,South
2024-01-11,Headphones,35,959,East
2024-01-12,Laptop,36,960,West
2024-01-13,Mouse,37,961,North
2024-01-14,Keyboard,38,962,South
2024-01-15,Monitor,39,963,East
2024-01-16,Headphones,40,964,West
2024-01-17,Laptop,41,965,North
2024-01-18,Mouse,42,966,South
2024-01-19,Keyboard,43,967,East
2024-01-20,Monitor,44,968,West
2024-01-21,Headphones,45,969,North
2024-01-22,Laptop,46,970,South
2024-01-23,Mouse,47,971,East
2024-01-24,Keyboard,48,972,West
2024-01-25,Monitor,49,973,North
2024-01-26,Headphones,50,974,South
2024-01-27,Laptop,51,975,East
2024-01-28,Mouse,52,976,West
2024-01-01,Keyboard,53,977,North
2024-01-02,Monitor,54,978,South
2024-01-03,Headphones,55,979,East
2024-01-04,Laptop,56,980,West
2024-01-05,Mouse,57,981,North
2024-01-06,Keyboard,58,982,South
2024-01-07,Monitor,59,983,East
2024-01-08,Headphones,60,984,West
2024-01-09,Laptop,61,985,North
2024-01-10,Mouse,62,986,South
2024-01-11,Keyboard,63,987,East
2024-01-12,Monitor,64,988,West
2024-01-13,Headphones,65,989,North
2024-01-14,Laptop,66,990,South
2024-01-15,Mouse,67,991,East
2024-01-16,Keyboard,68,992,West
2024-01-17,Monitor,69,993,North
2024-01-18,Headphones,70,994,South
2024-01-19,Laptop,71,995,East
2024-01-20,Mouse,72,996,West
2024-01-21,Keyboard,73,997,North
2024-01-22,Monitor,74,998,South
2024-01-23,Headphones,75,999,East
2024-01-24,Laptop,76,1000,West
2024-01-25,Mouse,77,1001,North
2024-01-26,Keyboard,78,1002,South
2024-01-27,Monitor,79,1003,East
2024-01-28,Headphones,80,1004,West
2024-01-01,Laptop,81,1005,North
2024-01-02,Mouse,82,1006,South
2024-01-03,Keyboard,83,1007,East
2024-01-04,Monitor,84,1008,West
2024-01-05,Headphones,85,1009,North
2024-01-06,Laptop,86,1010,South
2024-01-07,Mouse,87,1011,East
2024-01-08,Keyboard,88,1012,West
2024-01-09,Monitor,89,1013,North
2024-01-10,Headphones,90,1014,South
2024-01-11,Laptop,91,1015,East
2024-01-12,Mouse,92,1016,West
2024-01-13,Keyboard,93,1017,North
2024-01-14,Monitor,94,1018,South
2024-01-15,Headphones,95,1019,East
2024-01-16,Laptop,96,1020,West
2024-01-17,Mouse,97,1021,North
2024-01-18,Keyboard,98,1022,South
2024-01-19,Monitor,99,1023,East
2024-01-20,Headphones,100,1024,West
2024-01-21,Laptop,1,1025,North
2024-01-22,Mouse,2,1026,South
2024-01-23,Keyboard,3,1027,East
2024-01-24,Monitor,4,1028,West
2024-01-25,Headphones,5,1029,North
2024-01-26,Laptop,6,1030,South
2024-01-27,Mouse,7,1031,East
2024-01-28,Keyboard,8,1032,West
2024-01-01,Monitor,9,1033,North
2024-01-02,Headphones,10,1034,South
2024-01-03,Laptop,11,1035,East
2024-01-04,Mouse,12,1036,West
2024-01-05,Keyboard,13,1037,North
2024-01-06,Monitor,14,1038,South
2024-01-07,Headphones,15,1039,East
2024-01-08,Laptop,16,1040,West
2024-01-09,Mouse,17,1041,North
2024-01-10,Keyboard,18,1042,South
2024-01-11,Monitor,19,1043,East
2024-01-12,Headphones,20,1044,West
2024-01-13,Laptop,21,1045,North
2024-01-14,Mouse,22,1046,South
2024-01-15,Keyboard,23,1047,East
2024-01-16,Monitor,24,1048,West
2024-01-17,Headphones,25,1049,North
2024-01-18,Laptop,26,1050,South
2024-01-19,Mouse,27,1051,East
2024-01-20,Keyboard,28,1052,West
2024-01-21,Monitor,29,1053,North
2024-01-22,Headphones,30,1054,South
2024-01-23,Laptop,31,1055,East
2024-01-24,Mouse,32,1056,West
2024-01-25,Keyboard,33,1057,North
2024-01-26,Monitor,34,1058,South
2024-01-27,Headphones,35,1059,East
2024-01-28,Laptop,36,1060,West
2024-01-01,Mouse,37,1061,North
2024-01-02,Keyboard,38,1062,South
2024-01-03,Monitor,39,1063,East
2024-01-04,Headphones,40,1064,West
2024-01-05,Laptop,41,1065,North
2024-01-06,Mouse,42,1066,South
2024-01-07,Keyboard,43,1067,East
2024-01-08,Monitor,44,1068,West
2024-01-09,Headphones,45,1069,North
2024-01-10,Laptop,46,1070,South
2024-01-11,Mouse,47,1071,East
2024-01-12,Keyboard,48,1072,West
2024-01-13,Monitor,49,1073,North
2024-01-14,Headphones,50,1074,South
2024-01-15,Laptop,51,1075,East
2024-01-16,Mouse,52,1076,West
2024-01-17,Keyboard,53,1077,North
2024-01-18,Monitor,54,1078,South
2024-01-19,Headphones,55,1079,East
2024-01-20,Laptop,56,1080,West
2024-01-21,Mouse,57,1081,North
2024-01-22,Keyboard,58,1082,South
2024-01-23,Monitor,59,1083,East
2024-01-24,Headphones,60,1084,West
2024-01-25,Laptop,61,1085,North
2024-01-26,Mouse,62,1086,South
2024-01-27,Keyboard,63,1087,East
2024-01-28,Monitor,64,1088,West
2024-01-01,Headphones,65,1089,North
2024-01-02,Laptop,66,1090,South
2024-01-03,Mouse,67,1091,East
2024-01-04,Keyboard,68,1092,West
2024-01-05,Monitor,69,1093,North
2024-01-06,Headphones,70,1094,South
2024-01-07,Laptop,71,1095,East
2024-01-08,Mouse,72,1096,West
2024-01-09,Keyboard,73,1097,North
2024-01-10,Monitor,74,1098,South
2024-01-11,Headphones,75,1099,East
2024-01-12,Laptop,76,1100,West
2024-01-13,Mouse,77,1101,North
2024-01-14,Keyboard,78,1102,South
2024-01-15,Monitor,79,1103,East
2024-01-16,Headphones,80,1104,West
2024-01-17,Laptop,81,1105,North
2024-01-18,Mouse,82,1106,South
2024-01-19,Keyboard,83,1107,East
2024-01-20,Monitor,84,1108,West
2024-01-21,Headphones,85,1109,North
2024-01-22,Laptop,86,1110,South
2024-01-23,Mouse,87,1111,East
2024-01-24,Keyboard,88,1112,West
2024-01-25,Monitor,89,1113,North
2024-01-26,Headphones,90,1114,South
2024-01-27,Laptop,91,1115,East
2024-01-28,Mouse,92,1116,West
2024-01-01,Keyboard,93,1117,North
2024-01-02,Monitor,94,1118,South
2024-01-03,Headphones,95,1119,East
2024-01-04,Laptop,96,1120,West
2024-01-05,Mouse,97,1121,North
2024-01-06,Keyboard,98,1122,South
2024-01-07,Monitor,99,1123,East
2024-01-08,Headphones,100,1124,West
2024-01-09,Laptop,1,1125,North
2024-01-10,Mouse,2,1126,South
2024-01-11,Keyboard,3,1127,East
2024-01-12,Monitor,4,1128,West
2024-01-13,Headphones,5,1129,North
2024-01-14,Laptop,6,1130,South
2024-01-15,Mouse,7,1131,East
2024-01-16,Keyboard,8,1132,West
2024-01-17,Monitor,9,1133,North
2024-01-18,Headphones,10,1134,South
2024-01-19,Laptop,11,1135,East
2024-01-20,Mouse,12,1136,West
2024-01-21,Keyboard,13,1137,North
2024-01-22,Monitor,14,1138,South
2024-01-23,Headphones,15,1139,East
2024-01-24,Laptop,16,1140,West
2024-01-25,Mouse,17,1141,North
2024-01-26,Keyboard,18,1142,South
2024-01-27,Monitor,19,1143,East
2024-01-28,Headphones,20,1144,West
2024-01-01,Laptop,21,1145,North
2024-01-02,Mouse,22,1146,South
2024-01-03,Keyboard,23,1147,East
2024-01-04,Monitor,24,1148,West
2024-01-05,Headphones,25,1149,North
2024-01-06,Laptop,26,1150,South
2024-01-07,Mouse,27,1151,East
2024-01-08,Keyboard,28,1152,West
2024-01-09,Monitor,29,1153,North
2024-01-10,Headphones,30,1154,South
2024-01-11,Laptop,31,1155,East
2024-01-12,Mouse,32,1156,West
2024-01-13,Keyboard,33,1157,North
2024-01-14,Monitor,34,1158,South
2024-01-15,Headphones,35,1159,East
2024-01-16,Laptop,36,1160,West
2024-01-17,Mouse,37,1161,North
2024-01-18,Keyboard,38,1162,South
2024-01-19,Monitor,39,1163,East
2024-01-20,Headphones,40,1164,West
2024-01-21,Laptop,41,1165,North
2024-01-22,Mouse,42,1166,South
2024-01-23,Keyboard,43,1167,East
2024-01-24,Monitor,44,1168,West
2024-01-25,Headphones,45,1169,North
2024-01-26,Laptop,46,1170,South
2024-01-27,Mouse,47,1171,East
2024-01-28,Keyboard,48,1172,West
2024-01-01,Monitor,49,1173,North
2024-01-02,Headphones,50,1174,South
2024-01-03,Laptop,51,1175,East
2024-01-04,Mouse,52,1176,West
2024-01-05,Keyboard,53,1177,North
2024-01-06,Monitor,54,1178,South
2024-01-07,Headphones,55,1179,East
2024-01-08,Laptop,56,1180,West
2024-01-09,Mouse,57,1181,North
2024-01-10,Keyboard,58,1182,South
2024-01-11,Monitor,59,1183,East
2024-01-12,Headphones,60,1184,West
2024-01-13,Laptop,61,1185,North
2024-01-14,Mouse,62,1186,South
2024-01-15,Keyboard,63,1187,East
2024-01-16,Monitor,64,1188,West
2024-01-17,Headphones,65,1189,North
2024-01-18,Laptop,66,1190,South
2024-01-19,Mouse,67,1191,East
2024-01-20,Keyboard,68,1192,West
2024-01-21,Monitor,69,1193,North
2024-01-22,Headphones,70,1194,South
2024-01-23,Laptop,71,1195,East
2024-01-24,Mouse,72,1196,West
2024-01-25,Keyboard,73,1197,North
2024-01-26,Monitor,74,1198,South
2024-01-27,Headphones,75,1199,East
2024-01-28,Laptop,76,1200,West
2024-01-01,Mouse,77,1201,North
2024-01-02,Keyboard,78,1202,South
2024-01-03,Monitor,79,1203,East
2024-01-04,Headphones,80,1204,West
2024-01-05,Laptop,81,1205,North
2024-01-06,Mouse,82,1206,South
2024-01-07,Keyboard,83,1207,East
2024-01-08,Monitor,84,1208,West
2024-01-09,Headphones,85,1209,North
2024-01-10,Laptop,86,1210,South
2024-01-11,Mouse,87,1211,East
2024-01-12,Keyboard,88,1212,West
2024-01-13,Monitor,89,1213,North
2024-01-14,Headphones,90,1214,South
2024-01-15,Laptop,91,1215,East
2024-01-16,Mouse,92,1216,West
2024-01-17,Keyboard,93,1217,North
2024-01-18,Monitor,94,1218,South
2024-01-19,Headphones,95,1219,East
2024-01-20,Laptop,96,1220,West
2024-01-21,Mouse,97,1221,North
2024-01-22,Keyboard,98,1222,South
2024-01-23,Monitor,99,1223,East
2024-01-24,Headphones,100,1224,West
2024-01-25,Laptop,1,1225,North
2024-01-26,Mouse,2,1226,South
2024-01-27,Keyboard,3,1227,East
2024-01-28,Monitor,4,1228,West
2024-01-01,Headphones,5,1229,North
2024-01-02,Laptop,6,1230,South
2024-01-03,Mouse,7,1231,East
2024-01-04,Keyboard,8,1232,West
2024-01-05,Monitor,9,1233,North
2024-01-06,Headphones,10,1234,South
2024-01-07,Laptop,11,1235,East
2024-01-08,Mouse,12,1236,West
2024-01-09,Keyboard,13,1237,North
2024-01-10,Monitor,14,1238,South
2024-01-11,Headphones,15,1239,East
2024-01-12,Laptop,16,1240,West
2024-01-13,Mouse,17,1241,North
2024-01-14,Keyboard,18,1242,South
2024-01-15,Monitor,19,1243,East
2024-01-16,Headphones,20,1244,West
2024-01-17,Laptop,21,1245,North
2024-01-18,Mouse,22,1246,South
2024-01-19,Keyboard,23,1247,East
2024-01-20,Monitor,24,1248,West
2024-01-21,Headphones,25,1249,North
2024-01-22,Laptop,26,1250,South
2024-01-23,Mouse,27,1251,East
2024-01-24,Keyboard,28,1252,West
2024-01-25,Monitor,29,1253,North
2024-01-26,Headphones,30,1254,South
2024-01-27,Laptop,31,1255,East
2024-01-28,Mouse,32,1256,West
2024-01-01,Keyboard,33,1257,North
2024-01-02,Monitor,34,1258,South
2024-01-03,Headphones,35,1259,East
2024-01-04,Laptop,36,1260,West
2024-01-05,Mouse,37,1261,North
2024-01-06,Keyboard,38,1262,South
2024-01-07,Monitor,39,1263,East
2024-01-08,Headphones,40,1264,West
2024-01-09,Laptop,41,1265,North
2024-01-10,Mouse,42,1266,South
2024-01-11,Keyboard,43,1267,East
2024-01-12,Monitor,44,1268,West
2024-01-13,Headphones,45,1269,North
2024-01-14,Laptop,46,1270,South
2024-01-15,Mouse,47,1271,East
2024-01-16,Keyboard,48,1272,West
2024-01-17,Monitor,49,1273,North
2024-01-18,Headphones,50,1274,South
2024-01-19,Laptop,51,1275,East
2024-01-20,Mouse,52,1276,West
2024-01-21,Keyboard,53,1277,North
2024-01-22,Monitor,54,1278,South
2024-01-23,Headphones,55,1279,East
2024-01-24,Laptop,56,1280,West
2024-01-25,Mouse,57,1281,North
2024-01-26,Keyboard,58,1282,South
2024-01-27,Monitor,59,1283,East
2024-01-28,Headphones,60,1284,West
2024-01-01,Laptop,61,1285,North
2024-01-02,Mouse,62,1286,South
2024-01-03,Keyboard,63,1287,East
2024-01-04,Monitor,64,1288,West
2024-01-05,Headphones,65,1289,North
2024-01-06,Laptop,66,1290,South
2024-01-07,Mouse,67,1291,East
2024-01-08,Keyboard,68,1292,West
2024-01-09,Monitor,69,1293,North
2024-01-10,Headphones,70,1294,South
2024-01-11,Laptop,71,1295,East
2024-01-12,Mouse,72,1296,West
2024-01-13,Keyboard,73,1297,North
2024-01-14,Monitor,74,1298,South
2024-01-15,Headphones,75,1299,East
2024-01-16,Laptop,76,1300,West
2024-01-17,Mouse,77,1301,North
2024-01-18,Keyboard,78,1302,South
2024-01-19,Monitor,79,1303,East
2024-01-20,Headphones,80,1304,West
2024-01-21,Laptop,81,1305,North
2024-01-22,Mouse,82,1306,South
2024-01-23,Keyboard,83,1307,East
2024-01-24,Monitor,84,1308,West
2024-01-25,Headphones,85,1309,North
2024-01-26,Laptop,86,1310,South
2024-01-27,Mouse,87,1311,East
2024-01-28,Keyboard,88,1312,West
2024-01-01,Monitor,89,1313,North
2024-01-02,Headphones,90,1314,South
2024-01-03,Laptop,91,1315,East
2024-01-04,Mouse,92,1316,West
2024-01-05,Keyboard,93,1317,North
2024-01-06,Monitor,94,1318,South
2024-01-07,Headphones,95,1319,East
2024-01-08,Laptop,96,1320,West
2024-01-09,Mouse,97,1321,North
2024-01-10,Keyboard,98,1322,South
2024-01-11,Monitor,99,1323,East
2024-01-12,Headphones,100,1324,West
2024-01-13,Laptop,1,1325,North
2024-01-14,Mouse,2,1326,South
2024-01-15,Keyboard,3,1327,East
2024-01-16,Monitor,4,1328,West
2024-01-17,Headphones,5,1329,North
2024-01-18,Laptop,6,1330,South
2024-01-19,Mouse,7,1331,East
2024-01-20,Keyboard,8,1332,West
2024-01-21,Monitor,9,1333,North
2024-01-22,Headphones,10,1334,South
2024-01-23,Laptop,11,1335,East
2024-01-24,Mouse,12,1336,West
2024-01-25,Keyboard,13,1337,North
2024-01-26,Monitor,14,1338,South
2024-01-27,Headphones,15,1339,East
2024-01-28,Laptop,16,1340,West
2024-01-01,Mouse,17,1341,North
2024-01-02,Keyboard,18,1342,South
2024-01-03,Monitor,19,1343,East
2024-01-04,Headphones,20,1344,West
2024-01-05,Laptop,21,1345,North
2024-01-06,Mouse,22,1346,South
2024-01-07,Keyboard,23,1347,East
2024-01-08,Monitor,24,1348,West
2024-01-09,Headphones,25,1349,North
2024-01-10,Laptop,26,1350,South
2024-01-11,Mouse,27,1351,East
2024-01-12,Keyboard,28,1352,West
2024-01-13,Monitor,29,1353,North
2024-01-14,Headphones,30,1354,South
2024-01-15,Laptop,31,1355,East
2024-01-16,Mouse,32,1356,West
2024-01-17,Keyboard,33,1357,North
2024-01-18,Monitor,34,1358,South
2024-01-19,Headphones,35,1359,East
2024-01-20,Laptop,36,1360,West
2024-01-21,Mouse,37,1361,North
2024-01-22,Keyboard,38,1362,South
2024-01-23,Monitor,39,1363,East
2024-01-24,Headphones,40,1364,West
2024-01-25,Laptop,41,1365,North
2024-01-26,Mouse,42,1366,South
2024-01-27,Keyboard,43,1367,East
2024-01-28,Monitor,44,1368,West
2024-01-01,Headphones,45,1369,North
2024-01-02,Laptop,46,1370,South
2024-01-03,Mouse,47,1371,East
2024-01-04,Keyboard,48,1372,West
2024-01-05,Monitor,49,1373,North
2024-01-06,Headphones,50,1374,South
2024-01-07,Laptop,51,1375,East
2024-01-08,Mouse,52,1376,West
2024-01-09,Keyboard,53,1377,North
2024-01-10,Monitor,54,1378,South
2024-01-11,Headphones,55,1379,East
2024-01-12,Laptop,56,1380,West
2024-01-13,Mouse,57,1381,North
2024-01-14,Keyboard,58,1382,South
2024-01-15,Monitor,59,1383,East
2024-01-16,Headphones,60,1384,West
2024-01-17,Laptop,61,1385,North
2024-01-18,Mouse,62,1386,South
2024-01-19,Keyboard,63,1387,East
2024-01-20,Monitor,64,1388,West
2024-01-21,Headphones,65,1389,North
2024-01-22,Laptop,66,1390,South
2024-01-23,Mouse,67,1391,East
2024-01-24,Keyboard,68,1392,West
2024-01-25,Monitor,69,1393,North
2024-01-26,Headphones,70,1394,South
2024-01-27,Laptop,71,1395,East
2024-01-28,Mouse,72,1396,West
2024-01-01,Keyboard,73,1397,North
2024-01-02,Monitor,74,1398,South
2024-01-03,Headphones,75,1399,East
2024-01-04,Laptop,76,1400,West
2024-01-05,Mouse,77,1401,North
2024-01-06,Keyboard,78,1402,South
2024-01-07,Monitor,79,1403,East
2024-01-08,Headphones,80,1404,West
2024-01-09,Laptop,81,1405,North
2024-01-10,Mouse,82,1406,South
2024-01-11,Keyboard,83,1407,East
2024-01-12,Monitor,84,1408,West
2024-01-13,Headphones,85,1409,North
2024-01-14,Laptop,86,1410,South
2024-01-15,Mouse,87,1411,East
2024-01-16,Keyboard,88,1412,West
2024-01-17,Monitor,89,1413,North
2024-01-18,Headphones,90,1414,South
2024-01-19,Laptop,91,1415,East
2024-01-20,Mouse,92,1416,West
2024-01-21,Keyboard,93,1417,North
2024-01-22,Monitor,94,1418,South
2024-01-23,Headphones,95,1419,East
2024-01-24,Laptop,96,1420,West
2024-01-25,Mouse,97,1421,North
2024-01-26,Keyboard,98,1422,South
2024-01-27,Monitor,99,1423,East
2024-01-28,Headphones,100,1424,West
2024-01-01,Laptop,1,1425,North
2024-01-02,Mouse,2,1426,South
2024-01-03,Keyboard,3,1427,East
2024-01-04,Monitor,4,1428,West
2024-01-05,Headphones,5,1429,North
2024-01-06,Laptop,6,1430,South
2024-01-07,Mouse,7,1431,East
2024-01-08,Keyboard,8,1432,West
2024-01-09,Monitor,9,1433,North
2024-01-10,Headphones,10,1434,South
2024-01-11,Laptop,11,1435,East
2024-01-12,Mouse,12,1436,West
2024-01-13,Keyboard,13,1437,North
2024-01-14,Monitor,14,1438,South
2024-01-15,Headphones,15,1439,East
2024-01-16,Laptop,16,1440,West
2024-01-17,Mouse,17,1441,North
2024-01-18,Keyboard,18,1442,South
2024-01-19,Monitor,19,1443,East
2024-01-20,Headphones,20,1444,West
2024-01-21,Laptop,21,1445,North
2024-01-22,Mouse,22,1446,South
2024-01-23,Keyboard,23,1447,East
2024-01-24,Monitor,24,1448,West
2024-01-25,Headphones,25,1449,North
2024-01-26,Laptop,26,1450,South
2024-01-27,Mouse,27,1451,East
2024-01-28,Keyboard,28,1452,West
2024-01-01,Monitor,29,1453,North
2024-01-02,Headphones,30,1454,South
2024-01-03,Laptop,31,1455,East
2024-01-04,Mouse,32,1456,West
2024-01-05,Keyboard,33,1457,North
2024-01-06,Monitor,34,1458,South
2024-01-07,Headphones,35,1459,East
2024-01-08,Laptop,36,1460,West
2024-01-09,Mouse,37,1461,North
2024-01-10,Keyboard,38,1462,South
2024-01-11,Monitor,39,1463,East
2024-01-12,Headphones,40,1464,West
2024-01-13,Laptop,41,1465,North
2024-01-14,Mouse,42,1466,South
2024-01-15,Keyboard,43,1467,East
2024-01-16,Monitor,44,1468,West
2024-01-17,Headphones,45,1469,North
2024-01-18,Laptop,46,1470,South
2024-01-19,Mouse,47,1471,East
2024-01-20,Keyboard,48,1472,West
2024-01-21,Monitor,49,1473,North
2024-01-22,Headphones,50,1474,South
2024-01-23,Laptop,51,1475,East
2024-01-24,Mouse,52,1476,West
2024-01-25,Keyboard,53,1477,North
2024-01-26,Monitor,54,1478,South
2024-01-27,Headphones,55,1479,East
2024-01-28,Laptop,56,1480,West
2024-01-01,Mouse,57,1481,North
2024-01-02,Keyboard,58,1482,South
2024-01-03,Monitor,59,1483,East
2024-01-04,Headphones,60,1484,West
2024-01-05,Laptop,61,1485,North
2024-01-06,Mouse,62,1486,South
2024-01-07,Keyboard,63,1487,East
2024-01-08,Monitor,64,1488,West
2024-01-09,Headphones,65,1489,North
2024-01-10,Laptop,66,1490,South
2024-01-11,Mouse,67,1491,East
2024-01-12,Keyboard,68,1492,West
2024-01-13,Monitor,69,1493,North
2024-01-14,Headphones,70,1494,South
2024-01-15,Laptop,71,1495,East
2024-01-16,Mouse,72,1496,West
2024-01-17,Keyboard,73,1497,North
2024-01-18,Monitor,74,1498,South
2024-01-19,Headphones,75,1499,East
2024-01-20,Laptop,76,1500,West
2024-01-21,Mouse,77,1501,North
2024-01-22,Keyboard,78,1502,South
2024-01-23,Monitor,79,1503,East
2024-01-24,Headphones,80,1504,West
2024-01-25,Laptop,81,1505,North
2024-01-26,Mouse,82,1506,South
2024-01-27,Keyboard,83,1507,East
2024-01-28,Monitor,84,1508,West
2024-01-01,Headphones,85,1509,North
2024-01-02,Laptop,86,1510,South
2024-01-03,Mouse,87,1511,East
2024-01-04,Keyboard,88,1512,West
2024-01-05,Monitor,89,1513,North
2024-01-06,Headphones,90,1514,South
2024-01-07,Laptop,91,1515,East
2024-01-08,Mouse,92,1516,West
2024-01-09,Keyboard,93,1517,North
2024-01-10,Monitor,94,1518,South
2024-01-11,Headphones,95,1519,East
2024-01-12,Laptop,96,1520,West
2024-01-13,Mouse,97,1521,North
2024-01-14,Keyboard,98,1522,South
2024-01-15,Monitor,99,1523,East
2024-01-16,Headphones,100,1524,West
2024-01-17,Laptop,1,25,North
2024-01-18,Mouse,2,26,South
2024-01-19,Keyboard,3,27,East
2024-01-20,Monitor,4,28,West
2024-01-21,Headphones,5,29,North
2024-01-22,Laptop,6,30,South
2024-01-23,Mouse,7,31,East
2024-01-24,Keyboard,8,32,West
2024-01-25,Monitor,9,33,North
2024-01-26,Headphones,10,34,South
2024-01-27,Laptop,11,35,East
2024-01-28,Mouse,12,36,West
2024-01-01,Keyboard,13,37,North
2024-01-02,Monitor,14,38,South
2024-01-03,Headphones,15,39,East
2024-01-04,Laptop,16,40,West
2024-01-05,Mouse,17,41,North
2024-01-06,Keyboard,18,42,South
2024-01-07,Monitor,19,43,East
2024-01-08,Headphones,20,44,West
2024-01-09,Laptop,21,45,North
2024-01-10,Mouse,22,46,South
2024-01-11,Keyboard,23,47,East
2024-01-12,Monitor,24,48,West
2024-01-13,Headphones,25,49,North
2024-01-14,Laptop,26,50,South
2024-01-15,Mouse,27,51,East
2024-01-16,Keyboard,28,52,West
2024-01-17,Monitor,29,53,North
2024-01-18,Headphones,30,54,South
2024-01-19,Laptop,31,55,East
2024-01-20,Mouse,32,56,West
2024-01-21,Keyboard,33,57,North
2024-01-22,Monitor,34,58,South
2024-01-23,Headphones,35,59,East
2024-01-24,Laptop,36,60,West
2024-01-25,Mouse,37,61,North
2024-01-26,Keyboard,38,62,South
2024-01-27,Monitor,39,63,East
2024-01-28,Headphones,40,64,West
2024-01-01,Laptop,41,65,North
2024-01-02,Mouse,42,66,South
2024-01-03,Keyboard,43,67,East
2024-01-04,Monitor,44,68,West
2024-01-05,Headphones,45,69,North
2024-01-06,Laptop,46,70,South
2024-01-07,Mouse,47,71,East
2024-01-08,Keyboard,48,72,West
2024-01-09,Monitor,49,73,North
2024-01-10,Headphones,50,74,South
2024-01-11,Laptop,51,75,East
2024-01-12,Mouse,52,76,West
2024-01-13,Keyboard,53,77,North
2024-01-14,Monitor,54,78,South
2024-01-15,Headphones,55,79,East
2024-01-16,Laptop,56,80,West
2024-01-17,Mouse,57,81,North
2024-01-18,Keyboard,58,82,South
2024-01-19,Monitor,59,83,East
2024-01-20,Headphones,60,84,West
2024-01-21,Laptop,61,85,North
2024-01-22,Mouse,62,86,South
2024-01-23,Keyboard,63,87,East
2024-01-24,Monitor,64,88,West
2024-01-25,Headphones,65,89,North
2024-01-26,Laptop,66,90,South
2024-01-27,Mouse,67,91,East
2024-01-28,Keyboard,68,92,West
2024-01-01,Monitor,69,93,North
2024-01-02,Headphones,70,94,South
2024-01-03,Laptop,71,95,East
2024-01-04,Mouse,72,96,West
2024-01-05,Keyboard,73,97,North
2024-01-06,Monitor,74,98,South
2024-01-07,Headphones,75,99,East
2024-01-08,Laptop,76,100,West
2024-01-09,Mouse,77,101,North
2024-01-10,Keyboard,78,102,South
2024-01-11,Monitor,79,103,East
2024-01-12,Headphones,80,104,West
2024-01-13,Laptop,81,105,North
2024-01-14,Mouse,82,106,South
2024-01-15,Keyboard,83,107,East
2024-01-16,Monitor,84,108,West
2024-01-17,Headphones,85,109,North
2024-01-18,Laptop,86,110,South
2024-01-19,Mouse,87,111,East
2024-01-20,Keyboard,88,112,West
2024-01-21,Monitor,89,113,North
2024-01-22,Headphones,90,114,South
2024-01-23,Laptop,91,115,East
2024-01-24,Mouse,92,116,West
2024-01-25,Keyboard,93,117,North
2024-01-26,Monitor,94,118,South
2024-01-27,Headphones,95,119,East
2024-01-28,Laptop,96,120,West
2024-01-01,Mouse,97,121,North
2024-01-02,Keyboard,98,122,South
2024-01-03,Monitor,99,123,East
2024-01-04,Headphones,100,124,West
2024-01-05,Laptop,1,125,North
2024-01-06,Mouse,2,126,South
2024-01-07,Keyboard,3,127,East
2024-01-08,Monitor,4,128,West
2024-01-09,Headphones,5,129,North
2024-01-10,Laptop,6,130,South
2024-01-11,Mouse,7,131,East
2024-01-12,Keyboard,8,132,West
2024-01-13,Monitor,9,133,North
2024-01-14,Headphones,10,134,South
2024-01-15,Laptop,11,135,East
2024-01-16,Mouse,12,136,West
2024-01-17,Keyboard,13,137,North
2024-01-18,Monitor,14,138,South
2024-01-19,Headphones,15,139,East
2024-01-20,Laptop,16,140,West
2024-01-21,Mouse,17,141,North
2024-01-22,Keyboard,18,142,South
2024-01-23,Monitor,19,143,East
2024-01-24,Headphones,20,144,West
2024-01-25,Laptop,21,145,North
2024-01-26,Mouse,22,146,South
2024-01-27,Keyboard,23,147,East
2024-01-28,Monitor,24,148,West
2024-01-01,Headphones,25,149,North
2024-01-02,Laptop,26,150,South
2024-01-03,Mouse,27,151,East
2024-01-04,Keyboard,28,152,West
2024-01-05,Monitor,29,153,North
2024-01-06,Headphones,30,154,South
2024-01-07,Laptop,31,155,East
2024-01-08,Mouse,32,156,West
2024-01-09,Keyboard,33,157,North
2024-01-10,Monitor,34,158,South
2024-01-11,Headphones,35,159,East
2024-01-12,Laptop,36,160,West
2024-01-13,Mouse,37,161,North
2024-01-14,Keyboard,38,162,South
2024-01-15,Monitor,39,163,East
2024-01-16,Headphones,40,164,West
2024-01-17,Laptop,41,165,North
2024-01-18,Mouse,42,166,South
2024-01-19,Keyboard,43,167,East
2024-01-20,Monitor,44,168,West
2024-01-21,Headphones,45,169,North
2024-01-22,Laptop,46,170,South
2024-01-23,Mouse,47,171,East
2024-01-24,Keyboard,48,172,West
2024-01-25,Monitor,49,173,North
2024-01-26,Headphones,50,174,South
2024-01-27,Laptop,51,175,East
2024-01-28,Mouse,52,176,West
2024-01-01,Keyboard,53,177,North
2024-01-02,Monitor,54,178,South
2024-01-03,Headphones,55,179,East
2024-01-04,Laptop,56,180,West
2024-01-05,Mouse,57,181,North
2024-01-06,Keyboard,58,182,South
2024-01-07,Monitor,59,183,East
2024-01-08,Headphones,60,184,West
2024-01-09,Laptop,61,185,North
2024-01-10,Mouse,62,186,South
2024-01-11,Keyboard,63,187,East
2024-01-12,Monitor,64,188,West
2024-01-13,Headphones,65,189,North
2024-01-14,Laptop,66,190,South
2024-01-15,Mouse,67,191,East
2024-01-16,Keyboard,68,192,West
2024-01-17,Monitor,69,193,North
2024-01-18,Headphones,70,194,South
2024-01-19,Laptop,71,195,East
2024-01-20,Mouse,72,196,West
2024-01-21,Keyboard,73,197,North
2024-01-22,Monitor,74,198,South
2024-01-23,Headphones,75,199,East
2024-01-24,Laptop,76,200,West
2024-01-25,Mouse,77,201,North
2024-01-26,Keyboard,78,202,South
2024-01-27,Monitor,79,203,East
2024-01-28,Headphones,80,204,West
2024-01-01,Laptop,81,205,North
2024-01-02,Mouse,82,206,South
2024-01-03,Keyboard,83,207,East
2024-01-04,Monitor,84,208,West
2024-01-05,Headphones,85,209,North
2024-01-06,Laptop,86,210,South
2024-01-07,Mouse,87,211,East
2024-01-08,Keyboard,88,212,West
2024-01-09,Monitor,89,213,North
2024-01-10,Headphones,90,214,South
2024-01-11,Laptop,91,215,East
2024-01-12,Mouse,92,216,West
2024-01-13,Keyboard,93,217,North
2024-01-14,Monitor,94,218,South
2024-01-15,Headphones,95,219,East
2024-01-16,Laptop,96,220,West
2024-01-17,Mouse,97,221,North
2024-01-18,Keyboard,98,222,South
2024-01-19,Monitor,99,223,East
2024-01-20,Headphones,100,224,West
2024-01-21,Laptop,1,225,North
2024-01-22,Mouse,2,226,South
2024-01-23,Keyboard,3,227,East
2024-01-24,Monitor,4,228,West
2024-01-25,Headphones,5,229,North
2024-01-26,Laptop,6,230,South
2024-01-27,Mouse,7,231,East
2024-01-28,Keyboard,8,232,West
2024-01-01,Monitor,9,233,North
2024-01-02,Headphones,10,234,South
2024-01-03,Laptop,11,235,East
2024-01-04,Mouse,12,236,West
2024-01-05,Keyboard,13,237,North
2024-01-06,Monitor,14,238,South
2024-01-07,Headphones,15,239,East
2024-01-08,Laptop,16,240,West
2024-01-09,Mouse,17,241,North
2024-01-10,Keyboard,18,242,South
2024-01-11,Monitor,19,243,East
2024-01-12,Headphones,20,244,West
2024-01-13,Laptop,21,245,North
2024-01-14,Mouse,22,246,South
2024-01-15,Keyboard,23,247,East
2024-01-16,Monitor,24,248,West
2024-01-17,Headphones,25,249,North
2024-01-18,Laptop,26,250,South
2024-01-19,Mouse,27,251,East
2024-01-20,Keyboard,28,252,West
2024-01-21,Monitor,29,253,North
2024-01-22,Headphones,30,254,South
2024-01-23,Laptop,31,255,East
2024-01-24,Mouse,32,256,West
2024-01-25,Keyboard,33,257,North
2024-01-26,Monitor,34,258,South
2024-01-27,Headphones,35,259,East
2024-01-28,Laptop,36,260,West
2024-01-01,Mouse,37,261,North
2024-01-02,Keyboard,38,262,South
2024-01-03,Monitor,39,263,East
2024-01-04,Headphones,40,264,West
2024-01-05,Laptop,41,265,North
2024-01-06,Mouse,42,266,South
2024-01-07,Keyboard,43,267,East
2024-01-08,Monitor,44,268,West
2024-01-09,Headphones,45,269,North
2024-01-10,Laptop,46,270,South
2024-01-11,Mouse,47,271,East
2024-01-12,Keyboard,48,272,West
2024-01-13,Monitor,49,273,North
2024-01-14,Headphones,50,274,South
2024-01-15,Laptop,51,275,East
2024-01-16,Mouse,52,276,West
2024-01-17,Keyboard,53,277,North
2024-01-18,Monitor,54,278,South
2024-01-19,Headphones,55,279,East
2024-01-20,Laptop,56,280,West
2024-01-21,Mouse,57,281,North
2024-01-22,Keyboard,58,282,South
2024-01-23,Monitor,59,283,East
2024-01-24,Headphones,60,284,West
2024-01-25,Laptop,61,285,North
2024-01-26,Mouse,62,286,South
2024-01-27,Keyboard,63,287,East
2024-01-28,Monitor,64,288,West
2024-01-01,Headphones,65,289,North
2024-01-02,Laptop,66,290,South
2024-01-03,Mouse,67,291,East
2024-01-04,Keyboard,68,292,West
2024-01-05,Monitor,69,293,North
2024-01-06,Headphones,70,294,South
2024-01-07,Laptop,71,295,East
2024-01-08,Mouse,72,296,West
2024-01-09,Keyboard,73,297,North
2024-01-10,Monitor,74,298,South
2024-01-11,Headphones,75,299,East
2024-01-12,Laptop,76,300,West
2024-01-13,Mouse,77,301,North
2024-01-14,Keyboard,78,302,South
2024-01-15,Monitor,79,303,East
2024-01-16,Headphones,80,304,West
2024-01-17,Laptop,81,305,North
2024-01-18,Mouse,82,306,South
2024-01-19,Keyboard,83,307,East
2024-01-20,Monitor,84,308,West
2024-01-21,Headphones,85,309,North
2024-01-22,Laptop,86,310,South
2024-01-23,Mouse,87,311,East
2024-01-24,Keyboard,88,312,West
2024-01-25,Monitor,89,313,North
2024-01-26,Headphones,90,314,South
2024-01-27,Laptop,91,315,East
2024-01-28,Mouse,92,316,West
2024-01-01,Keyboard,93,317,North
2024-01-02,Monitor,94,318,South
2024-01-03,Headphones,95,319,East
2024-01-04,Laptop,96,320,West
2024-01-05,Mouse,97,321,North
2024-01-06,Keyboard,98,322,South
2024-01-07,Monitor,99,323,East
2024-01-08,Headphones,100,324,West
2024-01-09,Laptop,1,325,North
2024-01-10,Mouse,2,326,South
2024-01-11,Keyboard,3,327,East
2024-01-12,Monitor,4,328,West
2024-01-13,Headphones,5,329,North
2024-01-14,Laptop,6,330,South
2024-01-15,Mouse,7,331,East
2024-01-16,Keyboard,8,332,West
2024-01-17,Monitor,9,333,North
2024-01-18,Headphones,10,334,South
2024-01-19,Laptop,11,335,East
2024-01-20,Mouse,12,336,West
2024-01-21,Keyboard,13,337,North
2024-01-22,Monitor,14,338,South
2024-01-23,Headphones,15,339,East
2024-01-24,Laptop,16,340,West
2024-01-25,Mouse,17,341,North
2024-01-26,Keyboard,18,342,South
2024-01-27,Monitor,19,343,East
2024-01-28,Headphones,20,344,West
2024-01-01,Laptop,21,345,North
2024-01-02,Mouse,22,346,South
2024-01-03,Keyboard,23,347,East
2024-01-04,Monitor,24,348,West
2024-01-05,Headphones,25,349,North
2024-01-06,Laptop,26,350,South
2024-01-07,Mouse,27,351,East
2024-01-08,Keyboard,28,352,West
2024-01-09,Monitor,29,353,North
2024-01-10,Headphones,30,354,South
2024-01-11,Laptop,31,355,East
2024-01-12,Mouse,32,356,West
2024-01-13,Keyboard,33,357,North
2024-01-14,Monitor,34,358,South
2024-01-15,Headphones,35,359,East
2024-01-16,Laptop,36,360,West
2024-01-17,Mouse,37,361,North
2024-01-18,Keyboard,38,362,South
2024-01-19,Monitor,39,363,East
2024-01-20,Headphones,40,364,West
2024-01-21,Laptop,41,365,North
2024-01-22,Mouse,42,366,South
2024-01-23,Keyboard,43,367,East
2024-01-24,Monitor,44,368,West
2024-01-25,Headphones,45,369,North
2024-01-26,Laptop,46,370,South
2024-01-27,Mouse,47,371,East
2024-01-28,Keyboard,48,372,West
2024-01-01,Monitor,49,373,North
2024-01-02,Headphones,50,374,South
2024-01-03,Laptop,51,375,East
2024-01-04,Mouse,52,376,West
2024-01-05,Keyboard,53,377,North
2024-01-06,Monitor,54,378,South
2024-01-07,Headphones,55,379,East
2024-01-08,Laptop,56,380,West
2024-01-09,Mouse,57,381,North
2024-01-10,Keyboard,58,382,South
2024-01-11,Monitor,59,383,East
2024-01-12,Headphones,60,384,West
2024-01-13,Laptop,61,385,North
2024-01-14,Mouse,62,386,South
2024-01-15,Keyboard,63,387,East
2024-01-16,Monitor,64,388,West
2024-01-17,Headphones,65,389,North
2024-01-18,Laptop,66,390,South
2024-01-19,Mouse,67,391,East
2024-01-20,Keyboard,68,392,West
2024-01-21,Monitor,69,393,North
2024-01-22,Headphones,70,394,South
2024-01-23,Laptop,71,395,East
2024-01-24,Mouse,72,396,West
2024-01-25,Keyboard,73,397,North
2024-01-26,Monitor,74,398,South
2024-01-27,Headphones,75,399,East
2024-01-28,Laptop,76,400,West
2024-01-01,Mouse,77,401,North
2024-01-02,Keyboard,78,402,South
2024-01-03,Monitor,79,403,East
2024-01-04,Headphones,80,404,West
2024-01-05,Laptop,81,405,North
2024-01-06,Mouse,82,406,South
2024-01-07,Keyboard,83,407,East
2024-01-08,Monitor,84,408,West
2024-01-09,Headphones,85,409,North
2024-01-10,Laptop,86,410,South
2024-01-11,Mouse,87,411,East
2024-01-12,Keyboard,88,412,West
2024-01-13,Monitor,89,413,North
2024-01-14,Headphones,90,414,South
2024-01-15,Laptop,91,415,East
2024-01-16,Mouse,92,416,West
2024-01-17,Keyboard,93,417,North
2024-01-18,Monitor,94,418,South
2024-01-19,Headphones,95,419,East
2024-01-20,Laptop,96,420,West
2024-01-21,Mouse,97,421,North
2024-01-22,Keyboard,98,422,South
2024-01-23,Monitor,99,423,East
2024-01-24,Headphones,100,424,West
2024-01-25,Laptop,1,425,North
2024-01-26,Mouse,2,426,South
2024-01-27,Keyboard,3,427,East
2024-01-28,Monitor,4,428,West
2024-01-01,Headphones,5,429,North
2024-01-02,Laptop,6,430,South
2024-01-03,Mouse,7,431,East
2024-01-04,Keyboard,8,432,West
2024-01-05,Monitor,9,433,North
2024-01-06,Headphones,10,434,South
2024-01-07,Laptop,11,435,East
2024-01-08,Mouse,12,436,West
2024-01-09,Keyboard,13,437,North
2024-01-10,Monitor,14,438,South
2024-01-11,Headphones,15,439,East
2024-01-12,Laptop,16,440,West
2024-01-13,Mouse,17,441,North
2024-01-14,Keyboard,18,442,South
2024-01-15,Monitor,19,443,East
2024-01-16,Headphones,20,444,West
2024-01-17,Laptop,21,445,North
2024-01-18,Mouse,22,446,South
2024-01-19,Keyboard,23,447,East
2024-01-20,Monitor,24,448,West
2024-01-21,Headphones,25,449,North
2024-01-22,Laptop,26,450,South
2024-01-23,Mouse,27,451,East
2024-01-24,Keyboard,28,452,West
2024-01-25,Monitor,29,453,North
2024-01-26,Headphones,30,454,South
2024-01-27,Laptop,31,455,East
2024-01-28,Mouse,32,456,West
2024-01-01,Keyboard,33,457,North
2024-01-02,Monitor,34,458,South
2024-01-03,Headphones,35,459,East
2024-01-04,Laptop,36,460,West
2024-01-05,Mouse,37,461,North
2024-01-06,Keyboard,38,462,South
2024-01-07,Monitor,39,463,East
2024-01-08,Headphones,40,464,West
2024-01-09,Laptop,41,465,North
2024-01-10,Mouse,42,466,South
2024-01-11,Keyboard,43,467,East
2024-01-12,Monitor,44,468,West
2024-01-13,Headphones,45,469,North
2024-01-14,Laptop,46,470,South
2024-01-15,Mouse,47,471,East
2024-01-16,Keyboard,48,472,West
2024-01-17,Monitor,49,473,North
2024-01-18,Headphones,50,474,South
2024-01-19,Laptop,51,475,East
2024-01-20,Mouse,52,476,West
2024-01-21,Keyboard,53,477,North
2024-01-22,Monitor,54,478,South
2024-01-23,Headphones,55,479,East
2024-01-24,Laptop,56,480,West
2024-01-25,Mouse,57,481,North
2024-01-26,Keyboard,58,482,South
2024-01-27,Monitor,59,483,East
2024-01-28,Headphones,60,484,West
2024-01-01,Laptop,61,485,North
2024-01-02,Mouse,62,486,South
2024-01-03,Keyboard,63,487,East
2024-01-04,Monitor,64,488,West
2024-01-05,Headphones,65,489,North
2024-01-06,Laptop,66,490,South
2024-01-07,Mouse,67,491,East
2024-01-08,Keyboard,68,492,West
2024-01-09,Monitor,69,493,North
2024-01-10,Headphones,70,494,South
2024-01-11,Laptop,71,495,East
2024-01-12,Mouse,72,496,West
2024-01-13,Keyboard,73,497,North
2024-01-14,Monitor,74,498,South
2024-01-15,Headphones,75,499,East
2024-01-16,Laptop,76,500,West
2024-01-17,Mouse,77,501,North
2024-01-18,Keyboard,78,502,South
2024-01-19,Monitor,79,503,East
2024-01-20,Headphones,80,504,West
2024-01-21,Laptop,81,505,North
2024-01-22,Mouse,82,506,South
2024-01-23,Keyboard,83,507,East
2024-01-24,Monitor,84,508,West
2024-01-25,Headphones,85,509,North
2024-01-26,Laptop,86,510,South
2024-01-27,Mouse,87,511,East
2024-01-28,Keyboard,88,512,West
2024-01-01,Monitor,89,513,North
2024-01-02,Headphones,90,514,South
2024-01-03,Laptop,91,515,East
2024-01-04,Mouse,92,516,West
2024-01-05,Keyboard,93,517,North
2024-01-06,Monitor,94,518,South
2024-01-07,Headphones,95,519,East
2024-01-08,Laptop,96,520,West
2024-01-09,Mouse,97,521,North
2024-01-10,Keyboard,98,522,South
2024-01-11,Monitor,99,523,East
2024-01-12,Headphones,100,524,West
2024-01-13,Laptop,1,525,North
2024-01-14,Mouse,2,526,South
2024-01-15,Keyboard,3,527,East
2024-01-16,Monitor,4,528,West
2024-01-17,Headphones,5,529,North
2024-01-18,Laptop,6,530,South
2024-01-19,Mouse,7,531,East
2024-01-20,Keyboard,8,532,West
2024-01-21,Monitor,9,533,North
2024-01-22,Headphones,10,534,South
2024-01-23,Laptop,11,535,East
2024-01-24,Mouse,12,536,West
2024-01-25,Keyboard,13,537,North
2024-01-26,Monitor,14,538,South
2024-01-27,Headphones,15,539,East
2024-01-28,Laptop,16,540,West
2024-01-01,Mouse,17,541,North
2024-01-02,Keyboard,18,542,South
2024-01-03,Monitor,19,543,East
2024-01-04,Headphones,20,544,West
2024-01-05,Laptop,21,545,North
2024-01-06,Mouse,22,546,South
2024-01-07,Keyboard,23,547,East
2024-01-08,Monitor,24,548,West
2024-01-09,Headphones,25,549,North
2024-01-10,Laptop,26,550,South
2024-01-11,Mouse,27,551,East
2024-01-12,Keyboard,28,552,West
2024-01-13,Monitor,29,553,North
2024-01-14,Headphones,30,554,South
2024-01-15,Laptop,31,555,East
2024-01-16,Mouse,32,556,West
2024-01-17,Keyboard,33,557,North
2024-01-18,Monitor,34,558,South
2024-01-19,Headphones,35,559,East
2024-01-20,Laptop,36,560,West
2024-01-21,Mouse,37,561,North
2024-01-22,Keyboard,38,562,South
2024-01-23,Monitor,39,563,East
2024-01-24,Headphones,40,564,West
2024-01-25,Laptop,41,565,North
2024-01-26,Mouse,42,566,South
2024-01-27,Keyboard,43,567,East
2024-01-28,Monitor,44,568,West
2024-01-01,Headphones,45,569,North
2024-01-02,Laptop,46,570,South
2024-01-03,Mouse,47,571,East
2024-01-04,Keyboard,48,572,West
2024-01-05,Monitor,49,573,North
2024-01-06,Headphones,50,574,South
2024-01-07,Laptop,51,575,East
2024-01-08,Mouse,52,576,West
2024-01-09,Keyboard,53,577,North
2024-01-10,Monitor,54,578,South
2024-01-11,Headphones,55,579,East
2024-01-12,Laptop,56,580,West
2024-01-13,Mouse,57,581,North
2024-01-14,Keyboard,58,582,South
2024-01-15,Monitor,59,583,East
2024-01-16,Headphones,60,584,West
2024-01-17,Laptop,61,585,North
2024-01-18,Mouse,62,586,South
2024-01-19,Keyboard,63,587,East
2024-01-20,Monitor,64,588,West
2024-01-21,Headphones,65,589,North
2024-01-22,Laptop,66,590,South
2024-01-23,Mouse,67,591,East
2024-01-24,Keyboard,68,592,West
2024-01-25,Monitor,69,593,North
2024-01-26,Headphones,70,594,South
2024-01-27,Laptop,71,595,East
2024-01-28,Mouse,72,596,West
2024-01-01,Keyboard,73,597,North
2024-01-02,Monitor,74,598,South
2024-01-03,Headphones,75,599,East
2024-01-04,Laptop,76,600,West
2024-01-05,Mouse,77,601,North
2024-01-06,Keyboard,78,602,South
2024-01-07,Monitor,79,603,East
2024-01-08,Headphones,80,604,West
2024-01-09,Laptop,81,605,North
2024-01-10,Mouse,82,606,South
2024-01-11,Keyboard,83,607,East
2024-01-12,Monitor,84,608,West
2024-01-13,Headphones,85,609,North
2024-01-14,Laptop,86,610,South
2024-01-15,Mouse,87,611,East
2024-01-16,Keyboard,88,612,West
2024-01-17,Monitor,89,613,North
2024-01-18,Headphones,90,614,South
2024-01-19,Laptop,91,615,East
2024-01-20,Mouse,92,616,West
2024-01-21,Keyboard,93,617,North
2024-01-22,Monitor,94,618,South
2024-01-23,Headphones,95,619,East
2024-01-24,Laptop,96,620,West
2024-01-25,Mouse,97,621,North
2024-01-26,Keyboard,98,622,South
2024-01-27,Monitor,99,623,East
2024-01-28,Headphones,100,624,West
2024-01-01,Laptop,1,625,North
2024-01-02,Mouse,2,626,South
2024-01-03,Keyboard,3,627,East
2024-01-04,Monitor,4,628,West
2024-01-05,Headphones,5,629,North
2024-01-06,Laptop,6,630,South
2024-01-07,Mouse,7,631,East
2024-01-08,Keyboard,8,632,West
2024-01-09,Monitor,9,633,North
2024-01-10,Headphones,10,634,South
2024-01-11,Laptop,11,635,East
2024-01-12,Mouse,12,636,West
2024-01-13,Keyboard,13,637,North
2024-01-14,Monitor,14,638,South
2024-01-15,Headphones,15,639,East
2024-01-16,Laptop,16,640,West
2024-01-17,Mouse,17,641,North
2024-01-18,Keyboard,18,642,South
2024-01-19,Monitor,19,643,East
2024-01-20,Headphones,20,644,West
2024-01-21,Laptop,21,645,North
2024-01-22,Mouse,22,646,South
2024-01-23,Keyboard,23,647,East
2024-01-24,Monitor,24,648,West
2024-01-25,Headphones,25,649,North
2024-01-26,Laptop,26,650,South
2024-01-27,Mouse,27,651,East
2024-01-28,Keyboard,28,652,West
2024-01-01,Monitor,29,653,North
2024-01-02,Headphones,30,654,South
2024-01-03,Laptop,31,655,East
2024-01-04,Mouse,32,656,West
2024-01-05,Keyboard,33,657,North
2024-01-06,Monitor,34,658,South
2024-01-07,Headphones,35,659,East
2024-01-08,Laptop,36,660,West
2024-01-09,Mouse,37,661,North
2024-01-10,Keyboard,38,662,South
2024-01-11,Monitor,39,663,East
2024-01-12,Headphones,40,664,West
2024-01-13,Laptop,41,665,North
2024-01-14,Mouse,42,666,South
2024-01-15,Keyboard,43,667,East
2024-01-16,Monitor,44,668,West
2024-01-17,Headphones,45,669,North
2024-01-18,Laptop,46,670,South
2024-01-19,Mouse,47,671,East
2024-01-20,Keyboard,48,672,West
2024-01-21,Monitor,49,673,North
2024-01-22,Headphones,50,674,South
2024-01-23,Laptop,51,675,East
2024-01-24,Mouse,52,676,West
2024-01-25,Keyboard,53,677,North
2024-01-26,Monitor,54,678,South
2024-01-27,Headphones,55,679,East
2024-01-28,Laptop,56,680,West
2024-01-01,Mouse,57,681,North
2024-01-02,Keyboard,58,682,South
2024-01-03,Monitor,59,683,East
2024-01-04,Headphones,60,684,West
2024-01-05,Laptop,61,685,North
2024-01-06,Mouse,62,686,South
2024-01-07,Keyboard,63,687,East
2024-01-08,Monitor,64,688,West
2024-01-09,Headphones,65,689,North
2024-01-10,Laptop,66,690,South
2024-01-11,Mouse,67,691,East
2024-01-12,Keyboard,68,692,West
2024-01-13,Monitor,69,693,North
2024-01-14,Headphones,70,694,South
2024-01-15,Laptop,71,695,East
2024-01-16,Mouse,72,696,West
2024-01-17,Keyboard,73,697,North
2024-01-18,Monitor,74,698,South
2024-01-19,Headphones,75,699,East
2024-01-20,Laptop,76,700,West
2024-01-21,Mouse,77,701,North
2024-01-22,Keyboard,78,702,South
2024-01-23,Monitor,79,703,East
2024-01-24,Headphones,80,704,West
2024-01-25,Laptop,81,705,North
2024-01-26,Mouse,82,706,South
2024-01-27,Keyboard,83,707,East
2024-01-28,Monitor,84,708,West
2024-01-01,Headphones,85,709,North
2024-01-02,Laptop,86,710,South
2024-01-03,Mouse,87,711,East
2024-01-04,Keyboard,88,712,West
2024-01-05,Monitor,89,713,North
2024-01-06,Headphones,90,714,South
2024-01-07,Laptop,91,715,East
2024-01-08,Mouse,92,716,West
2024-01-09,Keyboard,93,717,North
2024-01-10,Monitor,94,718,South
2024-01-11,Headphones,95,719,East
2024-01-12,Laptop,96,720,West
2024-01-13,Mouse,97,721,North
2024-01-14,Keyboard,98,722,South
2024-01-15,Monitor,99,723,East
2024-01-16,Headphones,100,724,West
2024-01-17,Laptop,1,725,North
2024-01-18,Mouse,2,726,South
2024-01-19,Keyboard,3,727,East
2024-01-20,Monitor,4,728,West
2024-01-21,Headphones,5,729,North
2024-01-22,Laptop,6,730,South
2024-01-23,Mouse,7,731,East
2024-01-24,Keyboard,8,732,West
2024-01-25,Monitor,9,733,North
2024-01-26,Headphones,10,734,South
2024-01-27,Laptop,11,735,East
2024-01-28,Mouse,12,736,West
2024-01-01,Keyboard,13,737,North
2024-01-02,Monitor,14,738,South
2024-01-03,Headphones,15,739,East
2024-01-04,Laptop,16,740,West
2024-01-05,Mouse,17,741,North
2024-01-06,Keyboard,18,742,South
2024-01-07,Monitor,19,743,East
2024-01-08,Headphones,20,744,West
2024-01-09,Laptop,21,745,North
2024-01-10,Mouse,22,746,South
2024-01-11,Keyboard,23,747,East
2024-01-12,Monitor,24,748,West
2024-01-13,Headphones,25,749,North
2024-01-14,Laptop,26,750,South
2024-01-15,Mouse,27,751,East
2024-01-16,Keyboard,28,752,West
2024-01-17,Monitor,29,753,North
2024-01-18,Headphones,30,754,South
2024-01-19,Laptop,31,755,East
2024-01-20,Mouse,32,756,West
2024-01-21,Keyboard,33,757,North
2024-01-22,Monitor,34,758,South
2024-01-23,Headphones,35,759,East
2024-01-24,Laptop,36,760,West
2024-01-25,Mouse,37,761,North
2024-01-26,Keyboard,38,762,South
2024-01-27,Monitor,39,763,East
2024-01-28,Headphones,40,764,West
2024-01-01,Laptop,41,765,North
2024-01-02,Mouse,42,766,South
2024-01-03,Keyboard,43,767,East
2024-01-04,Monitor,44,768,West
2024-01-05,Headphones,45,769,North
2024-01-06,Laptop,46,770,South
2024-01-07,Mouse,47,771,East
2024-01-08,Keyboard,48,772,West
2024-01-09,Monitor,49,773,North
2024-01-10,Headphones,50,774,South
2024-01-11,Laptop,51,775,East
2024-01-12,Mouse,52,776,West
2024-01-13,Keyboard,53,777,North
2024-01-14,Monitor,54,778,South
2024-01-15,Headphones,55,779,East
2024-01-16,Laptop,56,780,West
2024-01-17,Mouse,57,781,North
2024-01-18,Keyboard,58,782,South
2024-01-19,Monitor,59,783,East
2024-01-20,Headphones,60,784,West
2024-01-21,Laptop,61,785,North
2024-01-22,Mouse,62,786,South
2024-01-23,Keyboard,63,787,East
2024-01-24,Monitor,64,788,West
2024-01-25,Headphones,65,789,North
2024-01-26,Laptop,66,790,South
2024-01-27,Mouse,67,791,East
2024-01-28,Keyboard,68,792,West
2024-01-01,Monitor,69,793,North
2024-01-02,Headphones,70,794,South
2024-01-03,Laptop,71,795,East
2024-01-04,Mouse,72,796,West
2024-01-05,Keyboard,73,797,North
2024-01-06,Monitor,74,798,South
2024-01-07,Headphones,75,799,East
2024-01-08,Laptop,76,800,West
2024-01-09,Mouse,77,801,North
2024-01-10,Keyboard,78,802,South
2024-01-11,Monitor,79,803,East
2024-01-12,Headphones,80,804,West
2024-01-13,Laptop,81,805,North
2024-01-14,Mouse,82,806,South
2024-01-15,Keyboard,83,807,East
2024-01-16,Monitor,84,808,West
2024-01-17,Headphones,85,809,North
2024-01-18,Laptop,86,810,South
2024-01-19,Mouse,87,811,East
2024-01-20,Keyboard,88,812,West
2024-01-21,Monitor,89,813,North
2024-01-22,Headphones,90,814,South
2024-01-23,Laptop,91,815,East
2024-01-24,Mouse,92,816,West
2024-01-25,Keyboard,93,817,North
2024-01-26,Monitor,94,818,South
2024-01-27,Headphones,95,819,East
2024-01-28,Laptop,96,820,West
2024-01-01,Mouse,97,821,North
2024-01-02,Keyboard,98,822,South
2024-01-03,Monitor,99,823,East
2024-01-04,Headphones,100,824,West
2024-01-05,Laptop,1,825,North
2024-01-06,Mouse,2,826,South
2024-01-07,Keyboard,3,827,East
2024-01-08,Monitor,4,828,West
2024-01-09,Headphones,5,829,North
2024-01-10,Laptop,6,830,South
2024-01-11,Mouse,7,831,East
2024-01-12,Keyboard,8,832,West
2024-01-13,Monitor,9,833,North
2024-01-14,Headphones,10,834,South
2024-01-15,Laptop,11,835,East
2024-01-16,Mouse,12,836,West
2024-01-17,Keyboard,13,837,North
2024-01-18,Monitor,14,838,South
2024-01-19,Headphones,15,839,East
2024-01-20,Laptop,16,840,West
2024-01-21,Mouse,17,841,North
2024-01-22,Keyboard,18,842,South
2024-01-23,Monitor,19,843,East
2024-01-24,Headphones,20,844,West
2024-01-25,Laptop,21,845,North
2024-01-26,Mouse,22,846,South
2024-01-27,Keyboard,23,847,East
2024-01-28,Monitor,24,848,West
2024-01-01,Headphones,25,849,North
2024-01-02,Laptop,26,850,South
2024-01-03,Mouse,27,851,East
2024-01-04,Keyboard,28,852,West
2024-01-05,Monitor,29,853,North
2024-01-06,Headphones,30,854,South
2024-01-07,Laptop,31,855,East
2024-01-08,Mouse,32,856,West
2024-01-09,Keyboard,33,857,North
2024-01-10,Monitor,34,858,South
2024-01-11,Headphones,35,859,East
2024-01-12,Laptop,36,860,West
2024-01-13,Mouse,37,861,North
2024-01-14,Keyboard,38,862,South
2024-01-15,Monitor,39,863,East
2024-01-16,Headphones,40,864,West
2024-01-17,Laptop,41,865,North
2024-01-18,Mouse,42,866,South
2024-01-19,Keyboard,43,867,East
2024-01-20,Monitor,44,868,West
2024-01-21,Headphones,45,869,North
2024-01-22,Laptop,46,870,South
2024-01-23,Mouse,47,871,East
2024-01-24,Keyboard,48,872,West
2024-01-25,Monitor,49,873,North
2024-01-26,Headphones,50,874,South
2024-01-27,Laptop,51,875,East
2024-01-28,Mouse,52,876,West
2024-01-01,Keyboard,53,877,North
2024-01-02,Monitor,54,878,South
2024-01-03,Headphones,55,879,East
2024-01-04,Laptop,56,880,West
2024-01-05,Mouse,57,881,North
2024-01-06,Keyboard,58,882,South
2024-01-07,Monitor,59,883,East
2024-01-08,Headphones,60,884,West
2024-01-09,Laptop,61,885,North
2024-01-10,Mouse,62,886,South
2024-01-11,Keyboard,63,887,East
2024-01-12,Monitor,64,888,West
2024-01-13,Headphones,65,889,North
2024-01-14,Laptop,66,890,South
2024-01-15,Mouse,67,891,East
2024-01-16,Keyboard,68,892,West
2024-01-17,Monitor,69,893,North
2024-01-18,Headphones,70,894,South
2024-01-19,Laptop,71,895,East
2024-01-20,Mouse,72,896,West
2024-01-21,Keyboard,73,897,North
2024-01-22,Monitor,74,898,South
2024-01-23,Headphones,75,899,East
2024-01-24,Laptop,76,900,West
2024-01-25,Mouse,77,901,North
2024-01-26,Keyboard,78,902,South
2024-01-27,Monitor,79,903,East
2024-01-28,Headphones,80,904,West
2024-01-01,Laptop,81,905,North
2024-01-02,Mouse,82,906,South
2024-01-03,Keyboard,83,907,East
2024-01-04,Monitor,84,908,West
2024-01-05,Headphones,85,909,North
2024-01-06,Laptop,86,910,South
2024-01-07,Mouse,87,911,East
2024-01-08,Keyboard,88,912,West
2024-01-09,Monitor,89,913,North
2024-01-10,Headphones,90,914,South
2024-01-11,Laptop,91,915,East
2024-01-12,Mouse,92,916,West
2024-01-13,Keyboard,93,917,North
2024-01-14,Monitor,94,918,South
2024-01-15,Headphones,95,919,East
2024-01-16,Laptop,96,920,West
2024-01-17,Mouse,97,921,North
2024-01-18,Keyboard,98,922,South
2024-01-19,Monitor,99,923,East
2024-01-20,Headphones,100,924,West
2024-01-21,Laptop,1,925,North
2024-01-22,Mouse,2,926,South
2024-01-23,Keyboard,3,927,East
2024-01-24,Monitor,4,928,West
2024-01-25,Headphones,5,929,North
2024-01-26,Laptop,6,930,South
2024-01-27,Mouse,7,931,East
2024-01-28,Keyboard,8,932,West
2024-01-01,Monitor,9,933,North
2024-01-02,Headphones,10,934,South
2024-01-03,Laptop,11,935,East
2024-01-04,Mouse,12,936,West
2024-01-05,Keyboard,13,937,North
2024-01-06,Monitor,14,938,South
2024-01-07,Headphones,15,939,East
2024-01-08,Laptop,16,940,West
2024-01-09,Mouse,17,941,North
2024-01-10,Keyboard,18,942,South
2024-01-11,Monitor,19,943,East
2024-01-12,Headphones,20,944,West
2024-01-13,Laptop,21,945,North
2024-01-14,Mouse,22,946,South
2024-01-15,Keyboard,23,947,East
2024-01-16,Monitor,24,948,West
2024-01-17,Headphones,25,949,North
2024-01-18,Laptop,26,950,South
2024-01-19,Mouse,27,951,East
2024-01-20,Keyboard,28,952,West
2024-01-21,Monitor,29,953,North
2024-01-22,Headphones,30,954,South
2024-01-23,Laptop,31,955,East
2024-01-24,Mouse,32,956,West
2024-01-25,Keyboard,33,957,North
2024-01-26,Monitor,34,958,South
2024-01-27,Headphones,35,959,East
2024-01-28,Laptop,36,960,West
2024-01-01,Mouse,37,961,North
2024-01-02,Keyboard,38,962,South
2024-01-03,Monitor,39,963,East
2024-01-04,Headphones,40,964,West
2024-01-05,Laptop,41,965,North
2024-01-06,Mouse,42,966,South
2024-01-07,Keyboard,43,967,East
2024-01-08,Monitor,44,968,West
2024-01-09,Headphones,45,969,North
2024-01-10,Laptop,46,970,South
2024-01-11,Mouse,47,971,East
2024-01-12,Keyboard,48,972,West
2024-01-13,Monitor,49,973,North
2024-01-14,Headphones,50,974,South
2024-01-15,Laptop,51,975,East
2024-01-16,Mouse,52,976,West
2024-01-17,Keyboard,53,977,North
2024-01-18,Monitor,54,978,South
2024-01-19,Headphones,55,979,East
2024-01-20,Laptop,56,980,West
2024-01-21,Mouse,57,981,North
2024-01-22,Keyboard,58,982,South
2024-01-23,Monitor,59,983,East
2024-01-24,Headphones,60,984,West
2024-01-25,Laptop,61,985,North
2024-01-26,Mouse,62,986,South
2024-01-27,Keyboard,63,987,East
2024-01-28,Monitor,64,988,West
2024-01-01,Headphones,65,989,North
2024-01-02,Laptop,66,990,South
2024-01-03,Mouse,67,991,East
2024-01-04,Keyboard,68,992,West
2024-01-05,Monitor,69,993,North
2024-01-06,Headphones,70,994,South
2024-01-07,Laptop,71,995,East
2024-01-08,Mouse,72,996,West
2024-01-09,Keyboard,73,997,North
2024-01-10,Monitor,74,998,South
2024-01-11,Headphones,75,999,East
2024-01-12,Laptop,76,1000,West
2024-01-13,Mouse,77,1001,North
2024-01-14,Keyboard,78,1002,South
2024-01-15,Monitor,79,1003,East
2024-01-16,Headphones,80,1004,West
2024-01-17,Laptop,81,1005,North
2024-01-18,Mouse,82,1006,South
2024-01-19,Keyboard,83,1007,East
2024-01-20,Monitor,84,1008,West
2024-01-21,Headphones,85,1009,North
2024-01-22,Laptop,86,1010,South
2024-01-23,Mouse,87,1011,East
2024-01-24,Keyboard,88,1012,West
2024-01-25,Monitor,89,1013,North
2024-01-26,Headphones,90,1014,South
2024-01-27,Laptop,91,1015,East
2024-01-28,Mouse,92,1016,West
2024-01-01,Keyboard,93,1017,North
2024-01-02,Monitor,94,1018,South
2024-01-03,Headphones,95,1019,East
2024-01-04,Laptop,96,1020,West
2024-01-05,Mouse,97,1021,North
2024-01-06,Keyboard,98,1022,South
2024-01-07,Monitor,99,1023,East
2024-01-08,Headphones,100,1024,West
2024-01-09,Laptop,1,1025,North
2024-01-10,Mouse,2,1026,South
2024-01-11,Keyboard,3,1027,East
2024-01-12,Monitor,4,1028,West
2024-01-13,Headphones,5,1029,North
2024-01-14,Laptop,6,1030,South
2024-01-15,Mouse,7,1031,East
2024-01-16,Keyboard,8,1032,West
2024-01-17,Monitor,9,1033,North
2024-01-18,Headphones,10,1034,South
2024-01-19,Laptop,11,1035,East
2024-01-20,Mouse,12,1036,West
2024-01-21,Keyboard,13,1037,North
2024-01-22,Monitor,14,1038,South
2024-01-23,Headphones,15,1039,East
2024-01-24,Laptop,16,1040,West
2024-01-25,Mouse,17,1041,North
2024-01-26,Keyboard,18,1042,South
2024-01-27,Monitor,19,1043,East
2024-01-28,Headphones,20,1044,West
2024-01-01,Laptop,21,1045,North
2024-01-02,Mouse,22,1046,South
2024-01-03,Keyboard,23,1047,East
2024-01-04,Monitor,24,1048,West
2024-01-05,Headphones,25,1049,North
2024-01-06,Laptop,26,1050,South
2024-01-07,Mouse,27,1051,East
2024-01-08,Keyboard,28,1052,West
2024-01-09,Monitor,29,1053,North
2024-01-10,Headphones,30,1054,South
2024-01-11,Laptop,31,1055,East
2024-01-12,Mouse,32,1056,West
2024-01-13,Keyboard,33,1057,North
2024-01-14,Monitor,34,1058,South
2024-01-15,Headphones,35,1059,East
2024-01-16,Laptop,36,1060,West
2024-01-17,Mouse,37,1061,North
2024-01-18,Keyboard,38,1062,South
2024-01-19,Monitor,39,1063,East
2024-01-20,Headphones,40,1064,West
2024-01-21,Laptop,41,1065,North
2024-01-22,Mouse,42,1066,South
2024-01-23,Keyboard,43,1067,East
2024-01-24,Monitor,44,1068,West
2024-01-25,Headphones,45,1069,North
2024-01-26,Laptop,46,1070,South
2024-01-27,Mouse,47,1071,East
2024-01-28,Keyboard,48,1072,West
2024-01-01,Monitor,49,1073,North
2024-01-02,Headphones,50,1074,South
2024-01-03,Laptop,51,1075,East
2024-01-04,Mouse,52,1076,West
2024-01-05,Keyboard,53,1077,North
2024-01-06,Monitor,54,1078,South
2024-01-07,Headphones,55,1079,East
2024-01-08,Laptop,56,1080,West
2024-01-09,Mouse,57,1081,North
2024-01-10,Keyboard,58,1082,South
2024-01-11,Monitor,59,1083,East
2024-01-12,Headphones,60,1084,West
2024-01-13,Laptop,61,1085,North
2024-01-14,Mouse,62,1086,South
2024-01-15,Keyboard,63,1087,East
2024-01-16,Monitor,64,1088,West
2024-01-17,Headphones,65,1089,North
2024-01-18,Laptop,66,1090,South
2024-01-19,Mouse,67,1091,East
2024-01-20,Keyboard,68,1092,West
2024-01-21,Monitor,69,1093,North
2024-01-22,Headphones,70,1094,South
2024-01-23,Laptop,71,1095,East
2024-01-24,Mouse,72,1096,West
2024-01-25,Keyboard,73,1097,North
2024-01-26,Monitor,74,1098,South
2024-01-27,Headphones,75,1099,East
2024-01-28,Laptop,76,1100,West
2024-01-01,Mouse,77,1101,North
2024-01-02,Keyboard,78,1102,South
2024-01-03,Monitor,79,1103,East
2024-01-04,Headphones,80,1104,West
2024-01-05,Laptop,81,1105,North
2024-01-06,Mouse,82,1106,South
2024-01-07,Keyboard,83,1107,East
2024-01-08,Monitor,84,1108,West
2024-01-09,Headphones,85,1109,North
2024-01-10,Laptop,86,1110,South
2024-01-11,Mouse,87,1111,East
2024-01-12,Keyboard,88,1112,West
2024-01-13,Monitor,89,1113,North
2024-01-14,Headphones,90,1114,South
2024-01-15,Laptop,91,1115,East
2024-01-16,Mouse,92,1116,West
2024-01-17,Keyboard,93,1117,North
2024-01-18,Monitor,94,1118,South
2024-01-19,Headphones,95,1119,East
2024-01-20,Laptop,96,1120,West
2024-01-21,Mouse,97,1121,North
2024-01-22,Keyboard,98,1122,South
2024-01-23,Monitor,99,1123,East
2024-01-24,Headphones,100,1124,West
2024-01-25,Laptop,1,1125,North
2024-01-26,Mouse,2,1126,South
2024-01-27,Keyboard,3,1127,East
2024-01-28,Monitor,4,1128,West
2024-01-01,Headphones,5,1129,North
2024-01-02,Laptop,6,1130,South
2024-01-03,Mouse,7,1131,East
2024-01-04,Keyboard,8,1132,West
2024-01-05,Monitor,9,1133,North
2024-01-06,Headphones,10,1134,South
2024-01-07,Laptop,11,1135,East
2024-01-08,Mouse,12,1136,West
2024-01-09,Keyboard,13,1137,North
2024-01-10,Monitor,14,1138,South
2024-01-11,Headphones,15,1139,East
2024-01-12,Laptop,16,1140,West
2024-01-13,Mouse,17,1141,North
2024-01-14,Keyboard,18,1142,South
2024-01-15,Monitor,19,1143,East
2024-01-16,Headphones,20,1144,West
2024-01-17,Laptop,21,1145,North
2024-01-18,Mouse,22,1146,South
2024-01-19,Keyboard,23,1147,East
2024-01-20,Monitor,24,1148,West
2024-01-21,Headphones,25,1149,North
2024-01-22,Laptop,26,1150,South
2024-01-23,Mouse,27,1151,East
2024-01-24,Keyboard,28,1152,West
2024-01-25,Monitor,29,1153,North
2024-01-26,Headphones,30,1154,South
2024-01-27,Laptop,31,1155,East
2024-01-28,Mouse,32,1156,West
2024-01-01,Keyboard,33,1157,North
2024-01-02,Monitor,34,1158,South
2024-01-03,Headphones,35,1159,East
2024-01-04,Laptop,36,1160,West
2024-01-05,Mouse,37,1161,North
2024-01-06,Keyboard,38,1162,South
2024-01-07,Monitor,39,1163,East
2024-01-08,Headphones,40,1164,West
2024-01-09,Laptop,41,1165,North
2024-01-10,Mouse,42,1166,South
2024-01-11,Keyboard,43,1167,East
2024-01-12,Monitor,44,1168,West
2024-01-13,Headphones,45,1169,North
2024-01-14,Laptop,46,1170,South
2024-01-15,Mouse,47,1171,East
2024-01-16,Keyboard,48,1172,West
2024-01-17,Monitor,49,1173,North
2024-01-18,Headphones,50,1174,South
2024-01-19,Laptop,51,1175,East
2024-01-20,Mouse,52,1176,West
2024-01-21,Keyboard,53,1177,North
2024-01-22,Monitor,54,1178,South
2024-01-23,Headphones,55,1179,East
2024-01-24,Laptop,56,1180,West
2024-01-25,Mouse,57,1181,North
2024-01-26,Keyboard,58,1182,South
2024-01-27,Monitor,59,1183,East
2024-01-28,Headphones,60,1184,West
2024-01-01,Laptop,61,1185,North
2024-01-02,Mouse,62,1186,South
2024-01-03,Keyboard,63,1187,East
2024-01-04,Monitor,64,1188,West
2024-01-05,Headphones,65,1189,North
2024-01-06,Laptop,66,1190,South
2024-01-07,Mouse,67,1191,East
2024-01-08,Keyboard,68,1192,West
2024-01-09,Monitor,69,1193,North
2024-01-10,Headphones,70,1194,South
2024-01-11,Laptop,71,1195,East
2024-01-12,Mouse,72,1196,West
2024-01-13,Keyboard,73,1197,North
2024-01-14,Monitor,74,1198,South
2024-01-15,Headphones,75,1199,East
2024-01-16,Laptop,76,1200,West
2024-01-17,Mouse,77,1201,North
2024-01-18,Keyboard,78,1202,South
2024-01-19,Monitor,79,1203,East
2024-01-20,Headphones,80,1204,West
2024-01-21,Laptop,81,1205,North
2024-01-22,Mouse,82,1206,South
2024-01-23,Keyboard,83,1207,East
2024-01-24,Monitor,84,1208,West
2024-01-25,Headphones,85,1209,North
2024-01-26,Laptop,86,1210,South
2024-01-27,Mouse,87,1211,East
2024-01-28,Keyboard,88,1212,West
2024-01-01,Monitor,89,1213,North
2024-01-02,Headphones,90,1214,South
2024-01-03,Laptop,91,1215,East
2024-01-04,Mouse,92,1216,West
2024-01-05,Keyboard,93,1217,North
2024-01-06,Monitor,94,1218,South
2024-01-07,Headphones,95,1219,East
2024-01-08,Laptop,96,1220,West
2024-01-09,Mouse,97,1221,North
2024-01-10,Keyboard,98,1222,South
2024-01-11,Monitor,99,1223,East
2024-01-12,Headphones,100,1224,West
2024-01-13,Laptop,1,1225,North
2024-01-14,Mouse,2,1226,South
2024-01-15,Keyboard,3,1227,East
2024-01-16,Monitor,4,1228,West
2024-01-17,Headphones,5,1229,North
2024-01-18,Laptop,6,1230,South
2024-01-19,Mouse,7,1231,East
2024-01-20,Keyboard,8,1232,West
2024-01-21,Monitor,9,1233,North
2024-01-22,Headphones,10,1234,South
2024-01-23,Laptop,11,1235,East
2024-01-24,Mouse,12,1236,West
2024-01-25,Keyboard,13,1237,North
2024-01-26,Monitor,14,1238,South
2024-01-27,Headphones,15,1239,East
2024-01-28,Laptop,16,1240,West
2024-01-01,Mouse,17,1241,North
2024-01-02,Keyboard,18,1242,South
2024-01-03,Monitor,19,1243,East
2024-01-04,Headphones,20,1244,West
2024-01-05,Laptop,21,1245,North
2024-01-06,Mouse,22,1246,South
2024-01-07,Keyboard,23,1247,East
2024-01-08,Monitor,24,1248,West
2024-01-09,Headphones,25,1249,North
2024-01-10,Laptop,26,1250,South
2024-01-11,Mouse,27,1251,East
2024-01-12,Keyboard,28,1252,West
2024-01-13,Monitor,29,1253,North
2024-01-14,Headphones,30,1254,South
2024-01-15,Laptop,31,1255,East
2024-01-16,Mouse,32,1256,West
2024-01-17,Keyboard,33,1257,North
2024-01-18,Monitor,34,1258,South
2024-01-19,Headphones,35,1259,East
2024-01-20,Laptop,36,1260,West
2024-01-21,Mouse,37,1261,North
2024-01-22,Keyboard,38,1262,South
2024-01-23,Monitor,39,1263,East
2024-01-24,Headphones,40,1264,West
2024-01-25,Laptop,41,1265,North
2024-01-26,Mouse,42,1266,South
2024-01-27,Keyboard,43,1267,East
2024-01-28,Monitor,44,1268,West
2024-01-01,Headphones,45,1269,North
2024-01-02,Laptop,46,1270,South
2024-01-03,Mouse,47,1271,East
2024-01-04,Keyboard,48,1272,West
2024-01-05,Monitor,49,1273,North
2024-01-06,Headphones,50,1274,South
2024-01-07,Laptop,51,1275,East
2024-01-08,Mouse,52,1276,West
2024-01-09,Keyboard,53,1277,North
2024-01-10,Monitor,54,1278,South
2024-01-11,Headphones,55,1279,East
2024-01-12,Laptop,56,1280,West
2024-01-13,Mouse,57,1281,North
2024-01-14,Keyboard,58,1282,South
2024-01-15,Monitor,59,1283,East
2024-01-16,Headphones,60,1284,West
2024-01-17,Laptop,61,1285,North
2024-01-18,Mouse,62,1286,South
2024-01-19,Keyboard,63,1287,East
2024-01-20,Monitor,64,1288,West
2024-01-21,Headphones,65,1289,North
2024-01-22,Laptop,66,1290,South
2024-01-23,Mouse,67,1291,East
2024-01-24,Keyboard,68,1292,West
2024-01-25,Monitor,69,1293,North
2024-01-26,Headphones,70,1294,South
2024-01-27,Laptop,71,1295,East
2024-01-28,Mouse,72,1296,West
2024-01-01,Keyboard,73,1297,North
2024-01-02,Monitor,74,1298,South
2024-01-03,Headphones,75,1299,East
2024-01-04,Laptop,76,1300,West
2024-01-05,Mouse,77,1301,North
2024-01-06,Keyboard,78,1302,South
2024-01-07,Monitor,79,1303,East
2024-01-08,Headphones,80,1304,West
2024-01-09,Laptop,81,1305,North
2024-01-10,Mouse,82,1306,South
2024-01-11,Keyboard,83,1307,East
2024-01-12,Monitor,84,1308,West
2024-01-13,Headphones,85,1309,North
2024-01-14,Laptop,86,1310,South
2024-01-15,Mouse,87,1311,East
2024-01-16,Keyboard,88,1312,West
2024-01-17,Monitor,89,1313,North
2024-01-18,Headphones,90,1314,South
2024-01-19,Laptop,91,1315,East
2024-01-20,Mouse,92,1316,West
2024-01-21,Keyboard,93,1317,North
2024-01-22,Monitor,94,1318,South
2024-01-23,Headphones,95,1319,East
2024-01-24,Laptop,96,1320,West
2024-01-25,Mouse,97,1321,North
2024-01-26,Keyboard,98,1322,South
2024-01-27,Monitor,99,1323,East
2024-01-28,Headphones,100,1324,West
2024-01-01,Laptop,1,1325,North
2024-01-02,Mouse,2,1326,South
2024-01-03,Keyboard,3,1327,East
2024-01-04,Monitor,4,1328,West
2024-01-05,Headphones,5,1329,North
2024-01-06,Laptop,6,1330,South
2024-01-07,Mouse,7,1331,East
2024-01-08,Keyboard,8,1332,West
2024-01-09,Monitor,9,1333,North
2024-01-10,Headphones,10,1334,South
2024-01-11,Laptop,11,1335,East
2024-01-12,Mouse,12,1336,West
2024-01-13,Keyboard,13,1337,North
2024-01-14,Monitor,14,1338,South
2024-01-15,Headphones,15,1339,East
2024-01-16,Laptop,16,1340,West
2024-01-17,Mouse,17,1341,North
2024-01-18,Keyboard,18,1342,South
2024-01-19,Monitor,19,1343,East
2024-01-20,Headphones,20,1344,West
2024-01-21,Laptop,21,1345,North
2024-01-22,Mouse,22,1346,South
2024-01-23,Keyboard,23,1347,East
2024-01-24,Monitor,24,1348,West
2024-01-25,Headphones,25,1349,North
2024-01-26,Laptop,26,1350,South
2024-01-27,Mouse,27,1351,East
2024-01-28,Keyboard,28,1352,West
2024-01-01,Monitor,29,1353,North
2024-01-02,Headphones,30,1354,South
2024-01-03,Laptop,31,1355,East
2024-01-04,Mouse,32,1356,West
2024-01-05,Keyboard,33,1357,North
2024-01-06,Monitor,34,1358,South
2024-01-07,Headphones,35,1359,East
2024-01-08,Laptop,36,1360,West
2024-01-09,Mouse,37,1361,North
2024-01-10,Keyboard,38,1362,South
2024-01-11,Monitor,39,1363,East
2024-01-12,Headphones,40,1364,West
2024-01-13,Laptop,41,1365,North
2024-01-14,Mouse,42,1366,South
2024-01-15,Keyboard,43,1367,East
2024-01-16,Monitor,44,1368,West
2024-01-17,Headphones,45,1369,North
2024-01-18,Laptop,46,1370,South
2024-01-19,Mouse,47,1371,East
2024-01-20,Keyboard,48,1372,West
2024-01-21,Monitor,49,1373,North
2024-01-22,Headphones,50,1374,South
2024-01-23,Laptop,51,1375,East
2024-01-24,Mouse,52,1376,West
2024-01-25,Keyboard,53,1377,North
2024-01-26,Monitor,54,1378,South
2024-01-27,Headphones,55,1379,East
2024-01-28,Laptop,56,1380,West
2024-01-01,Mouse,57,1381,North
2024-01-02,Keyboard,58,1382,South
2024-01-03,Monitor,59,1383,East
2024-01-04,Headphones,60,1384,West
2024-01-05,Laptop,61,1385,North
2024-01-06,Mouse,62,1386,South
2024-01-07,Keyboard,63,1387,East
2024-01-08,Monitor,64,1388,West
2024-01-09,Headphones,65,1389,North
2024-01-10,Laptop,66,1390,South
2024-01-11,Mouse,67,1391,East
2024-01-12,Keyboard,68,1392,West
2024-01-13,Monitor,69,1393,North
2024-01-14,Headphones,70,1394,South
2024-01-15,Laptop,71,1395,East
2024-01-16,Mouse,72,1396,West
2024-01-17,Keyboard,73,1397,North
2024-01-18,Monitor,74,1398,South
2024-01-19,Headphones,75,1399,East
2024-01-20,Laptop,76,1400,West
2024-01-21,Mouse,77,1401,North
2024-01-22,Keyboard,78,1402,South
2024-01-23,Monitor,79,1403,East
2024-01-24,Headphones,80,1404,West
2024-01-25,Laptop,81,1405,North
2024-01-26,Mouse,82,1406,South
2024-01-27,Keyboard,83,1407,East
2024-01-28,Monitor,84,1408,West
2024-01-01,Headphones,85,1409,North
2024-01-02,Laptop,86,1410,South
2024-01-03,Mouse,87,1411,East
2024-01-04,Keyboard,88,1412,West
2024-01-05,Monitor,89,1413,North
2024-01-06,Headphones,90,1414,South
2024-01-07,Laptop,91,1415,East
2024-01-08,Mouse,92,1416,West
2024-01-09,Keyboard,93,1417,North
2024-01-10,Monitor,94,1418,South
2024-01-11,Headphones,95,1419,East
2024-01-12,Laptop,96,1420,West
2024-01-13,Mouse,97,1421,North
2024-01-14,Keyboard,98,1422,South
2024-01-15,Monitor,99,1423,East
2024-01-16,Headphones,100,1424,West
2024-01-17,Laptop,1,1425,North
2024-01-18,Mouse,2,1426,South
2024-01-19,Keyboard,3,1427,East
2024-01-20,Monitor,4,1428,West
2024-01-21,Headphones,5,1429,North
2024-01-22,Laptop,6,1430,South
2024-01-23,Mouse,7,1431,East
2024-01-24,Keyboard,8,1432,West
2024-01-25,Monitor,9,1433,North
2024-01-26,Headphones,10,1434,South
2024-01-27,Laptop,11,1435,East
2024-01-28,Mouse,12,1436,West
2024-01-01,Keyboard,13,1437,North
2024-01-02,Monitor,14,1438,South
2024-01-03,Headphones,15,1439,East
2024-01-04,Laptop,16,1440,West
2024-01-05,Mouse,17,1441,North
2024-01-06,Keyboard,18,1442,South
2024-01-07,Monitor,19,1443,East
2024-01-08,Headphones,20,1444,West
2024-01-09,Laptop,21,1445,North
2024-01-10,Mouse,22,1446,South
2024-01-11,Keyboard,23,1447,East
2024-01-12,Monitor,24,1448,West
2024-01-13,Headphones,25,1449,North
2024-01-14,Laptop,26,1450,South
2024-01-15,Mouse,27,1451,East
2024-01-16,Keyboard,28,1452,West
2024-01-17,Monitor,29,1453,North
2024-01-18,Headphones,30,1454,South
2024-01-19,Laptop,31,1455,East
2024-01-20,Mouse,32,1456,West
2024-01-21,Keyboard,33,1457,North
2024-01-22,Monitor,34,1458,South
2024-01-23,Headphones,35,1459,East
2024-01-24,Laptop,36,1460,West
2024-01-25,Mouse,37,1461,North
2024-01-26,Keyboard,38,1462,South
2024-01-27,Monitor,39,1463,East
2024-01-28,Headphones,40,1464,West
2024-01-01,Laptop,41,1465,North
2024-01-02,Mouse,42,1466,South
2024-01-03,Keyboard,43,1467,East
2024-01-04,Monitor,44,1468,West
2024-01-05,Headphones,45,1469,North
2024-01-06,Laptop,46,1470,South
2024-01-07,Mouse,47,1471,East
2024-01-08,Keyboard,48,1472,West
2024-01-09,Monitor,49,1473,North
2024-01-10,Headphones,50,1474,South
2024-01-11,Laptop,51,1475,East
2024-01-12,Mouse,52,1476,West
2024-01-13,Keyboard,53,1477,North
2024-01-14,Monitor,54,1478,South
2024-01-15,Headphones,55,1479,East
2024-01-16,Laptop,56,1480,West
2024-01-17,Mouse,57,1481,North
2024-01-18,Keyboard,58,1482,South
2024-01-19,Monitor,59,1483,East
2024-01-20,Headphones,60,1484,West
2024-01-21,Laptop,61,1485,North
2024-01-22,Mouse,62,1486,South
2024-01-23,Keyboard,63,1487,East
2024-01-24,Monitor,64,1488,West
2024-01-25,Headphones,65,1489,North
2024-01-26,Laptop,66,1490,South
2024-01-27,Mouse,67,1491,East
2024-01-28,Keyboard,68,1492,West
2024-01-01,Monitor,69,1493,North
2024-01-02,Headphones,70,1494,South
2024-01-03,Laptop,71,1495,East
2024-01-04,Mouse,72,1496,West
2024-01-05,Keyboard,73,1497,North
2024-01-06,Monitor,74,1498,South
2024-01-07,Headphones,75,1499,East
2024-01-08,Laptop,76,1500,West
2024-01-09,Mouse,77,1501,North
2024-01-10,Keyboard,78,1502,South
2024-01-11,Monitor,79,1503,East
2024-01-12,Headphones,80,1504,West
2024-01-13,Laptop,81,1505,North
2024-01-14,Mouse,82,1506,South
2024-01-15,Keyboard,83,1507,East
2024-01-16,Monitor,84,1508,West
2024-01-17,Headphones,85,1509,North
2024-01-18,Laptop,86,1510,South
2024-01-19,Mouse,87,1511,East
2024-01-20,Keyboard,88,1512,West
2024-01-21,Monitor,89,1513,North
2024-01-22,Headphones,90,1514,South
2024-01-23,Laptop,91,1515,East
2024-01-24,Mouse,92,1516,West
2024-01-25,Keyboard,93,1517,North
2024-01-26,Monitor,94,1518,South
2024-01-27,Headphones,95,1519,East
2024-01-28,Laptop,96,1520,West
2024-01-01,Mouse,97,1521,North
2024-01-02,Keyboard,98,1522,South
2024-01-03,Monitor,99,1523,East
2024-01-04,Headphones,100,1524,West
2024-01-05,Laptop,1,25,North
2024-01-06,Mouse,2,26,South
2024-01-07,Keyboard,3,27,East
2024-01-08,Monitor,4,28,West
2024-01-09,Headphones,5,29,North
2024-01-10,Laptop,6,30,South
2024-01-11,Mouse,7,31,East
2024-01-12,Keyboard,8,32,West
2024-01-13,Monitor,9,33,North
2024-01-14,Headphones,10,34,South
2024-01-15,Laptop,11,35,East
2024-01-16,Mouse,12,36,West
2024-01-17,Keyboard,13,37,North
2024-01-18,Monitor,14,38,South
2024-01-19,Headphones,15,39,East
2024-01-20,Laptop,16,40,West
2024-01-21,Mouse,17,41,North
2024-01-22,Keyboard,18,42,South
2024-01-23,Monitor,19,43,East
2024-01-24,Headphones,20,44,West
2024-01-25,Laptop,21,45,North
2024-01-26,Mouse,22,46,South
2024-01-27,Keyboard,23,47,East
2024-01-28,Monitor,24,48,West
2024-01-01,Headphones,25,49,North
2024-01-02,Laptop,26,50,South
2024-01-03,Mouse,27,51,East
2024-01-04,Keyboard,28,52,West
2024-01-05,Monitor,29,53,North
2024-01-06,Headphones,30,54,South
2024-01-07,Laptop,31,55,East
2024-01-08,Mouse,32,56,West
2024-01-09,Keyboard,33,57,North
2024-01-10,Monitor,34,58,South
2024-01-11,Headphones,35,59,East
2024-01-12,Laptop,36,60,West
2024-01-13,Mouse,37,61,North
2024-01-14,Keyboard,38,62,South
2024-01-15,Monitor,39,63,East
2024-01-16,Headphones,40,64,West
2024-01-17,Laptop,41,65,North
2024-01-18,Mouse,42,66,South
2024-01-19,Keyboard,43,67,East
2024-01-20,Monitor,44,68,West
2024-01-21,Headphones,45,69,North
2024-01-22,Laptop,46,70,South
2024-01-23,Mouse,47,71,East
2024-01-24,Keyboard,48,72,West
2024-01-25,Monitor,49,73,North
2024-01-26,Headphones,50,74,South
2024-01-27,Laptop,51,75,East
2024-01-28,Mouse,52,76,West
2024-01-01,Keyboard,53,77,North
2024-01-02,Monitor,54,78,South
2024-01-03,Headphones,55,79,East
2024-01-04,Laptop,56,80,West
2024-01-05,Mouse,57,81,North
2024-01-06,Keyboard,58,82,South
2024-01-07,Monitor,59,83,East
2024-01-08,Headphones,60,84,West
2024-01-09,Laptop,61,85,North
2024-01-10,Mouse,62,86,South
2024-01-11,Keyboard,63,87,East
2024-01-12,Monitor,64,88,West
2024-01-13,Headphones,65,89,North
2024-01-14,Laptop,66,90,South
2024-01-15,Mouse,67,91,East
2024-01-16,Keyboard,68,92,West
2024-01-17,Monitor,69,93,North
2024-01-18,Headphones,70,94,South
2024-01-19,Laptop,71,95,East
2024-01-20,Mouse,72,96,West
2024-01-21,Keyboard,73,97,North
2024-01-22,Monitor,74,98,South
2024-01-23,Headphones,75,99,East
2024-01-24,Laptop,76,100,West
2024-01-25,Mouse,77,101,North
2024-01-26,Keyboard,78,102,South
2024-01-27,Monitor,79,103,East
2024-01-28,Headphones,80,104,West
2024-01-01,Laptop,81,105,North
2024-01-02,Mouse,82,106,South
2024-01-03,Keyboard,83,107,East
2024-01-04,Monitor,84,108,West
2024-01-05,Headphones,85,109,North
2024-01-06,Laptop,86,110,South
2024-01-07,Mouse,87,111,East
2024-01-08,Keyboard,88,112,West
2024-01-09,Monitor,89,113,North
2024-01-10,Headphones,90,114,South
2024-01-11,Laptop,91,115,East
2024-01-12,Mouse,92,116,West
2024-01-13,Keyboard,93,117,North
2024-01-14,Monitor,94,118,South
2024-01-15,Headphones,95,119,East
2024-01-16,Laptop,96,120,West
2024-01-17,Mouse,97,121,North
2024-01-18,Keyboard,98,122,South
2024-01-19,Monitor,99,123,East
2024-01-20,Headphones,100,124,West
2024-01-21,Laptop,1,125,North
2024-01-22,Mouse,2,126,South
2024-01-23,Keyboard,3,127,East
2024-01-24,Monitor,4,128,West
2024-01-25,Headphones,5,129,North
2024-01-26,Laptop,6,130,South
2024-01-27,Mouse,7,131,East
2024-01-28,Keyboard,8,132,West
2024-01-01,Monitor,9,133,North
2024-01-02,Headphones,10,134,South
2024-01-03,Laptop,11,135,East
2024-01-04,Mouse,12,136,West
2024-01-05,Keyboard,13,137,North
2024-01-06,Monitor,14,138,South
2024-01-07,Headphones,15,139,East
2024-01-08,Laptop,16,140,West
2024-01-09,Mouse,17,141,North
2024-01-10,Keyboard,18,142,South
2024-01-11,Monitor,19,143,East
2024-01-12,Headphones,20,144,West
2024-01-13,Laptop,21,145,North
2024-01-14,Mouse,22,146,South
2024-01-15,Keyboard,23,147,East
2024-01-16,Monitor,24,148,West
2024-01-17,Headphones,25,149,North
2024-01-18,Laptop,26,150,South
2024-01-19,Mouse,27,151,East
2024-01-20,Keyboard,28,152,West
2024-01-21,Monitor,29,153,North
2024-01-22,Headphones,30,154,South
2024-01-23,Laptop,31,155,East
2024-01-24,Mouse,32,156,West
2024-01-25,Keyboard,33,157,North
2024-01-26,Monitor,34,158,South
2024-01-27,Headphones,35,159,East
2024-01-28,Laptop,36,160,West
2024-01-01,Mouse,37,161,North
2024-01-02,Keyboard,38,162,South
2024-01-03,Monitor,39,163,East
2024-01-04,Headphones,40,164,West
2024-01-05,Laptop,41,165,North
2024-01-06,Mouse,42,166,South
2024-01-07,Keyboard,43,167,East
2024-01-08,Monitor,44,168,West
2024-01-09,Headphones,45,169,North
2024-01-10,Laptop,46,170,South
2024-01-11,Mouse,47,171,East
2024-01-12,Keyboard,48,172,West
2024-01-13,Monitor,49,173,North
2024-01-14,Headphones,50,174,South
2024-01-15,Laptop,51,175,East
2024-01-16,Mouse,52,176,West
2024-01-17,Keyboard,53,177,North
2024-01-18,Monitor,54,178,South
2024-01-19,Headphones,55,179,East
2024-01-20,Laptop,56,180,West
2024-01-21,Mouse,57,181,North
2024-01-22,Keyboard,58,182,South
2024-01-23,Monitor,59,183,East
2024-01-24,Headphones,60,184,West
2024-01-25,Laptop,61,185,North
2024-01-26,Mouse,62,186,South
2024-01-27,Keyboard,63,187,East
2024-01-28,Monitor,64,188,West
2024-01-01,Headphones,65,189,North
2024-01-02,Laptop,66,190,South
2024-01-03,Mouse,67,191,East
2024-01-04,Keyboard,68,192,West
2024-01-05,Monitor,69,193,North
2024-01-06,Headphones,70,194,South
2024-01-07,Laptop,71,195,East
2024-01-08,Mouse,72,196,West
2024-01-09,Keyboard,73,197,North
2024-01-10,Monitor,74,198,South
2024-01-11,Headphones,75,199,East
2024-01-12,Laptop,76,200,West
2024-01-13,Mouse,77,201,North
2024-01-14,Keyboard,78,202,South
2024-01-15,Monitor,79,203,East
2024-01-16,Headphones,80,204,West
2024-01-17,Laptop,81,205,North
2024-01-18,Mouse,82,206,South
2024-01-19,Keyboard,83,207,East
2024-01-20,Monitor,84,208,West
2024-01-21,Headphones,85,209,North
2024-01-22,Laptop,86,210,South
2024-01-23,Mouse,87,211,East
2024-01-24,Keyboard,88,212,West
2024-01-25,Monitor,89,213,North
2024-01-26,Headphones,90,214,South
2024-01-27,Laptop,91,215,East
2024-01-28,Mouse,92,216,West
2024-01-01,Keyboard,93,217,North
2024-01-02,Monitor,94,218,South
2024-01-03,Headphones,95,219,East
2024-01-04,Laptop,96,220,West
2024-01-05,Mouse,97,221,North
2024-01-06,Keyboard,98,222,South
2024-01-07,Monitor,99,223,East
2024-01-08,Headphones,100,224,West
2024-01-09,Laptop,1,225,North
2024-01-10,Mouse,2,226,South
2024-01-11,Keyboard,3,227,East
2024-01-12,Monitor,4,228,West
2024-01-13,Headphones,5,229,North
2024-01-14,Laptop,6,230,South
2024-01-15,Mouse,7,231,East
2024-01-16,Keyboard,8,232,West
2024-01-17,Monitor,9,233,North
2024-01-18,Headphones,10,234,South
2024-01-19,Laptop,11,235,East
2024-01-20,Mouse,12,236,West
2024-01-21,Keyboard,13,237,North
2024-01-22,Monitor,14,238,South
2024-01-23,Headphones,15,239,East
2024-01-24,Laptop,16,240,West
2024-01-25,Mouse,17,241,North
2024-01-26,Keyboard,18,242,South
2024-01-27,Monitor,19,243,East
2024-01-28,Headphones,20,244,West
2024-01-01,Laptop,21,245,North
2024-01-02,Mouse,22,246,South
2024-01-03,Keyboard,23,247,East
2024-01-04,Monitor,24,248,West
2024-01-05,Headphones,25,249,North
2024-01-06,Laptop,26,250,South
2024-01-07,Mouse,27,251,East
2024-01-08,Keyboard,28,252,West
2024-01-09,Monitor,29,253,North
2024-01-10,Headphones,30,254,South
2024-01-11,Laptop,31,255,East
2024-01-12,Mouse,32,256,West
2024-01-13,Keyboard,33,257,North
2024-01-14,Monitor,34,258,South
2024-01-15,Headphones,35,259,East
2024-01-16,Laptop,36,260,West
2024-01-17,Mouse,37,261,North
2024-01-18,Keyboard,38,262,South
2024-01-19,Monitor,39,263,East
2024-01-20,Headphones,40,264,West
2024-01-21,Laptop,41,265,North
2024-01-22,Mouse,42,266,South
2024-01-23,Keyboard,43,267,East
2024-01-24,Monitor,44,268,West
2024-01-25,Headphones,45,269,North
2024-01-26,Laptop,46,270,South
2024-01-27,Mouse,47,271,East
2024-01-28,Keyboard,48,272,West
2024-01-01,Monitor,49,273,North
2024-01-02,Headphones,50,274,South
2024-01-03,Laptop,51,275,East
2024-01-04,Mouse,52,276,West
2024-01-05,Keyboard,53,277,North
2024-01-06,Monitor,54,278,South
2024-01-07,Headphones,55,279,East
2024-01-08,Laptop,56,280,West
2024-01-09,Mouse,57,281,North
2024-01-10,Keyboard,58,282,South
2024-01-11,Monitor,59,283,East
2024-01-12,Headphones,60,284,West
2024-01-13,Laptop,61,285,North
2024-01-14,Mouse,62,286,South
2024-01-15,Keyboard,63,287,East
2024-01-16,Monitor,64,288,West
2024-01-17,Headphones,65,289,North
2024-01-18,Laptop,66,290,South
2024-01-19,Mouse,67,291,East
2024-01-20,Keyboard,68,292,West
2024-01-21,Monitor,69,293,North
2024-01-22,Headphones,70,294,South
2024-01-23,Laptop,71,295,East
2024-01-24,Mouse,72,296,West
2024-01-25,Keyboard,73,297,North
2024-01-26,Monitor,74,298,South
2024-01-27,Headphones,75,299,East
2024-01-28,Laptop,76,300,West
2024-01-01,Mouse,77,301,North
2024-01-02,Keyboard,78,302,South
2024-01-03,Monitor,79,303,East
2024-01-04,Headphones,80,304,West
2024-01-05,Laptop,81,305,North
2024-01-06,Mouse,82,306,South
2024-01-07,Keyboard,83,307,East
2024-01-08,Monitor,84,308,West
2024-01-09,Headphones,85,309,North
2024-01-10,Laptop,86,310,South
2024-01-11,Mouse,87,311,East
2024-01-12,Keyboard,88,312,West
2024-01-13,Monitor,89,313,North
2024-01-14,Headphones,90,314,South
2024-01-15,Laptop,91,315,East
2024-01-16,Mouse,92,316,West
2024-01-17,Keyboard,93,317,North
2024-01-18,Monitor,94,318,South
2024-01-19,Headphones,95,319,East
2024-01-20,Laptop,96,320,West
2024-01-21,Mouse,97,321,North
2024-01-22,Keyboard,98,322,South
2024-01-23,Monitor,99,323,East
2024-01-24,Headphones,100,324,West
2024-01-25,Laptop,1,325,North
2024-01-26,Mouse,2,326,South
2024-01-27,Keyboard,3,327,East
2024-01-28,Monitor,4,328,West
2024-01-01,Headphones,5,329,North
2024-01-02,Laptop,6,330,South
2024-01-03,Mouse,7,331,East
2024-01-04,Keyboard,8,332,West
2024-01-05,Monitor,9,333,North
2024-01-06,Headphones,10,334,South
2024-01-07,Laptop,11,335,East
2024-01-08,Mouse,12,336,West
2024-01-09,Keyboard,13,337,North
2024-01-10,Monitor,14,338,South
2024-01-11,Headphones,15,339,East
2024-01-12,Laptop,16,340,West
2024-01-13,Mouse,17,341,North
2024-01-14,Keyboard,18,342,South
2024-01-15,Monitor,19,343,East
2024-01-16,Headphones,20,344,West
2024-01-17,Laptop,21,345,North
2024-01-18,Mouse,22,346,South
2024-01-19,Keyboard,23,347,East
2024-01-20,Monitor,24,348,West
2024-01-21,Headphones,25,349,North
2024-01-22,Laptop,26,350,South
2024-01-23,Mouse,27,351,East
2024-01-24,Keyboard,28,352,West
2024-01-25,Monitor,29,353,North
2024-01-26,Headphones,30,354,South
2024-01-27,Laptop,31,355,East
2024-01-28,Mouse,32,356,West
2024-01-01,Keyboard,33,357,North
2024-01-02,Monitor,34,358,South
2024-01-03,Headphones,35,359,East
2024-01-04,Laptop,36,360,West
2024-01-05,Mouse,37,361,North
2024-01-06,Keyboard,38,362,South
2024-01-07,Monitor,39,363,East
2024-01-08,Headphones,40,364,West
2024-01-09,Laptop,41,365,North
2024-01-10,Mouse,42,366,South
2024-01-11,Keyboard,43,367,East
2024-01-12,Monitor,44,368,West
2024-01-13,Headphones,45,369,North
2024-01-14,Laptop,46,370,South
2024-01-15,Mouse,47,371,East
2024-01-16,Keyboard,48,372,West
2024-01-17,Monitor,49,373,North
2024-01-18,Headphones,50,374,South
2024-01-19,Laptop,51,375,East
2024-01-20,Mouse,52,376,West
2024-01-21,Keyboard,53,377,North
2024-01-22,Monitor,54,378,South
2024-01-23,Headphones,55,379,East
2024-01-24,Laptop,56,380,West
2024-01-25,Mouse,57,381,North
2024-01-26,Keyboard,58,382,South
2024-01-27,Monitor,59,383,East
2024-01-28,Headphones,60,384,West
2024-01-01,Laptop,61,385,North
2024-01-02,Mouse,62,386,South
2024-01-03,Keyboard,63,387,East
2024-01-04,Monitor,64,388,West
2024-01-05,Headphones,65,389,North
2024-01-06,Laptop,66,390,South
2024-01-07,Mouse,67,391,East
2024-01-08,Keyboard,68,392,West
2024-01-09,Monitor,69,393,North
2024-01-10,Headphones,70,394,South
2024-01-11,Laptop,71,395,East
2024-01-12,Mouse,72,396,West
2024-01-13,Keyboard,73,397,North
2024-01-14,Monitor,74,398,South
2024-01-15,Headphones,75,399,East
2024-01-16,Laptop,76,400,West
2024-01-17,Mouse,77,401,North
2024-01-18,Keyboard,78,402,South
2024-01-19,Monitor,79,403,East
2024-01-20,Headphones,80,404,West
2024-01-21,Laptop,81,405,North
2024-01-22,Mouse,82,406,South
2024-01-23,Keyboard,83,407,East
2024-01-24,Monitor,84,408,West
2024-01-25,Headphones,85,409,North
2024-01-26,Laptop,86,410,South
2024-01-27,Mouse,87,411,East
2024-01-28,Keyboard,88,412,West
2024-01-01,Monitor,89,413,North
2024-01-02,Headphones,90,414,South
2024-01-03,Laptop,91,415,East
2024-01-04,Mouse,92,416,West
2024-01-05,Keyboard,93,417,North
2024-01-06,Monitor,94,418,South
2024-01-07,Headphones,95,419,East
2024-01-08,Laptop,96,420,West
2024-01-09,Mouse,97,421,North
2024-01-10,Keyboard,98,422,South
2024-01-11,Monitor,99,423,East
2024-01-12,Headphones,100,424,West
2024-01-13,Laptop,1,425,North
2024-01-14,Mouse,2,426,South
2024-01-15,Keyboard,3,427,East
2024-01-16,Monitor,4,428,West
2024-01-17,Headphones,5,429,North
2024-01-18,Laptop,6,430,South
2024-01-19,Mouse,7,431,East
2024-01-20,Keyboard,8,432,West
2024-01-21,Monitor,9,433,North
2024-01-22,Headphones,10,434,South
2024-01-23,Laptop,11,435,East
2024-01-24,Mouse,12,436,West
2024-01-25,Keyboard,13,437,North
2024-01-26,Monitor,14,438,South
2024-01-27,Headphones,15,439,East
2024-01-28,Laptop,16,440,West
2024-01-01,Mouse,17,441,North
2024-01-02,Keyboard,18,442,South
2024-01-03,Monitor,19,443,East
2024-01-04,Headphones,20,444,West
2024-01-05,Laptop,21,445,North
2024-01-06,Mouse,22,446,South
2024-01-07,Keyboard,23,447,East
2024-01-08,Monitor,24,448,West
2024-01-09,Headphones,25,449,North
2024-01-10,Laptop,26,450,South
2024-01-11,Mouse,27,451,East
2024-01-12,Keyboard,28,452,West
2024-01-13,Monitor,29,453,North
2024-01-14,Headphones,30,454,South
2024-01-15,Laptop,31,455,East
2024-01-16,Mouse,32,456,West
2024-01-17,Keyboard,33,457,North
2024-01-18,Monitor,34,458,South
2024-01-19,Headphones,35,459,East
2024-01-20,Laptop,36,460,West
2024-01-21,Mouse,37,461,North
2024-01-22,Keyboard,38,462,South
2024-01-23,Monitor,39,463,East
2024-01-24,Headphones,40,464,West
2024-01-25,Laptop,41,465,North
2024-01-26,Mouse,42,466,South
2024-01-27,Keyboard,43,467,East
2024-01-28,Monitor,44,468,West
2024-01-01,Headphones,45,469,North
2024-01-02,Laptop,46,470,South
2024-01-03,Mouse,47,471,East
2024-01-04,Keyboard,48,472,West
2024-01-05,Monitor,49,473,North
2024-01-06,Headphones,50,474,South
2024-01-07,Laptop,51,475,East
2024-01-08,Mouse,52,476,West
2024-01-09,Keyboard,53,477,North
2024-01-10,Monitor,54,478,South
2024-01-11,Headphones,55,479,East
2024-01-12,Laptop,56,480,West
2024-01-13,Mouse,57,481,North
2024-01-14,Keyboard,58,482,South
2024-01-15,Monitor,59,483,East
2024-01-16,Headphones,60,484,West
2024-01-17,Laptop,61,485,North
2024-01-18,Mouse,62,486,South
2024-01-19,Keyboard,63,487,East
2024-01-20,Monitor,64,488,West
2024-01-21,Headphones,65,489,North
2024-01-22,Laptop,66,490,South
2024-01-23,Mouse,67,491,East
2024-01-24,Keyboard,68,492,West
2024-01-25,Monitor,69,493,North
2024-01-26,Headphones,70,494,South
2024-01-27,Laptop,71,495,East
2024-01-28,Mouse,72,496,West
2024-01-01,Keyboard,73,497,North
2024-01-02,Monitor,74,498,South
2024-01-03,Headphones,75,499,East
2024-01-04,Laptop,76,500,West
2024-01-05,Mouse,77,501,North
2024-01-06,Keyboard,78,502,South
2024-01-07,Monitor,79,503,East
2024-01-08,Headphones,80,504,West
2024-01-09,Laptop,81,505,North
2024-01-10,Mouse,82,506,South
2024-01-11,Keyboard,83,507,East
2024-01-12,Monitor,84,508,West
2024-01-13,Headphones,85,509,North
2024-01-14,Laptop,86,510,South
2024-01-15,Mouse,87,511,East
2024-01-16,Keyboard,88,512,West
2024-01-17,Monitor,89,513,North
2024-01-18,Headphones,90,514,South
2024-01-19,Laptop,91,515,East
2024-01-20,Mouse,92,516,West
2024-01-21,Keyboard,93,517,North
2024-01-22,Monitor,94,518,South
2024-01-23,Headphones,95,519,East
2024-01-24,Laptop,96,520,West
2024-01-25,Mouse,97,521,North
2024-01-26,Keyboard,98,522,South
2024-01-27,Monitor,99,523,East
2024-01-28,Headphones,100,524,West
2024-01-01,Laptop,1,525,North
2024-01-02,Mouse,2,526,South
2024-01-03,Keyboard,3,527,East
2024-01-04,Monitor,4,528,West
2024-01-05,Headphones,5,529,North
2024-01-06,Laptop,6,530,South
2024-01-07,Mouse,7,531,East
2024-01-08,Keyboard,8,532,West
2024-01-09,Monitor,9,533,North
2024-01-10,Headphones,10,534,South
2024-01-11,Laptop,11,535,East
2024-01-12,Mouse,12,536,West
2024-01-13,Keyboard,13,537,North
2024-01-14,Monitor,14,538,South
2024-01-15,Headphones,15,539,East
2024-01-16,Laptop,16,540,West
2024-01-17,Mouse,17,541,North
2024-01-18,Keyboard,18,542,South
2024-01-19,Monitor,19,543,East
2024-01-20,Headphones,20,544,West
2024-01-21,Laptop,21,545,North
2024-01-22,Mouse,22,546,South
2024-01-23,Keyboard,23,547,East
2024-01-24,Monitor,24,548,West
2024-01-25,Headphones,25,549,North
2024-01-26,Laptop,26,550,South
2024-01-27,Mouse,27,551,East
2024-01-28,Keyboard,28,552,West
2024-01-01,Monitor,29,553,North
2024-01-02,Headphones,30,554,South
2024-01-03,Laptop,31,555,East
2024-01-04,Mouse,32,556,West
2024-01-05,Keyboard,33,557,North
2024-01-06,Monitor,34,558,South
2024-01-07,Headphones,35,559,East
2024-01-08,Laptop,36,560,West
2024-01-09,Mouse,37,561,North
2024-01-10,Keyboard,38,562,South
2024-01-11,Monitor,39,563,East
2024-01-12,Headphones,40,564,West
2024-01-13,Laptop,41,565,North
2024-01-14,Mouse,42,566,South
2024-01-15,Keyboard,43,567,East
2024-01-16,Monitor,44,568,West
2024-01-17,Headphones,45,569,North
2024-01-18,Laptop,46,570,South
2024-01-19,Mouse,47,571,East
2024-01-20,Keyboard,48,572,West
2024-01-21,Monitor,49,573,North
2024-01-22,Headphones,50,574,South
2024-01-23,Laptop,51,575,East
2024-01-24,Mouse,52,576,West
2024-01-25,Keyboard,53,577,North
2024-01-26,Monitor,54,578,South
2024-01-27,Headphones,55,579,East
2024-01-28,Laptop,56,580,West
2024-01-01,Mouse,57,581,North
2024-01-02,Keyboard,58,582,South
2024-01-03,Monitor,59,583,East
2024-01-04,Headphones,60,584,West
2024-01-05,Laptop,61,585,North
2024-01-06,Mouse,62,586,South
2024-01-07,Keyboard,63,587,East
2024-01-08,Monitor,64,588,West
2024-01-09,Headphones,65,589,North
2024-01-10,Laptop,66,590,South
2024-01-11,Mouse,67,591,East
2024-01-12,Keyboard,68,592,West
2024-01-13,Monitor,69,593,North
2024-01-14,Headphones,70,594,South
2024-01-15,Laptop,71,595,East
2024-01-16,Mouse,72,596,West
2024-01-17,Keyboard,73,597,North
2024-01-18,Monitor,74,598,South
2024-01-19,Headphones,75,599,East
2024-01-20,Laptop,76,600,West
2024-01-21,Mouse,77,601,North
2024-01-22,Keyboard,78,602,South
2024-01-23,Monitor,79,603,East
2024-01-24,Headphones,80,604,West
2024-01-25,Laptop,81,605,North
2024-01-26,Mouse,82,606,South
2024-01-27,Keyboard,83,607,East
2024-01-28,Monitor,84,608,West
2024-01-01,Headphones,85,609,North
2024-01-02,Laptop,86,610,South
2024-01-03,Mouse,87,611,East
2024-01-04,Keyboard,88,612,West
2024-01-05,Monitor,89,613,North
2024-01-06,Headphones,90,614,South
2024-01-07,Laptop,91,615,East
2024-01-08,Mouse,92,616,West
2024-01-09,Keyboard,93,617,North
2024-01-10,Monitor,94,618,South
2024-01-11,Headphones,95,619,East
2024-01-12,Laptop,96,620,West
2024-01-13,Mouse,97,621,North
2024-01-14,Keyboard,98,622,South
2024-01-15,Monitor,99,623,East
2024-01-16,Headphones,100,624,West
2024-01-17,Laptop,1,625,North
2024-01-18,Mouse,2,626,South
2024-01-19,Keyboard,3,627,East
2024-01-20,Monitor,4,628,West
2024-01-21,Headphones,5,629,North
2024-01-22,Laptop,6,630,South
2024-01-23,Mouse,7,631,East
2024-01-24,Keyboard,8,632,West
2024-01-25,Monitor,9,633,North
2024-01-26,Headphones,10,634,South
2024-01-27,Laptop,11,635,East
2024-01-28,Mouse,12,636,West
2024-01-01,Keyboard,13,637,North
2024-01-02,Monitor,14,638,South
2024-01-03,Headphones,15,639,East
2024-01-04,Laptop,16,640,West
2024-01-05,Mouse,17,641,North
2024-01-06,Keyboard,18,642,South
2024-01-07,Monitor,19,643,East
2024-01-08,Headphones,20,644,West
2024-01-09,Laptop,21,645,North
2024-01-10,Mouse,22,646,South
2024-01-11,Keyboard,23,647,East
2024-01-12,Monitor,24,648,West
2024-01-13,Headphones,25,649,North
2024-01-14,Laptop,26,650,South
2024-01-15,Mouse,27,651,East
2024-01-16,Keyboard,28,652,West
2024-01-17,Monitor,29,653,North
2024-01-18,Headphones,30,654,South
2024-01-19,Laptop,31,655,East
2024-01-20,Mouse,32,656,West
2024-01-21,Keyboard,33,657,North
2024-01-22,Monitor,34,658,South
2024-01-23,Headphones,35,659,East
2024-01-24,Laptop,36,660,West
2024-01-25,Mouse,37,661,North
2024-01-26,Keyboard,38,662,South
2024-01-27,Monitor,39,663,East
2024-01-28,Headphones,40,664,West
2024-01-01,Laptop,41,665,North
2024-01-02,Mouse,42,666,South
2024-01-03,Keyboard,43,667,East
2024-01-04,Monitor,44,668,West
2024-01-05,Headphones,45,669,North
2024-01-06,Laptop,46,670,South
2024-01-07,Mouse,47,671,East
2024-01-08,Keyboard,48,672,West
2024-01-09,Monitor,49,673,North
2024-01-10,Headphones,50,674,South
2024-01-11,Laptop,51,675,East
2024-01-12,Mouse,52,676,West
2024-01-13,Keyboard,53,677,North
2024-01-14,Monitor,54,678,South
2024-01-15,Headphones,55,679,East
2024-01-16,Laptop,56,680,West
2024-01-17,Mouse,57,681,North
2024-01-18,Keyboard,58,682,South
2024-01-19,Monitor,59,683,East
2024-01-20,Headphones,60,684,West
2024-01-21,Laptop,61,685,North
2024-01-22,Mouse,62,686,South
2024-01-23,Keyboard,63,687,East
2024-01-24,Monitor,64,688,West
2024-01-25,Headphones,65,689,North
2024-01-26,Laptop,66,690,South
2024-01-27,Mouse,67,691,East
2024-01-28,Keyboard,68,692,West
2024-01-01,Monitor,69,693,North
2024-01-02,Headphones,70,694,South
2024-01-03,Laptop,71,695,East
2024-01-04,Mouse,72,696,West
2024-01-05,Keyboard,73,697,North
2024-01-06,Monitor,74,698,South
2024-01-07,Headphones,75,699,East
2024-01-08,Laptop,76,700,West
2024-01-09,Mouse,77,701,North
2024-01-10,Keyboard,78,702,South
2024-01-11,Monitor,79,703,East
2024-01-12,Headphones,80,704,West
2024-01-13,Laptop,81,705,North
2024-01-14,Mouse,82,706,South
2024-01-15,Keyboard,83,707,East
2024-01-16,Monitor,84,708,West
2024-01-17,Headphones,85,709,North
2024-01-18,Laptop,86,710,South
2024-01-19,Mouse,87,711,East
2024-01-20,Keyboard,88,712,West
2024-01-21,Monitor,89,713,North
2024-01-22,Headphones,90,714,South
2024-01-23,Laptop,91,715,East
2024-01-24,Mouse,92,716,West
2024-01-25,Keyboard,93,717,North
2024-01-26,Monitor,94,718,South
2024-01-27,Headphones,95,719,East
2024-01-28,Laptop,96,720,West
2024-01-01,Mouse,97,721,North
2024-01-02,Keyboard,98,722,South
2024-01-03,Monitor,99,723,East
2024-01-04,Headphones,100,724,West
2024-01-05,Laptop,1,725,North
2024-01-06,Mouse,2,726,South
2024-01-07,Keyboard,3,727,East
2024-01-08,Monitor,4,728,West
2024-01-09,Headphones,5,729,North
2024-01-10,Laptop,6,730,South
2024-01-11,Mouse,7,731,East
2024-01-12,Keyboard,8,732,West
2024-01-13,Monitor,9,733,North
2024-01-14,Headphones,10,734,South
2024-01-15,Laptop,11,735,East
2024-01-16,Mouse,12,736,West
2024-01-17,Keyboard,13,737,North
2024-01-18,Monitor,14,738,South
2024-01-19,Headphones,15,739,East
2024-01-20,Laptop,16,740,West
2024-01-21,Mouse,17,741,North
2024-01-22,Keyboard,18,742,South
2024-01-23,Monitor,19,743,East
2024-01-24,Headphones,20,744,West
2024-01-25,Laptop,21,745,North
2024-01-26,Mouse,22,746,South
2024-01-27,Keyboard,23,747,East
2024-01-28,Monitor,24,748,West
2024-01-01,Headphones,25,749,North
2024-01-02,Laptop,26,750,South
2024-01-03,Mouse,27,751,East
2024-01-04,Keyboard,28,752,West
2024-01-05,Monitor,29,753,North
2024-01-06,Headphones,30,754,South
2024-01-07,Laptop,31,755,East
2024-01-08,Mouse,32,756,West
2024-01-09,Keyboard,33,757,North
2024-01-10,Monitor,34,758,South
2024-01-11,Headphones,35,759,East
2024-01-12,Laptop,36,760,West
2024-01-13,Mouse,37,761,North
2024-01-14,Keyboard,38,762,South
2024-01-15,Monitor,39,763,East
2024-01-16,Headphones,40,764,West
2024-01-17,Laptop,41,765,North
2024-01-18,Mouse,42,766,South
2024-01-19,Keyboard,43,767,East
2024-01-20,Monitor,44,768,West
2024-01-21,Headphones,45,769,North
2024-01-22,Laptop,46,770,South
2024-01-23,Mouse,47,771,East
2024-01-24,Keyboard,48,772,West
2024-01-25,Monitor,49,773,North
2024-01-26,Headphones,50,774,South
2024-01-27,Laptop,51,775,East
2024-01-28,Mouse,52,776,West
2024-01-01,Keyboard,53,777,North
2024-01-02,Monitor,54,778,South
2024-01-03,Headphones,55,779,East
2024-01-04,Laptop,56,780,West
2024-01-05,Mouse,57,781,North
2024-01-06,Keyboard,58,782,South
2024-01-07,Monitor,59,783,East
2024-01-08,Headphones,60,784,West
2024-01-09,Laptop,61,785,North
2024-01-10,Mouse,62,786,South
2024-01-11,Keyboard,63,787,East
2024-01-12,Monitor,64,788,West
2024-01-13,Headphones,65,789,North
2024-01-14,Laptop,66,790,South
2024-01-15,Mouse,67,791,East
2024-01-16,Keyboard,68,792,West
2024-01-17,Monitor,69,793,North
2024-01-18,Headphones,70,794,South
2024-01-19,Laptop,71,795,East
2024-01-20,Mouse,72,796,West
2024-01-21,Keyboard,73,797,North
2024-01-22,Monitor,74,798,South
2024-01-23,Headphones,75,799,East
2024-01-24,Laptop,76,800,West
2024-01-25,Mouse,77,801,North
2024-01-26,Keyboard,78,802,South
2024-01-27,Monitor,79,803,East
2024-01-28,Headphones,80,804,West
2024-01-01,Laptop,81,805,North
2024-01-02,Mouse,82,806,South
2024-01-03,Keyboard,83,807,East
2024-01-04,Monitor,84,808,West
2024-01-05,Headphones,85,809,North
2024-01-06,Laptop,86,810,South
2024-01-07,Mouse,87,811,East
2024-01-08,Keyboard,88,812,West
2024-01-09,Monitor,89,813,North
2024-01-10,Headphones,90,814,South
2024-01-11,Laptop,91,815,East
2024-01-12,Mouse,92,816,West
2024-01-13,Keyboard,93,817,North
2024-01-14,Monitor,94,818,South
2024-01-15,Headphones,95,819,East
2024-01-16,Laptop,96,820,West
2024-01-17,Mouse,97,821,North
2024-01-18,Keyboard,98,822,South
2024-01-19,Monitor,99,823,East
2024-01-20,Headphones,100,824,West
2024-01-21,Laptop,1,825,North
2024-01-22,Mouse,2,826,South
2024-01-23,Keyboard,3,827,East
2024-01-24,Monitor,4,828,West
2024-01-25,Headphones,5,829,North
2024-01-26,Laptop,6,830,South
2024-01-27,Mouse,7,831,East
2024-01-28,Keyboard,8,832,West
2024-01-01,Monitor,9,833,North
2024-01-02,Headphones,10,834,South
2024-01-03,Laptop,11,835,East
2024-01-04,Mouse,12,836,West
2024-01-05,Keyboard,13,837,North
2024-01-06,Monitor,14,838,South
2024-01-07,Headphones,15,839,East
2024-01-08,Laptop,16,840,West
2024-01-09,Mouse,17,841,North
2024-01-10,Keyboard,18,842,South
2024-01-11,Monitor,19,843,East
2024-01-12,Headphones,20,844,West
2024-01-13,Laptop,21,845,North
2024-01-14,Mouse,22,846,South
2024-01-15,Keyboard,23,847,East
2024-01-16,Monitor,24,848,West
2024-01-17,Headphones,25,849,North
2024-01-18,Laptop,26,850,South
2024-01-19,Mouse,27,851,East
2024-01-20,Keyboard,28,852,West
2024-01-21,Monitor,29,853,North
2024-01-22,Headphones,30,854,South
2024-01-23,Laptop,31,855,East
2024-01-24,Mouse,32,856,West
2024-01-25,Keyboard,33,857,North
2024-01-26,Monitor,34,858,South
2024-01-27,Headphones,35,859,East
2024-01-28,Laptop,36,860,West
2024-01-01,Mouse,37,861,North
2024-01-02,Keyboard,38,862,South
2024-01-03,Monitor,39,863,East
2024-01-04,Headphones,40,864,West
2024-01-05,Laptop,41,865,North
2024-01-06,Mouse,42,866,South
2024-01-07,Keyboard,43,867,East
2024-01-08,Monitor,44,868,West
2024-01-09,Headphones,45,869,North
2024-01-10,Laptop,46,870,South
2024-01-11,Mouse,47,871,East
2024-01-12,Keyboard,48,872,West
2024-01-13,Monitor,49,873,North
2024-01-14,Headphones,50,874,South
2024-01-15,Laptop,51,875,East
2024-01-16,Mouse,52,876,West
2024-01-17,Keyboard,53,877,North
2024-01-18,Monitor,54,878,South
2024-01-19,Headphones,55,879,East
2024-01-20,Laptop,56,880,West
2024-01-21,Mouse,57,881,North
2024-01-22,Keyboard,58,882,South
2024-01-23,Monitor,59,883,East
2024-01-24,Headphones,60,884,West
2024-01-25,Laptop,61,885,North
2024-01-26,Mouse,62,886,South
2024-01-27,Keyboard,63,887,East
2024-01-28,Monitor,64,888,West
2024-01-01,Headphones,65,889,North
2024-01-02,Laptop,66,890,South
2024-01-03,Mouse,67,891,East
2024-01-04,Keyboard,68,892,West
2024-01-05,Monitor,69,893,North
2024-01-06,Headphones,70,894,South
2024-01-07,Laptop,71,895,East
2024-01-08,Mouse,72,896,West
2024-01-09,Keyboard,73,897,North
2024-01-10,Monitor,74,898,South
2024-01-11,Headphones,75,899,East
2024-01-12,Laptop,76,900,West
2024-01-13,Mouse,77,901,North
2024-01-14,Keyboard,78,902,South
2024-01-15,Monitor,79,903,East
2024-01-16,Headphones,80,904,West
2024-01-17,Laptop,81,905,North
2024-01-18,Mouse,82,906,South
2024-01-19,Keyboard,83,907,East
2024-01-20,Monitor,84,908,West
2024-01-21,Headphones,85,909,North
2024-01-22,Laptop,86,910,South
2024-01-23,Mouse,87,911,East
2024-01-24,Keyboard,88,912,West
2024-01-25,Monitor,89,913,North
2024-01-26,Headphones,90,914,South
2024-01-27,Laptop,91,915,East
2024-01-28,Mouse,92,916,West
2024-01-01,Keyboard,93,917,North
2024-01-02,Monitor,94,918,South
2024-01-03,Headphones,95,919,East
2024-01-04,Laptop,96,920,West
2024-01-05,Mouse,97,921,North
2024-01-06,Keyboard,98,922,South
2024-01-07,Monitor,99,923,East
2024-01-08,Headphones,100,924,West
2024-01-09,Laptop,1,925,North
2024-01-10,Mouse,2,926,South
2024-01-11,Keyboard,3,927,East
2024-01-12,Monitor,4,928,West
2024-01-13,Headphones,5,929,North
2024-01-14,Laptop,6,930,South
2024-01-15,Mouse,7,931,East
2024-01-16,Keyboard,8,932,West
2024-01-17,Monitor,9,933,North
2024-01-18,Headphones,10,934,South
2024-01-19,Laptop,11,935,East
2024-01-20,Mouse,12,936,West
2024-01-21,Keyboard,13,937,North
2024-01-22,Monitor,14,938,South
2024-01-23,Headphones,15,939,East
2024-01-24,Laptop,16,940,West
2024-01-25,Mouse,17,941,North
2024-01-26,Keyboard,18,942,South
2024-01-27,Monitor,19,943,East
2024-01-28,Headphones,20,944,West
2024-01-01,Laptop,21,945,North
2024-01-02,Mouse,22,946,South
2024-01-03,Keyboard,23,947,East
2024-01-04,Monitor,24,948,West
2024-01-05,Headphones,25,949,North
2024-01-06,Laptop,26,950,South
2024-01-07,Mouse,27,951,East
2024-01-08,Keyboard,28,952,West
2024-01-09,Monitor,29,953,North
2024-01-10,Headphones,30,954,South
2024-01-11,Laptop,31,955,East
2024-01-12,Mouse,32,956,West
2024-01-13,Keyboard,33,957,North
2024-01-14,Monitor,34,958,South
2024-01-15,Headphones,35,959,East
2024-01-16,Laptop,36,960,West
2024-01-17,Mouse,37,961,North
2024-01-18,Keyboard,38,962,South
2024-01-19,Monitor,39,963,East
2024-01-20,Headphones,40,964,West
2024-01-21,Laptop,41,965,North
2024-01-22,Mouse,42,966,South
2024-01-23,Keyboard,43,967,East
2024-01-24,Monitor,44,968,West
2024-01-25,Headphones,45,969,North
2024-01-26,Laptop,46,970,South
2024-01-27,Mouse,47,971,East
2024-01-28,Keyboard,48,972,West
2024-01-01,Monitor,49,973,North
2024-01-02,Headphones,50,974,South
2024-01-03,Laptop,51,975,East
2024-01-04,Mouse,52,976,West
2024-01-05,Keyboard,53,977,North
2024-01-06,Monitor,54,978,South
2024-01-07,Headphones,55,979,East
2024-01-08,Laptop,56,980,West
2024-01-09,Mouse,57,981,North
2024-01-10,Keyboard,58,982,South
2024-01-11,Monitor,59,983,East
2024-01-12,Headphones,60,984,West
2024-01-13,Laptop,61,985,North
2024-01-14,Mouse,62,986,South
2024-01-15,Keyboard,63,987,East
2024-01-16,Monitor,64,988,West
2024-01-17,Headphones,65,989,North
2024-01-18,Laptop,66,990,South
2024-01-19,Mouse,67,991,East
2024-01-20,Keyboard,68,992,West
2024-01-21,Monitor,69,993,North
2024-01-22,Headphones,70,994,South
2024-01-23,Laptop,71,995,East
2024-01-24,Mouse,72,996,West
2024-01-25,Keyboard,73,997,North
2024-01-26,Monitor,74,998,South
2024-01-27,Headphones,75,999,East
2024-01-28,Laptop,76,1000,West
2024-01-01,Mouse,77,1001,North
2024-01-02,Keyboard,78,1002,South
2024-01-03,Monitor,79,1003,East
2024-01-04,Headphones,80,1004,West
2024-01-05,Laptop,81,1005,North
2024-01-06,Mouse,82,1006,South
2024-01-07,Keyboard,83,1007,East
2024-01-08,Monitor,84,1008,West
2024-01-09,Headphones,85,1009,North
2024-01-10,Laptop,86,1010,South
2024-01-11,Mouse,87,1011,East
2024-01-12,Keyboard,88,1012,West
2024-01-13,Monitor,89,1013,North
2024-01-14,Headphones,90,1014,South
2024-01-15,Laptop,91,1015,East
2024-01-16,Mouse,92,1016,West
2024-01-17,Keyboard,93,1017,North
2024-01-18,Monitor,94,1018,South
2024-01-19,Headphones,95,1019,East
2024-01-20,Laptop,96,1020,West
2024-01-21,Mouse,97,1021,North
2024-01-22,Keyboard,98,1022,South
2024-01-23,Monitor,99,1023,East
2024-01-24,Headphones,100,1024,West
2024-01-25,Laptop,1,1025,North
2024-01-26,Mouse,2,1026,South
2024-01-27,Keyboard,3,1027,East
2024-01-28,Monitor,4,1028,West
2024-01-01,Headphones,5,1029,North
2024-01-02,Laptop,6,1030,South
2024-01-03,Mouse,7,1031,East
2024-01-04,Keyboard,8,1032,West
2024-01-05,Monitor,9,1033,North
2024-01-06,Headphones,10,1034,South
2024-01-07,Laptop,11,1035,East
2024-01-08,Mouse,12,1036,West
2024-01-09,Keyboard,13,1037,North
2024-01-10,Monitor,14,1038,South
2024-01-11,Headphones,15,1039,East
2024-01-12,Laptop,16,1040,West
2024-01-13,Mouse,17,1041,North
2024-01-14,Keyboard,18,1042,South
2024-01-15,Monitor,19,1043,East
2024-01-16,Headphones,20,1044,West
2024-01-17,Laptop,21,1045,North
2024-01-18,Mouse,22,1046,South
2024-01-19,Keyboard,23,1047,East
2024-01-20,Monitor,24,1048,West
2024-01-21,Headphones,25,1049,North
2024-01-22,Laptop,26,1050,South
2024-01-23,Mouse,27,1051,East
2024-01-24,Keyboard,28,1052,West
2024-01-25,Monitor,29,1053,North
2024-01-26,Headphones,30,1054,South
2024-01-27,Laptop,31,1055,East
2024-01-28,Mouse,32,1056,West
2024-01-01,Keyboard,33,1057,North
2024-01-02,Monitor,34,1058,South
2024-01-03,Headphones,35,1059,East
2024-01-04,Laptop,36,1060,West
2024-01-05,Mouse,37,1061,North
2024-01-06,Keyboard,38,1062,South
2024-01-07,Monitor,39,1063,East
2024-01-08,Headphones,40,1064,West
2024-01-09,Laptop,41,1065,North
2024-01-10,Mouse,42,1066,South
2024-01-11,Keyboard,43,1067,East
2024-01-12,Monitor,44,1068,West
2024-01-13,Headphones,45,1069,North
2024-01-14,Laptop,46,1070,South
2024-01-15,Mouse,47,1071,East
2024-01-16,Keyboard,48,1072,West
2024-01-17,Monitor,49,1073,North
2024-01-18,Headphones,50,1074,South
2024-01-19,Laptop,51,1075,East
2024-01-20,Mouse,52,1076,West
2024-01-21,Keyboard,53,1077,North
2024-01-22,Monitor,54,1078,South
2024-01-23,Headphones,55,1079,East
2024-01-24,Laptop,56,1080,West
2024-01-25,Mouse,57,1081,North
2024-01-26,Keyboard,58,1082,South
2024-01-27,Monitor,59,1083,East
2024-01-28,Headphones,60,1084,West
2024-01-01,Laptop,61,1085,North
2024-01-02,Mouse,62,1086,South
2024-01-03,Keyboard,63,1087,East
2024-01-04,Monitor,64,1088,West
2024-01-05,Headphones,65,1089,North
2024-01-06,Laptop,66,1090,South
2024-01-07,Mouse,67,1091,East
2024-01-08,Keyboard,68,1092,West
2024-01-09,Monitor,69,1093,North
2024-01-10,Headphones,70,1094,South
2024-01-11,Laptop,71,1095,East
2024-01-12,Mouse,72,1096,West
2024-01-13,Keyboard,73,1097,North
2024-01-14,Monitor,74,1098,South
2024-01-15,Headphones,75,1099,East
2024-01-16,Laptop,76,1100,West
2024-01-17,Mouse,77,1101,North
2024-01-18,Keyboard,78,1102,South
2024-01-19,Monitor,79,1103,East
2024-01-20,Headphones,80,1104,West
2024-01-21,Laptop,81,1105,North
2024-01-22,Mouse,82,1106,South
2024-01-23,Keyboard,83,1107,East
2024-01-24,Monitor,84,1108,West
2024-01-25,Headphones,85,1109,North
2024-01-26,Laptop,86,1110,South
2024-01-27,Mouse,87,1111,East
2024-01-28,Keyboard,88,1112,West
2024-01-01,Monitor,89,1113,North
2024-01-02,Headphones,90,1114,South
2024-01-03,Laptop,91,1115,East
2024-01-04,Mouse,92,1116,West
2024-01-05,Keyboard,93,1117,North
2024-01-06,Monitor,94,1118,South
2024-01-07,Headphones,95,1119,East
2024-01-08,Laptop,96,1120,West
2024-01-09,Mouse,97,1121,North
2024-01-10,Keyboard,98,1122,South
2024-01-11,Monitor,99,1123,East
2024-01-12,Headphones,100,1124,West
2024-01-13,Laptop,1,1125,North
2024-01-14,Mouse,2,1126,South
2024-01-15,Keyboard,3,1127,East
2024-01-16,Monitor,4,1128,West
2024-01-17,Headphones,5,1129,North
2024-01-18,Laptop,6,1130,South
2024-01-19,Mouse,7,1131,East
2024-01-20,Keyboard,8,1132,West
2024-01-21,Monitor,9,1133,North
2024-01-22,Headphones,10,1134,South
2024-01-23,Laptop,11,1135,East
2024-01-24,Mouse,12,1136,West
2024-01-25,Keyboard,13,1137,North
2024-01-26,Monitor,14,1138,South
2024-01-27,Headphones,15,1139,East
2024-01-28,Laptop,16,1140,West
2024-01-01,Mouse,17,1141,North
2024-01-02,Keyboard,18,1142,South
2024-01-03,Monitor,19,1143,East
2024-01-04,Headphones,20,1144,West
2024-01-05,Laptop,21,1145,North
2024-01-06,Mouse,22,1146,South
2024-01-07,Keyboard,23,1147,East
2024-01-08,Monitor,24,1148,West
2024-01-09,Headphones,25,1149,North
2024-01-10,Laptop,26,1150,South
2024-01-11,Mouse,27,1151,East
2024-01-12,Keyboard,28,1152,West
2024-01-13,Monitor,29,1153,North
2024-01-14,Headphones,30,1154,South
2024-01-15,Laptop,31,1155,East
2024-01-16,Mouse,32,1156,West
2024-01-17,Keyboard,33,1157,North
2024-01-18,Monitor,34,1158,South
2024-01-19,Headphones,35,1159,East
2024-01-20,Laptop,36,1160,West
2024-01-21,Mouse,37,1161,North
2024-01-22,Keyboard,38,1162,South
2024-01-23,Monitor,39,1163,East
2024-01-24,Headphones,40,1164,West
2024-01-25,Laptop,41,1165,North
2024-01-26,Mouse,42,1166,South
2024-01-27,Keyboard,43,1167,East
2024-01-28,Monitor,44,1168,West
2024-01-01,Headphones,45,1169,North
2024-01-02,Laptop,46,1170,South
2024-01-03,Mouse,47,1171,East
2024-01-04,Keyboard,48,1172,West
2024-01-05,Monitor,49,1173,North
2024-01-06,Headphones,50,1174,South
2024-01-07,Laptop,51,1175,East
2024-01-08,Mouse,52,1176,West
2024-01-09,Keyboard,53,1177,North
2024-01-10,Monitor,54,1178,South
2024-01-11,Headphones,55,1179,East
2024-01-12,Laptop,56,1180,West
2024-01-13,Mouse,57,1181,North
2024-01-14,Keyboard,58,1182,South
2024-01-15,Monitor,59,1183,East
2024-01-16,Headphones,60,1184,West
2024-01-17,Laptop,61,1185,North
2024-01-18,Mouse,62,1186,South
2024-01-19,Keyboard,63,1187,East
2024-01-20,Monitor,64,1188,West
2024-01-21,Headphones,65,1189,North
2024-01-22,Laptop,66,1190,South
2024-01-23,Mouse,67,1191,East
2024-01-24,Keyboard,68,1192,West
2024-01-25,Monitor,69,1193,North
2024-01-26,Headphones,70,1194,South
2024-01-27,Laptop,71,1195,East
2024-01-28,Mouse,72,1196,West
2024-01-01,Keyboard,73,1197,North
2024-01-02,Monitor,74,1198,South
2024-01-03,Headphones,75,1199,East
2024-01-04,Laptop,76,1200,West
2024-01-05,Mouse,77,1201,North
2024-01-06,Keyboard,78,1202,South
2024-01-07,Monitor,79,1203,East
2024-01-08,Headphones,80,1204,West
2024-01-09,Laptop,81,1205,North
2024-01-10,Mouse,82,1206,South
2024-01-11,Keyboard,83,1207,East
2024-01-12,Monitor,84,1208,West
2024-01-13,Headphones,85,1209,North
2024-01-14,Laptop,86,1210,South
2024-01-15,Mouse,87,1211,East
2024-01-16,Keyboard,88,1212,West
2024-01-17,Monitor,89,1213,North
2024-01-18,Headphones,90,1214,South
2024-01-19,Laptop,91,1215,East
2024-01-20,Mouse,92,1216,West
2024-01-21,Keyboard,93,1217,North
2024-01-22,Monitor,94,1218,South
2024-01-23,Headphones,95,1219,East
2024-01-24,Laptop,96,1220,West
2024-01-25,Mouse,97,1221,North
2024-01-26,Keyboard,98,1222,South
2024-01-27,Monitor,99,1223,East
2024-01-28,Headphones,100,1224,West
2024-01-01,Laptop,1,1225,North
2024-01-02,Mouse,2,1226,South
2024-01-03,Keyboard,3,1227,East
2024-01-04,Monitor,4,1228,West
2024-01-05,Headphones,5,1229,North
2024-01-06,Laptop,6,1230,South
2024-01-07,Mouse,7,1231,East
2024-01-08,Keyboard,8,1232,West
2024-01-09,Monitor,9,1233,North
2024-01-10,Headphones,10,1234,South
2024-01-11,Laptop,11,1235,East
2024-01-12,Mouse,12,1236,West
2024-01-13,Keyboard,13,1237,North
2024-01-14,Monitor,14,1238,South
2024-01-15,Headphones,15,1239,East
2024-01-16,Laptop,16,1240,West
2024-01-17,Mouse,17,1241,North
2024-01-18,Keyboard,18,1242,South
2024-01-19,Monitor,19,1243,East
2024-01-20,Headphones,20,1244,West
2024-01-21,Laptop,21,1245,North
2024-01-22,Mouse,22,1246,South
2024-01-23,Keyboard,23,1247,East
2024-01-24,Monitor,24,1248,West
2024-01-25,Headphones,25,1249,North
2024-01-26,Laptop,26,1250,South
2024-01-27,Mouse,27,1251,East
2024-01-28,Keyboard,28,1252,West
2024-01-01,Monitor,29,1253,North
2024-01-02,Headphones,30,1254,South
2024-01-03,Laptop,31,1255,East
2024-01-04,Mouse,32,1256,West
2024-01-05,Keyboard,33,1257,North
2024-01-06,Monitor,34,1258,South
2024-01-07,Headphones,35,1259,East
2024-01-08,Laptop,36,1260,West
2024-01-09,Mouse,37,1261,North
2024-01-10,Keyboard,38,1262,South
2024-01-11,Monitor,39,1263,East
2024-01-12,Headphones,40,1264,West
2024-01-13,Laptop,41,1265,North
2024-01-14,Mouse,42,1266,South
2024-01-15,Keyboard,43,1267,East
2024-01-16,Monitor,44,1268,West
2024-01-17,Headphones,45,1269,North
2024-01-18,Laptop,46,1270,South
2024-01-19,Mouse,47,1271,East
2024-01-20,Keyboard,48,1272,West
2024-01-21,Monitor,49,1273,North
2024-01-22,Headphones,50,1274,South
2024-01-23,Laptop,51,1275,East
2024-01-24,Mouse,52,1276,West
2024-01-25,Keyboard,53,1277,North
2024-01-26,Monitor,54,1278,South
2024-01-27,Headphones,55,1279,East
2024-01-28,Laptop,56,1280,West
2024-01-01,Mouse,57,1281,North
2024-01-02,Keyboard,58,1282,South
2024-01-03,Monitor,59,1283,East
2024-01-04,Headphones,60,1284,West
2024-01-05,Laptop,61,1285,North
2024-01-06,Mouse,62,1286,South
2024-01-07,Keyboard,63,1287,East
2024-01-08,Monitor,64,1288,West
2024-01-09,Headphones,65,1289,North
2024-01-10,Laptop,66,1290,South
2024-01-11,Mouse,67,1291,East
2024-01-12,Keyboard,68,1292,West
2024-01-13,Monitor,69,1293,North
2024-01-14,Headphones,70,1294,South
2024-01-15,Laptop,71,1295,East
2024-01-16,Mouse,72,1296,West
2024-01-17,Keyboard,73,1297,North
2024-01-18,Monitor,74,1298,South
2024-01-19,Headphones,75,1299,East
2024-01-20,Laptop,76,1300,West
2024-01-21,Mouse,77,1301,North
2024-01-22,Keyboard,78,1302,South
2024-01-23,Monitor,79,1303,East
2024-01-24,Headphones,80,1304,West
2024-01-25,Laptop,81,1305,North
2024-01-26,Mouse,82,1306,South
2024-01-27,Keyboard,83,1307,East
2024-01-28,Monitor,84,1308,West
2024-01-01,Headphones,85,1309,North
2024-01-02,Laptop,86,1310,South
2024-01-03,Mouse,87,1311,East
2024-01-04,Keyboard,88,1312,West
2024-01-05,Monitor,89,1313,North
2024-01-06,Headphones,90,1314,South
2024-01-07,Laptop,91,1315,East
2024-01-08,Mouse,92,1316,West
2024-01-09,Keyboard,93,1317,North
2024-01-10,Monitor,94,1318,South
2024-01-11,Headphones,95,1319,East
2024-01-12,Laptop,96,1320,West
2024-01-13,Mouse,97,1321,North
2024-01-14,Keyboard,98,1322,South
2024-01-15,Monitor,99,1323,East
2024-01-16,Headphones,100,1324,West
2024-01-17,Laptop,1,1325,North
2024-01-18,Mouse,2,1326,South
2024-01-19,Keyboard,3,1327,East
2024-01-20,Monitor,4,1328,West
2024-01-21,Headphones,5,1329,North
2024-01-22,Laptop,6,1330,South
2024-01-23,Mouse,7,1331,East
2024-01-24,Keyboard,8,1332,West
2024-01-25,Monitor,9,1333,North
2024-01-26,Headphones,10,1334,South
2024-01-27,Laptop,11,1335,East
2024-01-28,Mouse,12,1336,West
2024-01-01,Keyboard,13,1337,North
2024-01-02,Monitor,14,1338,South
2024-01-03,Headphones,15,1339,East
2024-01-04,Laptop,16,1340,West
2024-01-05,Mouse,17,1341,North
2024-01-06,Keyboard,18,1342,South
2024-01-07,Monitor,19,1343,East
2024-01-08,Headphones,20,1344,West
2024-01-09,Laptop,21,1345,North
2024-01-10,Mouse,22,1346,South
2024-01-11,Keyboard,23,1347,East
2024-01-12,Monitor,24,1348,West
2024-01-13,Headphones,25,1349,North
2024-01-14,Laptop,26,1350,South
2024-01-15,Mouse,27,1351,East
2024-01-16,Keyboard,28,1352,West
2024-01-17,Monitor,29,1353,North
2024-01-18,Headphones,30,1354,South
2024-01-19,Laptop,31,1355,East
2024-01-20,Mouse,32,1356,West
2024-01-21,Keyboard,33,1357,North
2024-01-22,Monitor,34,1358,South
2024-01-23,Headphones,35,1359,East
2024-01-24,Laptop,36,1360,West
2024-01-25,Mouse,37,1361,North
2024-01-26,Keyboard,38,1362,South
2024-01-27,Monitor,39,1363,East
2024-01-28,Headphones,40,1364,West
2024-01-01,Laptop,41,1365,North
2024-01-02,Mouse,42,1366,South
2024-01-03,Keyboard,43,1367,East
2024-01-04,Monitor,44,1368,West
2024-01-05,Headphones,45,1369,North
2024-01-06,Laptop,46,1370,South
2024-01-07,Mouse,47,1371,East
2024-01-08,Keyboard,48,1372,West
2024-01-09,Monitor,49,1373,North
2024-01-10,Headphones,50,1374,South
2024-01-11,Laptop,51,1375,East
2024-01-12,Mouse,52,1376,West
2024-01-13,Keyboard,53,1377,North
2024-01-14,Monitor,54,1378,South
2024-01-15,Headphones,55,1379,East
2024-01-16,Laptop,56,1380,West
2024-01-17,Mouse,57,1381,North
2024-01-18,Keyboard,58,1382,South
2024-01-19,Monitor,59,1383,East
2024-01-20,Headphones,60,1384,West
2024-01-21,Laptop,61,1385,North
2024-01-22,Mouse,62,1386,South
2024-01-23,Keyboard,63,1387,East
2024-01-24,Monitor,64,1388,West
2024-01-25,Headphones,65,1389,North
2024-01-26,Laptop,66,1390,South
2024-01-27,Mouse,67,1391,East
2024-01-28,Keyboard,68,1392,West
2024-01-01,Monitor,69,1393,North
2024-01-02,Headphones,70,1394,South
2024-01-03,Laptop,71,1395,East
2024-01-04,Mouse,72,1396,West
2024-01-05,Keyboard,73,1397,North
2024-01-06,Monitor,74,1398,South
2024-01-07,Headphones,75,1399,East
2024-01-08,Laptop,76,1400,West
2024-01-09,Mouse,77,1401,North
2024-01-10,Keyboard,78,1402,South
2024-01-11,Monitor,79,1403,East
2024-01-12,Headphones,80,1404,West
2024-01-13,Laptop,81,1405,North
2024-01-14,Mouse,82,1406,South
2024-01-15,Keyboard,83,1407,East
2024-01-16,Monitor,84,1408,West
2024-01-17,Headphones,85,1409,North
2024-01-18,Laptop,86,1410,South
2024-01-19,Mouse,87,1411,East
2024-01-20,Keyboard,88,1412,West
2024-01-21,Monitor,89,1413,North
2024-01-22,Headphones,90,1414,South
2024-01-23,Laptop,91,1415,East
2024-01-24,Mouse,92,1416,West
2024-01-25,Keyboard,93,1417,North
2024-01-26,Monitor,94,1418,South
2024-01-27,Headphones,95,1419,East
2024-01-28,Laptop,96,1420,West
2024-01-01,Mouse,97,1421,North
2024-01-02,Keyboard,98,1422,South
2024-01-03,Monitor,99,1423,East
2024-01-04,Headphones,100,1424,West
2024-01-05,Laptop,1,1425,North
2024-01-06,Mouse,2,1426,South
2024-01-07,Keyboard,3,1427,East
2024-01-08,Monitor,4,1428,West
2024-01-09,Headphones,5,1429,North
2024-01-10,Laptop,6,1430,South
2024-01-11,Mouse,7,1431,East
2024-01-12,Keyboard,8,1432,West
2024-01-13,Monitor,9,1433,North
2024-01-14,Headphones,10,1434,South
2024-01-15,Laptop,11,1435,East
2024-01-16,Mouse,12,1436,West
2024-01-17,Keyboard,13,1437,North
2024-01-18,Monitor,14,1438,South
2024-01-19,Headphones,15,1439,East
2024-01-20,Laptop,16,1440,West
2024-01-21,Mouse,17,1441,North
2024-01-22,Keyboard,18,1442,South
2024-01-23,Monitor,19,1443,East
2024-01-24,Headphones,20,1444,West
2024-01-25,Laptop,21,1445,North
2024-01-26,Mouse,22,1446,South
2024-01-27,Keyboard,23,1447,East
2024-01-28,Monitor,24,1448,West
2024-01-01,Headphones,25,1449,North
2024-01-02,Laptop,26,1450,South
2024-01-03,Mouse,27,1451,East
2024-01-04,Keyboard,28,1452,West
2024-01-05,Monitor,29,1453,North
2024-01-06,Headphones,30,1454,South
2024-01-07,Laptop,31,1455,East
2024-01-08,Mouse,32,1456,West
2024-01-09,Keyboard,33,1457,North
2024-01-10,Monitor,34,1458,South
2024-01-11,Headphones,35,1459,East
2024-01-12,Laptop,36,1460,West
2024-01-13,Mouse,37,1461,North
2024-01-14,Keyboard,38,1462,South
2024-01-15,Monitor,39,1463,East
2024-01-16,Headphones,40,1464,West
2024-01-17,Laptop,41,1465,North
2024-01-18,Mouse,42,1466,South
2024-01-19,Keyboard,43,1467,East
2024-01-20,Monitor,44,1468,West
2024-01-21,Headphones,45,1469,North
2024-01-22,Laptop,46,1470,South
2024-01-23,Mouse,47,1471,East
2024-01-24,Keyboard,48,1472,West
2024-01-25,Monitor,49,1473,North
2024-01-26,Headphones,50,1474,South
2024-01-27,Laptop,51,1475,East
2024-01-28,Mouse,52,1476,West
2024-01-01,Keyboard,53,1477,North
2024-01-02,Monitor,54,1478,South
2024-01-03,Headphones,55,1479,East
2024-01-04,Laptop,56,1480,West
2024-01-05,Mouse,57,1481,North
2024-01-06,Keyboard,58,1482,South
2024-01-07,Monitor,59,1483,East
2024-01-08,Headphones,60,1484,West
2024-01-09,Laptop,61,1485,North
2024-01-10,Mouse,62,1486,South
2024-01-11,Keyboard,63,1487,East
2024-01-12,Monitor,64,1488,West
2024-01-13,Headphones,65,1489,North
2024-01-14,Laptop,66,1490,South
2024-01-15,Mouse,67,1491,East
2024-01-16,Keyboard,68,1492,West
2024-01-17,Monitor,69,1493,North
2024-01-18,Headphones,70,1494,South
2024-01-19,Laptop,71,1495,East
2024-01-20,Mouse,72,1496,West
2024-01-21,Keyboard,73,1497,North
2024-01-22,Monitor,74,1498,South
2024-01-23,Headphones,75,1499,East
2024-01-24,Laptop,76,1500,West
2024-01-25,Mouse,77,1501,North
2024-01-26,Keyboard,78,1502,South
2024-01-27,Monitor,79,1503,East
2024-01-28,Headphones,80,1504,West
2024-01-01,Laptop,81,1505,North
2024-01-02,Mouse,82,1506,South
2024-01-03,Keyboard,83,1507,East
2024-01-04,Monitor,84,1508,West
2024-01-05,Headphones,85,1509,North
2024-01-06,Laptop,86,1510,South
2024-01-07,Mouse,87,1511,East
2024-01-08,Keyboard,88,1512,West
2024-01-09,Monitor,89,1513,North
2024-01-10,Headphones,90,1514,South
2024-01-11,Laptop,91,1515,East
2024-01-12,Mouse,92,1516,West
2024-01-13,Keyboard,93,1517,North
2024-01-14,Monitor,94,1518,South
2024-01-15,Headphones,95,1519,East
2024-01-16,Laptop,96,1520,West
2024-01-17,Mouse,97,1521,North
2024-01-18,Keyboard,98,1522,South
2024-01-19,Monitor,99,1523,East
2024-01-20,Headphones,100,1524,West
2024-01-21,Laptop,1,25,North
2024-01-22,Mouse,2,26,South
2024-01-23,Keyboard,3,27,East
2024-01-24,Monitor,4,28,West
2024-01-25,Headphones,5,29,North
2024-01-26,Laptop,6,30,South
2024-01-27,Mouse,7,31,East
2024-01-28,Keyboard,8,32,West
2024-01-01,Monitor,9,33,North
2024-01-02,Headphones,10,34,South
2024-01-03,Laptop,11,35,East
2024-01-04,Mouse,12,36,West
2024-01-05,Keyboard,13,37,North
2024-01-06,Monitor,14,38,South
2024-01-07,Headphones,15,39,East
2024-01-08,Laptop,16,40,West
2024-01-09,Mouse,17,41,North
2024-01-10,Keyboard,18,42,South
2024-01-11,Monitor,19,43,East
2024-01-12,Headphones,20,44,West
2024-01-13,Laptop,21,45,North
2024-01-14,Mouse,22,46,South
2024-01-15,Keyboard,23,47,East
2024-01-16,Monitor,24,48,West
2024-01-17,Headphones,25,49,North
2024-01-18,Laptop,26,50,South
2024-01-19,Mouse,27,51,East
2024-01-20,Keyboard,28,52,West
2024-01-21,Monitor,29,53,North
2024-01-22,Headphones,30,54,South
2024-01-23,Laptop,31,55,East
2024-01-24,Mouse,32,56,West
2024-01-25,Keyboard,33,57,North
2024-01-26,Monitor,34,58,South
2024-01-27,Headphones,35,59,East
2024-01-28,Laptop,36,60,West
2024-01-01,Mouse,37,61,North
2024-01-02,Keyboard,38,62,South
2024-01-03,Monitor,39,63,East
2024-01-04,Headphones,40,64,West
2024-01-05,Laptop,41,65,North
2024-01-06,Mouse,42,66,South
2024-01-07,Keyboard,43,67,East
2024-01-08,Monitor,44,68,West
2024-01-09,Headphones,45,69,North
2024-01-10,Laptop,46,70,South
2024-01-11,Mouse,47,71,East
2024-01-12,Keyboard,48,72,West
2024-01-13,Monitor,49,73,North
2024-01-14,Headphones,50,74,South
2024-01-15,Laptop,51,75,East
2024-01-16,Mouse,52,76,West
2024-01-17,Keyboard,53,77,North
2024-01-18,Monitor,54,78,South
2024-01-19,Headphones,55,79,East
2024-01-20,Laptop,56,80,West
2024-01-21,Mouse,57,81,North
2024-01-22,Keyboard,58,82,South
2024-01-23,Monitor,59,83,East
2024-01-24,Headphones,60,84,West
2024-01-25,Laptop,61,85,North
2024-01-26,Mouse,62,86,South
2024-01-27,Keyboard,63,87,East
2024-01-28,Monitor,64,88,West
2024-01-01,Headphones,65,89,North
2024-01-02,Laptop,66,90,South
2024-01-03,Mouse,67,91,East
2024-01-04,Keyboard,68,92,West
2024-01-05,Monitor,69,93,North
2024-01-06,Headphones,70,94,South
2024-01-07,Laptop,71,95,East
2024-01-08,Mouse,72,96,West
2024-01-09,Keyboard,73,97,North
2024-01-10,Monitor,74,98,South
2024-01-11,Headphones,75,99,East
2024-01-12,Laptop,76,100,West
2024-01-13,Mouse,77,101,North
2024-01-14,Keyboard,78,102,South
2024-01-15,Monitor,79,103,East
2024-01-16,Headphones,80,104,West
2024-01-17,Laptop,81,105,North
2024-01-18,Mouse,82,106,South
2024-01-19,Keyboard,83,107,East
2024-01-20,Monitor,84,108,West
2024-01-21,Headphones,85,109,North
2024-01-22,Laptop,86,110,South
2024-01-23,Mouse,87,111,East
2024-01-24,Keyboard,88,112,West
2024-01-25,Monitor,89,113,North
2024-01-26,Headphones,90,114,South
2024-01-27,Laptop,91,115,East
2024-01-28,Mouse,92,116,West
2024-01-01,Keyboard,93,117,North
2024-01-02,Monitor,94,118,South
2024-01-03,Headphones,95,119,East
2024-01-04,Laptop,96,120,West
2024-01-05,Mouse,97,121,North
2024-01-06,Keyboard,98,122,South
2024-01-07,Monitor,99,123,East
2024-01-08,Headphones,100,124,West
2024-01-09,Laptop,1,125,North
2024-01-10,Mouse,2,126,South
2024-01-11,Keyboard,3,127,East
2024-01-12,Monitor,4,128,West
2024-01-13,Headphones,5,129,North
2024-01-14,Laptop,6,130,South
2024-01-15,Mouse,7,131,East
2024-01-16,Keyboard,8,132,West
2024-01-17,Monitor,9,133,North
2024-01-18,Headphones,10,134,South
2024-01-19,Laptop,11,135,East
2024-01-20,Mouse,12,136,West
2024-01-21,Keyboard,13,137,North
2024-01-22,Monitor,14,138,South
2024-01-23,Headphones,15,139,East
2024-01-24,Laptop,16,140,West
2024-01-25,Mouse,17,141,North
2024-01-26,Keyboard,18,142,South
2024-01-27,Monitor,19,143,East
2024-01-28,Headphones,20,144,West
2024-01-01,Laptop,21,145,North
2024-01-02,Mouse,22,146,South
2024-01-03,Keyboard,23,147,East
2024-01-04,Monitor,24,148,West
2024-01-05,Headphones,25,149,North
2024-01-06,Laptop,26,150,South
2024-01-07,Mouse,27,151,East
2024-01-08,Keyboard,28,152,West
2024-01-09,Monitor,29,153,North
2024-01-10,Headphones,30,154,South
2024-01-11,Laptop,31,155,East
2024-01-12,Mouse,32,156,West
2024-01-13,Keyboard,33,157,North
2024-01-14,Monitor,34,158,South
2024-01-15,Headphones,35,159,East
2024-01-16,Laptop,36,160,West
2024-01-17,Mouse,37,161,North
2024-01-18,Keyboard,38,162,South
2024-01-19,Monitor,39,163,East
2024-01-20,Headphones,40,164,West
2024-01-21,Laptop,41,165,North
2024-01-22,Mouse,42,166,South
2024-01-23,Keyboard,43,167,East
2024-01-24,Monitor,44,168,West
2024-01-25,Headphones,45,169,North
2024-01-26,Laptop,46,170,South
2024-01-27,Mouse,47,171,East
2024-01-28,Keyboard,48,172,West
2024-01-01,Monitor,49,173,North
2024-01-02,Headphones,50,174,South
2024-01-03,Laptop,51,175,East
2024-01-04,Mouse,52,176,West
2024-01-05,Keyboard,53,177,North
2024-01-06,Monitor,54,178,South
2024-01-07,Headphones,55,179,East
2024-01-08,Laptop,56,180,West
2024-01-09,Mouse,57,181,North
2024-01-10,Keyboard,58,182,South
2024-01-11,Monitor,59,183,East
2024-01-12,Headphones,60,184,West
2024-01-13,Laptop,61,185,North
2024-01-14,Mouse,62,186,South
2024-01-15,Keyboard,63,187,East
2024-01-16,Monitor,64,188,West
2024-01-17,Headphones,65,189,North
2024-01-18,Laptop,66,190,South
2024-01-19,Mouse,67,191,East
2024-01-20,Keyboard,68,192,West
2024-01-21,Monitor,69,193,North
2024-01-22,Headphones,70,194,South
2024-01-23,Laptop,71,195,East
2024-01-24,Mouse,72,196,West
2024-01-25,Keyboard,73,197,North
2024-01-26,Monitor,74,198,South
2024-01-27,Headphones,75,199,East
2024-01-28,Laptop,76,200,West
2024-01-01,Mouse,77,201,North
2024-01-02,Keyboard,78,202,South
2024-01-03,Monitor,79,203,East
2024-01-04,Headphones,80,204,West
2024-01-05,Laptop,81,205,North
2024-01-06,Mouse,82,206,South
2024-01-07,Keyboard,83,207,East
2024-01-08,Monitor,84,208,West
2024-01-09,Headphones,85,209,North
2024-01-10,Laptop,86,210,South
2024-01-11,Mouse,87,211,East
2024-01-12,Keyboard,88,212,West
2024-01-13,Monitor,89,213,North
2024-01-14,Headphones,90,214,South
2024-01-15,Laptop,91,215,East
2024-01-16,Mouse,92,216,West
2024-01-17,Keyboard,93,217,North
2024-01-18,Monitor,94,218,South
2024-01-19,Headphones,95,219,East
2024-01-20,Laptop,96,220,West
2024-01-21,Mouse,97,221,North
2024-01-22,Keyboard,98,222,South
2024-01-23,Monitor,99,223,East
2024-01-24,Headphones,100,224,West
2024-01-25,Laptop,1,225,North
2024-01-26,Mouse,2,226,South
2024-01-27,Keyboard,3,227,East
2024-01-28,Monitor,4,228,West
2024-01-01,Headphones,5,229,North
2024-01-02,Laptop,6,230,South
2024-01-03,Mouse,7,231,East
2024-01-04,Keyboard,8,232,West
2024-01-05,Monitor,9,233,North
2024-01-06,Headphones,10,234,South
2024-01-07,Laptop,11,235,East
2024-01-08,Mouse,12,236,West
2024-01-09,Keyboard,13,237,North
2024-01-10,Monitor,14,238,South
2024-01-11,Headphones,15,239,East
2024-01-12,Laptop,16,240,West
2024-01-13,Mouse,17,241,North
2024-01-14,Keyboard,18,242,South
2024-01-15,Monitor,19,243,East
2024-01-16,Headphones,20,244,West
2024-01-17,Laptop,21,245,North
2024-01-18,Mouse,22,246,South
2024-01-19,Keyboard,23,247,East
2024-01-20,Monitor,24,248,West
2024-01-21,Headphones,25,249,North
2024-01-22,Laptop,26,250,South
2024-01-23,Mouse,27,251,East
2024-01-24,Keyboard,28,252,West
2024-01-25,Monitor,29,253,North
2024-01-26,Headphones,30,254,South
2024-01-27,Laptop,31,255,East
2024-01-28,Mouse,32,256,West
2024-01-01,Keyboard,33,257,North
2024-01-02,Monitor,34,258,South
2024-01-03,Headphones,35,259,East
2024-01-04,Laptop,36,260,West
2024-01-05,Mouse,37,261,North
2024-01-06,Keyboard,38,262,South
2024-01-07,Monitor,39,263,East
2024-01-08,Headphones,40,264,West
2024-01-09,Laptop,41,265,North
2024-01-10,Mouse,42,266,South
2024-01-11,Keyboard,43,267,East
2024-01-12,Monitor,44,268,West
2024-01-13,Headphones,45,269,North
2024-01-14,Laptop,46,270,South
2024-01-15,Mouse,47,271,East
2024-01-16,Keyboard,48,272,West
2024-01-17,Monitor,49,273,North
2024-01-18,Headphones,50,274,South
2024-01-19,Laptop,51,275,East
2024-01-20,Mouse,52,276,West
2024-01-21,Keyboard,53,277,North
2024-01-22,Monitor,54,278,South
2024-01-23,Headphones,55,279,East
2024-01-24,Laptop,56,280,West
2024-01-25,Mouse,57,281,North
2024-01-26,Keyboard,58,282,South
2024-01-27,Monitor,59,283,East
2024-01-28,Headphones,60,284,West
2024-01-01,Laptop,61,285,North
2024-01-02,Mouse,62,286,South
2024-01-03,Keyboard,63,287,East
2024-01-04,Monitor,64,288,West
2024-01-05,Headphones,65,289,North
2024-01-06,Laptop,66,290,South
2024-01-07,Mouse,67,291,East
2024-01-08,Keyboard,68,292,West
2024-01-09,Monitor,69,293,North
2024-01-10,Headphones,70,294,South
2024-01-11,Laptop,71,295,East
2024-01-12,Mouse,72,296,West
2024-01-13,Keyboard,73,297,North
2024-01-14,Monitor,74,298,South
2024-01-15,Headphones,75,299,East
2024-01-16,Laptop,76,300,West
2024-01-17,Mouse,77,301,North
2024-01-18,Keyboard,78,302,South
2024-01-19,Monitor,79,303,East
2024-01-20,Headphones,80,304,West
2024-01-21,Laptop,81,305,North
2024-01-22,Mouse,82,306,South
2024-01-23,Keyboard,83,307,East
2024-01-24,Monitor,84,308,West
2024-01-25,Headphones,85,309,North
2024-01-26,Laptop,86,310,South
2024-01-27,Mouse,87,311,East
2024-01-28,Keyboard,88,312,West
2024-01-01,Monitor,89,313,North
2024-01-02,Headphones,90,314,South
2024-01-03,Laptop,91,315,East
2024-01-04,Mouse,92,316,West
2024-01-05,Keyboard,93,317,North
2024-01-06,Monitor,94,318,South
2024-01-07,Headphones,95,319,East
2024-01-08,Laptop,96,320,West
2024-01-09,Mouse,97,321,North
2024-01-10,Keyboard,98,322,South
2024-01-11,Monitor,99,323,East
2024-01-12,Headphones,100,324,West
2024-01-13,Laptop,1,325,North
2024-01-14,Mouse,2,326,South
2024-01-15,Keyboard,3,327,East
2024-01-16,Monitor,4,328,West
2024-01-17,Headphones,5,329,North
2024-01-18,Laptop,6,330,South
2024-01-19,Mouse,7,331,East
2024-01-20,Keyboard,8,332,West
2024-01-21,Monitor,9,333,North
2024-01-22,Headphones,10,334,South
2024-01-23,Laptop,11,335,East
2024-01-24,Mouse,12,336,West
2024-01-25,Keyboard,13,337,North
2024-01-26,Monitor,14,338,South
2024-01-27,Headphones,15,339,East
2024-01-28,Laptop,16,340,West
2024-01-01,Mouse,17,341,North
2024-01-02,Keyboard,18,342,South
2024-01-03,Monitor,19,343,East
2024-01-04,Headphones,20,344,West
2024-01-05,Laptop,21,345,North
2024-01-06,Mouse,22,346,South
2024-01-07,Keyboard,23,347,East
2024-01-08,Monitor,24,348,West
2024-01-09,Headphones,25,349,North
2024-01-10,Laptop,26,350,South
2024-01-11,Mouse,27,351,East
2024-01-12,Keyboard,28,352,West
2024-01-13,Monitor,29,353,North
2024-01-14,Headphones,30,354,South
2024-01-15,Laptop,31,355,East
2024-01-16,Mouse,32,356,West
2024-01-17,Keyboard,33,357,North
2024-01-18,Monitor,34,358,South
2024-01-19,Headphones,35,359,East
2024-01-20,Laptop,36,360,West
2024-01-21,Mouse,37,361,North
2024-01-22,Keyboard,38,362,South
2024-01-23,Monitor,39,363,East
2024-01-24,Headphones,40,364,West
2024-01-25,Laptop,41,365,North
2024-01-26,Mouse,42,366,South
2024-01-27,Keyboard,43,367,East
2024-01-28,Monitor,44,368,West
2024-01-01,Headphones,45,369,North
2024-01-02,Laptop,46,370,South
2024-01-03,Mouse,47,371,East
2024-01-04,Keyboard,48,372,West
2024-01-05,Monitor,49,373,North
2024-01-06,Headphones,50,374,South
2024-01-07,Laptop,51,375,East
2024-01-08,Mouse,52,376,West
2024-01-09,Keyboard,53,377,North
2024-01-10,Monitor,54,378,South
2024-01-11,Headphones,55,379,East
2024-01-12,Laptop,56,380,West
2024-01-13,Mouse,57,381,North
2024-01-14,Keyboard,58,382,South
2024-01-15,Monitor,59,383,East
2024-01-16,Headphones,60,384,West
2024-01-17,Laptop,61,385,North
2024-01-18,Mouse,62,386,South
2024-01-19,Keyboard,63,387,East
2024-01-20,Monitor,64,388,West
2024-01-21,Headphones,65,389,North
2024-01-22,Laptop,66,390,South
2024-01-23,Mouse,67,391,East
2024-01-24,Keyboard,68,392,West
2024-01-25,Monitor,69,393,North
2024-01-26,Headphones,70,394,South
2024-01-27,Laptop,71,395,East
2024-01-28,Mouse,72,396,West
2024-01-01,Keyboard,73,397,North
2024-01-02,Monitor,74,398,South
2024-01-03,Headphones,75,399,East
2024-01-04,Laptop,76,400,West
2024-01-05,Mouse,77,401,North
2024-01-06,Keyboard,78,402,South
2024-01-07,Monitor,79,403,East
2024-01-08,Headphones,80,404,West
2024-01-09,Laptop,81,405,North
2024-01-10,Mouse,82,406,South
2024-01-11,Keyboard,83,407,East
2024-01-12,Monitor,84,408,West
2024-01-13,Headphones,85,409,North
2024-01-14,Laptop,86,410,South
2024-01-15,Mouse,87,411,East
2024-01-16,Keyboard,88,412,West
2024-01-17,Monitor,89,413,North
2024-01-18,Headphones,90,414,South
2024-01-19,Laptop,91,415,East
2024-01-20,Mouse,92,416,West
2024-01-21,Keyboard,93,417,North
2024-01-22,Monitor,94,418,South
2024-01-23,Headphones,95,419,East
2024-01-24,Laptop,96,420,West
2024-01-25,Mouse,97,421,North
2024-01-26,Keyboard,98,422,South
2024-01-27,Monitor,99,423,East
2024-01-28,Headphones,100,424,West
2024-01-01,Laptop,1,425,North
2024-01-02,Mouse,2,426,South
2024-01-03,Keyboard,3,427,East
2024-01-04,Monitor,4,428,West
2024-01-05,Headphones,5,429,North
2024-01-06,Laptop,6,430,South
2024-01-07,Mouse,7,431,East
2024-01-08,Keyboard,8,432,West
2024-01-09,Monitor,9,433,North
2024-01-10,Headphones,10,434,South
2024-01-11,Laptop,11,435,East
2024-01-12,Mouse,12,436,West
2024-01-13,Keyboard,13,437,North
2024-01-14,Monitor,14,438,South
2024-01-15,Headphones,15,439,East
2024-01-16,Laptop,16,440,West
2024-01-17,Mouse,17,441,North
2024-01-18,Keyboard,18,442,South
2024-01-19,Monitor,19,443,East
2024-01-20,Headphones,20,444,West
2024-01-21,Laptop,21,445,North
2024-01-22,Mouse,22,446,South
2024-01-23,Keyboard,23,447,East
2024-01-24,Monitor,24,448,West
2024-01-25,Headphones,25,449,North
2024-01-26,Laptop,26,450,South
2024-01-27,Mouse,27,451,East
2024-01-28,Keyboard,28,452,West
2024-01-01,Monitor,29,453,North
2024-01-02,Headphones,30,454,South
2024-01-03,Laptop,31,455,East
2024-01-04,Mouse,32,456,West
2024-01-05,Keyboard,33,457,North
2024-01-06,Monitor,34,458,South
2024-01-07,Headphones,35,459,East
2024-01-08,Laptop,36,460,West
2024-01-09,Mouse,37,461,North
2024-01-10,Keyboard,38,462,South
2024-01-11,Monitor,39,463,East
2024-01-12,Headphones,40,464,West
2024-01-13,Laptop,41,465,North
2024-01-14,Mouse,42,466,South
2024-01-15,Keyboard,43,467,East
2024-01-16,Monitor,44,468,West
2024-01-17,Headphones,45,469,North
2024-01-18,Laptop,46,470,South
2024-01-19,Mouse,47,471,East
2024-01-20,Keyboard,48,472,West
2024-01-21,Monitor,49,473,North
2024-01-22,Headphones,50,474,South
2024-01-23,Laptop,51,475,East
2024-01-24,Mouse,52,476,West
2024-01-25,Keyboard,53,477,North
2024-01-26,Monitor,54,478,South
2024-01-27,Headphones,55,479,East
2024-01-28,Laptop,56,480,West
2024-01-01,Mouse,57,481,North
2024-01-02,Keyboard,58,482,South
2024-01-03,Monitor,59,483,East
2024-01-04,Headphones,60,484,West
2024-01-05,Laptop,61,485,North
2024-01-06,Mouse,62,486,South
2024-01-07,Keyboard,63,487,East
2024-01-08,Monitor,64,488,West
2024-01-09,Headphones,65,489,North
2024-01-10,Laptop,66,490,South
2024-01-11,Mouse,67,491,East
2024-01-12,Keyboard,68,492,West
2024-01-13,Monitor,69,493,North
2024-01-14,Headphones,70,494,South
2024-01-15,Laptop,71,495,East
2024-01-16,Mouse,72,496,West
2024-01-17,Keyboard,73,497,North
2024-01-18,Monitor,74,498,South
2024-01-19,Headphones,75,499,East
2024-01-20,Laptop,76,500,West
2024-01-21,Mouse,77,501,North
2024-01-22,Keyboard,78,502,South
2024-01-23,Monitor,79,503,East
2024-01-24,Headphones,80,504,West
2024-01-25,Laptop,81,505,North
2024-01-26,Mouse,82,506,South
2024-01-27,Keyboard,83,507,East
2024-01-28,Monitor,84,508,West
2024-01-01,Headphones,85,509,North
2024-01-02,Laptop,86,510,South
2024-01-03,Mouse,87,511,East
2024-01-04,Keyboard,88,512,West
2024-01-05,Monitor,89,513,North
2024-01-06,Headphones,90,514,South
2024-01-07,Laptop,91,515,East
2024-01-08,Mouse,92,516,West
2024-01-09,Keyboard,93,517,North
2024-01-10,Monitor,94,518,South
2024-01-11,Headphones,95,519,East
2024-01-12,Laptop,96,520,West
2024-01-13,Mouse,97,521,North
2024-01-14,Keyboard,98,522,South
2024-01-15,Monitor,99,523,East
2024-01-16,Headphones,100,524,West
2024-01-17,Laptop,1,525,North
2024-01-18,Mouse,2,526,South
2024-01-19,Keyboard,3,527,East
2024-01-20,Monitor,4,528,West
2024-01-21,Headphones,5,529,North
2024-01-22,Laptop,6,530,South
2024-01-23,Mouse,7,531,East
2024-01-24,Keyboard,8,532,West
2024-01-25,Monitor,9,533,North
2024-01-26,Headphones,10,534,South
2024-01-27,Laptop,11,535,East
2024-01-28,Mouse,12,536,West
2024-01-01,Keyboard,13,537,North
2024-01-02,Monitor,14,538,South
2024-01-03,Headphones,15,539,East
2024-01-04,Laptop,16,540,West
2024-01-05,Mouse,17,541,North
2024-01-06,Keyboard,18,542,South
2024-01-07,Monitor,19,543,East
2024-01-08,Headphones,20,544,West
2024-01-09,Laptop,21,545,North
2024-01-10,Mouse,22,546,South
2024-01-11,Keyboard,23,547,East
2024-01-12,Monitor,24,548,West
2024-01-13,Headphones,25,549,North
2024-01-14,Laptop,26,550,South
2024-01-15,Mouse,27,551,East
2024-01-16,Keyboard,28,552,West
2024-01-17,Monitor,29,553,North
2024-01-18,Headphones,30,554,South
2024-01-19,Laptop,31,555,East
2024-01-20,Mouse,32,556,West
2024-01-21,Keyboard,33,557,North
2024-01-22,Monitor,34,558,South
2024-01-23,Headphones,35,559,East
2024-01-24,Laptop,36,560,West
2024-01-25,Mouse,37,561,North
2024-01-26,Keyboard,38,562,South
2024-01-27,Monitor,39,563,East
2024-01-28,Headphones,40,564,West
2024-01-01,Laptop,41,565,North
2024-01-02,Mouse,42,566,South
2024-01-03,Keyboard,43,567,East
2024-01-04,Monitor,44,568,West
2024-01-05,Headphones,45,569,North
2024-01-06,Laptop,46,570,South
2024-01-07,Mouse,47,571,East
2024-01-08,Keyboard,48,572,West
2024-01-09,Monitor,49,573,North
2024-01-10,Headphones,50,574,South
2024-01-11,Laptop,51,575,East
2024-01-12,Mouse,52,576,West
2024-01-13,Keyboard,53,577,North
2024-01-14,Monitor,54,578,South
2024-01-15,Headphones,55,579,East
2024-01-16,Laptop,56,580,West
2024-01-17,Mouse,57,581,North
2024-01-18,Keyboard,58,582,South
2024-01-19,Monitor,59,583,East
2024-01-20,Headphones,60,584,West
2024-01-21,Laptop,61,585,North
2024-01-22,Mouse,62,586,South
2024-01-23,Keyboard,63,587,East
2024-01-24,Monitor,64,588,West
2024-01-25,Headphones,65,589,North
2024-01-26,Laptop,66,590,South
2024-01-27,Mouse,67,591,East
2024-01-28,Keyboard,68,592,West
2024-01-01,Monitor,69,593,North
2024-01-02,Headphones,70,594,South
2024-01-03,Laptop,71,595,East
2024-01-04,Mouse,72,596,West
2024-01-05,Keyboard,73,597,North
2024-01-06,Monitor,74,598,South
2024-01-07,Headphones,75,599,East
2024-01-08,Laptop,76,600,West
2024-01-09,Mouse,77,601,North
2024-01-10,Keyboard,78,602,South
2024-01-11,Monitor,79,603,East
2024-01-12,Headphones,80,604,West
2024-01-13,Laptop,81,605,North
2024-01-14,Mouse,82,606,South
2024-01-15,Keyboard,83,607,East
2024-01-16,Monitor,84,608,West
2024-01-17,Headphones,85,609,North
2024-01-18,Laptop,86,610,South
2024-01-19,Mouse,87,611,East
2024-01-20,Keyboard,88,612,West
2024-01-21,Monitor,89,613,North
2024-01-22,Headphones,90,614,South
2024-01-23,Laptop,91,615,East
2024-01-24,Mouse,92,616,West
2024-01-25,Keyboard,93,617,North
2024-01-26,Monitor,94,618,South
2024-01-27,Headphones,95,619,East
2024-01-28,Laptop,96,620,West
2024-01-01,Mouse,97,621,North
2024-01-02,Keyboard,98,622,South
2024-01-03,Monitor,99,623,East
2024-01-04,Headphones,100,624,West
2024-01-05,Laptop,1,625,North
2024-01-06,Mouse,2,626,South
2024-01-07,Keyboard,3,627,East
2024-01-08,Monitor,4,628,West
2024-01-09,Headphones,5,629,North
2024-01-10,Laptop,6,630,South
2024-01-11,Mouse,7,631,East
2024-01-12,Keyboard,8,632,West
2024-01-13,Monitor,9,633,North
2024-01-14,Headphones,10,634,South
2024-01-15,Laptop,11,635,East
2024-01-16,Mouse,12,636,West
2024-01-17,Keyboard,13,637,North
2024-01-18,Monitor,14,638,South
2024-01-19,Headphones,15,639,East
2024-01-20,Laptop,16,640,West
2024-01-21,Mouse,17,641,North
2024-01-22,Keyboard,18,642,South
2024-01-23,Monitor,19,643,East
2024-01-24,Headphones,20,644,West
2024-01-25,Laptop,21,645,North
2024-01-26,Mouse,22,646,South
2024-01-27,Keyboard,23,647,East
2024-01-28,Monitor,24,648,West
2024-01-01,Headphones,25,649,North
2024-01-02,Laptop,26,650,South
2024-01-03,Mouse,27,651,East
2024-01-04,Keyboard,28,652,West
2024-01-05,Monitor,29,653,North
2024-01-06,Headphones,30,654,South
2024-01-07,Laptop,31,655,East
2024-01-08,Mouse,32,656,West
2024-01-09,Keyboard,33,657,North
2024-01-10,Monitor,34,658,South
2024-01-11,Headphones,35,659,East
2024-01-12,Laptop,36,660,West
2024-01-13,Mouse,37,661,North
2024-01-14,Keyboard,38,662,South
2024-01-15,Monitor,39,663,East
2024-01-16,Headphones,40,664,West
2024-01-17,Laptop,41,665,North
2024-01-18,Mouse,42,666,South
2024-01-19,Keyboard,43,667,East
2024-01-20,Monitor,44,668,West
2024-01-21,Headphones,45,669,North
2024-01-22,Laptop,46,670,South
2024-01-23,Mouse,47,671,East
2024-01-24,Keyboard,48,672,West
2024-01-25,Monitor,49,673,North
2024-01-26,Headphones,50,674,South
2024-01-27,Laptop,51,675,East
2024-01-28,Mouse,52,676,West
2024-01-01,Keyboard,53,677,North
2024-01-02,Monitor,54,678,South
2024-01-03,Headphones,55,679,East
2024-01-04,Laptop,56,680,West
2024-01-05,Mouse,57,681,North
2024-01-06,Keyboard,58,682,South
2024-01-07,Monitor,59,683,East
2024-01-08,Headphones,60,684,West
2024-01-09,Laptop,61,685,North
2024-01-10,Mouse,62,686,South
2024-01-11,Keyboard,63,687,East
2024-01-12,Monitor,64,688,West
2024-01-13,Headphones,65,689,North
2024-01-14,Laptop,66,690,South
2024-01-15,Mouse,67,691,East
2024-01-16,Keyboard,68,692,West
2024-01-17,Monitor,69,693,North
2024-01-18,Headphones,70,694,South
2024-01-19,Laptop,71,695,East
2024-01-20,Mouse,72,696,West
2024-01-21,Keyboard,73,697,North
2024-01-22,Monitor,74,698,South
2024-01-23,Headphones,75,699,East
2024-01-24,Laptop,76,700,West
2024-01-25,Mouse,77,701,North
2024-01-26,Keyboard,78,702,South
2024-01-27,Monitor,79,703,East
2024-01-28,Headphones,80,704,West
2024-01-01,Laptop,81,705,North
2024-01-02,Mouse,82,706,South
2024-01-03,Keyboard,83,707,East
2024-01-04,Monitor,84,708,West
2024-01-05,Headphones,85,709,North
2024-01-06,Laptop,86,710,South
2024-01-07,Mouse,87,711,East
2024-01-08,Keyboard,88,712,West
2024-01-09,Monitor,89,713,North
2024-01-10,Headphones,90,714,South
2024-01-11,Laptop,91,715,East
2024-01-12,Mouse,92,716,West
2024-01-13,Keyboard,93,717,North
2024-01-14,Monitor,94,718,South
2024-01-15,Headphones,95,719,East
2024-01-16,Laptop,96,720,West
2024-01-17,Mouse,97,721,North
2024-01-18,Keyboard,98,722,South
2024-01-19,Monitor,99,723,East
2024-01-20,Headphones,100,724,West
2024-01-21,Laptop,1,725,North
2024-01-22,Mouse,2,726,South
2024-01-23,Keyboard,3,727,East
2024-01-24,Monitor,4,728,West
2024-01-25,Headphones,5,729,North
2024-01-26,Laptop,6,730,South
2024-01-27,Mouse,7,731,East
2024-01-28,Keyboard,8,732,West
2024-01-01,Monitor,9,733,North
2024-01-02,Headphones,10,734,South
2024-01-03,Laptop,11,735,East
2024-01-04,Mouse,12,736,West
2024-01-05,Keyboard,13,737,North
2024-01-06,Monitor,14,738,South
2024-01-07,Headphones,15,739,East
2024-01-08,Laptop,16,740,West
2024-01-09,Mouse,17,741,North
2024-01-10,Keyboard,18,742,South
2024-01-11,Monitor,19,743,East
2024-01-12,Headphones,20,744,West
2024-01-13,Laptop,21,745,North
2024-01-14,Mouse,22,746,South
2024-01-15,Keyboard,23,747,East
2024-01-16,Monitor,24,748,West
2024-01-17,Headphones,25,749,North
2024-01-18,Laptop,26,750,South
2024-01-19,Mouse,27,751,East
2024-01-20,Keyboard,28,752,West
2024-01-21,Monitor,29,753,North
2024-01-22,Headphones,30,754,South
2024-01-23,Laptop,31,755,East
2024-01-24,Mouse,32,756,West
2024-01-25,Keyboard,33,757,North
2024-01-26,Monitor,34,758,South
2024-01-27,Headphones,35,759,East
2024-01-28,Laptop,36,760,West
2024-01-01,Mouse,37,761,North
2024-01-02,Keyboard,38,762,South
2024-01-03,Monitor,39,763,East
2024-01-04,Headphones,40,764,West
2024-01-05,Laptop,41,765,North
2024-01-06,Mouse,42,766,South
2024-01-07,Keyboard,43,767,East
2024-01-08,Monitor,44,768,West
2024-01-09,Headphones,45,769,North
2024-01-10,Laptop,46,770,South
2024-01-11,Mouse,47,771,East
2024-01-12,Keyboard,48,772,West
2024-01-13,Monitor,49,773,North
2024-01-14,Headphones,50,774,South
2024-01-15,Laptop,51,775,East
2024-01-16,Mouse,52,776,West
2024-01-17,Keyboard,53,777,North
2024-01-18,Monitor,54,778,South
2024-01-19,Headphones,55,779,East
2024-01-20,Laptop,56,780,West
2024-01-21,Mouse,57,781,North
2024-01-22,Keyboard,58,782,South
2024-01-23,Monitor,59,783,East
2024-01-24,Headphones,60,784,West
2024-01-25,Laptop,61,785,North
2024-01-26,Mouse,62,786,South
2024-01-27,Keyboard,63,787,East
2024-01-28,Monitor,64,788,West
2024-01-01,Headphones,65,789,North
2024-01-02,Laptop,66,790,South
2024-01-03,Mouse,67,791,East
2024-01-04,Keyboard,68,792,West
2024-01-05,Monitor,69,793,North
2024-01-06,Headphones,70,794,South
2024-01-07,Laptop,71,795,East
2024-01-08,Mouse,72,796,West
2024-01-09,Keyboard,73,797,North
2024-01-10,Monitor,74,798,South
2024-01-11,Headphones,75,799,East
2024-01-12,Laptop,76,800,West
2024-01-13,Mouse,77,801,North
2024-01-14,Keyboard,78,802,South
2024-01-15,Monitor,79,803,East
2024-01-16,Headphones,80,804,West
2024-01-17,Laptop,81,805,North
2024-01-18,Mouse,82,806,South
2024-01-19,Keyboard,83,807,East
2024-01-20,Monitor,84,808,West
2024-01-21,Headphones,85,809,North
2024-01-22,Laptop,86,810,South
2024-01-23,Mouse,87,811,East
2024-01-24,Keyboard,88,812,West
2024-01-25,Monitor,89,813,North
2024-01-26,Headphones,90,814,South
2024-01-27,Laptop,91,815,East
2024-01-28,Mouse,92,816,West
2024-01-01,Keyboard,93,817,North
2024-01-02,Monitor,94,818,South
2024-01-03,Headphones,95,819,East
2024-01-04,Laptop,96,820,West
2024-01-05,Mouse,97,821,North
2024-01-06,Keyboard,98,822,South
2024-01-07,Monitor,99,823,East
2024-01-08,Headphones,100,824,West
2024-01-09,Laptop,1,825,North
2024-01-10,Mouse,2,826,South
2024-01-11,Keyboard,3,827,East
2024-01-12,Monitor,4,828,West
2024-01-13,Headphones,5,829,North
2024-01-14,Laptop,6,830,South
2024-01-15,Mouse,7,831,East
2024-01-16,Keyboard,8,832,West
2024-01-17,Monitor,9,833,North
2024-01-18,Headphones,10,834,South
2024-01-19,Laptop,11,835,East
2024-01-20,Mouse,12,836,West
2024-01-21,Keyboard,13,837,North
2024-01-22,Monitor,14,838,South
2024-01-23,Headphones,15,839,East
2024-01-24,Laptop,16,840,West
2024-01-25,Mouse,17,841,North
2024-01-26,Keyboard,18,842,South
2024-01-27,Monitor,19,843,East
2024-01-28,Headphones,20,844,West
2024-01-01,Laptop,21,845,North
2024-01-02,Mouse,22,846,South
2024-01-03,Keyboard,23,847,East
2024-01-04,Monitor,24,848,West
2024-01-05,Headphones,25,849,North
2024-01-06,Laptop,26,850,South
2024-01-07,Mouse,27,851,East
2024-01-08,Keyboard,28,852,West
2024-01-09,Monitor,29,853,North
2024-01-10,Headphones,30,854,South
2024-01-11,Laptop,31,855,East
2024-01-12,Mouse,32,856,West
2024-01-13,Keyboard,33,857,North
2024-01-14,Monitor,34,858,South
2024-01-15,Headphones,35,859,East
2024-01-16,Laptop,36,860,West
2024-01-17,Mouse,37,861,North
2024-01-18,Keyboard,38,862,South
2024-01-19,Monitor,39,863,East
2024-01-20,Headphones,40,864,West
2024-01-21,Laptop,41,865,North
2024-01-22,Mouse,42,866,South
2024-01-23,Keyboard,43,867,East
2024-01-24,Monitor,44,868,West
2024-01-25,Headphones,45,869,North
2024-01-26,Laptop,46,870,South
2024-01-27,Mouse,47,871,East
2024-01-28,Keyboard,48,872,West
2024-01-01,Monitor,49,873,North
2024-01-02,Headphones,50,874,South
2024-01-03,Laptop,51,875,East
2024-01-04,Mouse,52,876,West
2024-01-05,Keyboard,53,877,North
2024-01-06,Monitor,54,878,South
2024-01-07,Headphones,55,879,East
2024-01-08,Laptop,56,880,West
2024-01-09,Mouse,57,881,North
2024-01-10,Keyboard,58,882,South
2024-01-11,Monitor,59,883,East
2024-01-12,Headphones,60,884,West
2024-01-13,Laptop,61,885,North
2024-01-14,Mouse,62,886,South
2024-01-15,Keyboard,63,887,East
2024-01-16,Monitor,64,888,West
2024-01-17,Headphones,65,889,North
2024-01-18,Laptop,66,890,South
2024-01-19,Mouse,67,891,East
2024-01-20,Keyboard,68,892,West
2024-01-21,Monitor,69,893,North
2024-01-22,Headphones,70,894,South
2024-01-23,Laptop,71,895,East
2024-01-24,Mouse,72,896,West
2024-01-25,Keyboard,73,897,North
2024-01-26,Monitor,74,898,South
2024-01-27,Headphones,75,899,East
2024-01-28,Laptop,76,900,West
2024-01-01,Mouse,77,901,North
2024-01-02,Keyboard,78,902,South
2024-01-03,Monitor,79,903,East
2024-01-04,Headphones,80,904,West
2024-01-05,Laptop,81,905,North
2024-01-06,Mouse,82,906,South
2024-01-07,Keyboard,83,907,East
2024-01-08,Monitor,84,908,West
2024-01-09,Headphones,85,909,North
2024-01-10,Laptop,86,910,South
2024-01-11,Mouse,87,911,East
2024-01-12,Keyboard,88,912,West
2024-01-13,Monitor,89,913,North
2024-01-14,Headphones,90,914,South
2024-01-15,Laptop,91,915,East
2024-01-16,Mouse,92,916,West
2024-01-17,Keyboard,93,917,North
2024-01-18,Monitor,94,918,South
2024-01-19,Headphones,95,919,East
2024-01-20,Laptop,96,920,West
2024-01-21,Mouse,97,921,North
2024-01-22,Keyboard,98,922,South
2024-01-23,Monitor,99,923,East
2024-01-24,Headphones,100,924,West
2024-01-25,Laptop,1,925,North
2024-01-26,Mouse,2,926,South
2024-01-27,Keyboard,3,927,East
2024-01-28,Monitor,4,928,West
2024-01-01,Headphones,5,929,North
2024-01-02,Laptop,6,930,South
2024-01-03,Mouse,7,931,East
2024-01-04,Keyboard,8,932,West
2024-01-05,Monitor,9,933,North
2024-01-06,Headphones,10,934,South
2024-01-07,Laptop,11,935,East
2024-01-08,Mouse,12,936,West
2024-01-09,Keyboard,13,937,North
2024-01-10,Monitor,14,938,South
2024-01-11,Headphones,15,939,East
2024-01-12,Laptop,16,940,West
2024-01-13,Mouse,17,941,North
2024-01-14,Keyboard,18,942,South
2024-01-15,Monitor,19,943,East
2024-01-16,Headphones,20,944,West
2024-01-17,Laptop,21,945,North
2024-01-18,Mouse,22,946,South
2024-01-19,Keyboard,23,947,East
2024-01-20,Monitor,24,948,West
2024-01-21,Headphones,25,949,North
2024-01-22,Laptop,26,950,South
2024-01-23,Mouse,27,951,East
2024-01-24,Keyboard,28,952,West
2024-01-25,Monitor,29,953,North
2024-01-26,Headphones,30,954,South
2024-01-27,Laptop,31,955,East
2024-01-28,Mouse,32,956,West
2024-01-01,Keyboard,33,957,North
2024-01-02,Monitor,34,958,South
2024-01-03,Headphones,35,959,East
2024-01-04,Laptop,36,960,West
2024-01-05,Mouse,37,961,North
2024-01-06,Keyboard,38,962,South
2024-01-07,Monitor,39,963,East
2024-01-08,Headphones,40,964,West
2024-01-09,Laptop,41,965,North
2024-01-10,Mouse,42,966,South
2024-01-11,Keyboard,43,967,East
2024-01-12,Monitor,44,968,West
2024-01-13,Headphones,45,969,North
2024-01-14,Laptop,46,970,South
2024-01-15,Mouse,47,971,East
2024-01-16,Keyboard,48,972,West
2024-01-17,Monitor,49,973,North
2024-01-18,Headphones,50,974,South
2024-01-19,Laptop,51,975,East
2024-01-20,Mouse,52,976,West
2024-01-21,Keyboard,53,977,North
2024-01-22,Monitor,54,978,South
2024-01-23,Headphones,55,979,East
2024-01-24,Laptop,56,980,West
2024-01-25,Mouse,57,981,North
2024-01-26,Keyboard,58,982,South
2024-01-27,Monitor,59,983,East
2024-01-28,Headphones,60,984,West
2024-01-01,Laptop,61,985,North
2024-01-02,Mouse,62,986,South
2024-01-03,Keyboard,63,987,East
2024-01-04,Monitor,64,988,West
2024-01-05,Headphones,65,989,North
2024-01-06,Laptop,66,990,South
2024-01-07,Mouse,67,991,East
2024-01-08,Keyboard,68,992,West
2024-01-09,Monitor,69,993,North
2024-01-10,Headphones,70,994,South
2024-01-11,Laptop,71,995,East
2024-01-12,Mouse,72,996,West
2024-01-13,Keyboard,73,997,North
2024-01-14,Monitor,74,998,South
2024-01-15,Headphones,75,999,East
2024-01-16,Laptop,76,1000,West
2024-01-17,Mouse,77,1001,North
2024-01-18,Keyboard,78,1002,South
2024-01-19,Monitor,79,1003,East
2024-01-20,Headphones,80,1004,West
2024-01-21,Laptop,81,1005,North
2024-01-22,Mouse,82,1006,South
2024-01-23,Keyboard,83,1007,East
2024-01-24,Monitor,84,1008,West
2024-01-25,Headphones,85,1009,North
2024-01-26,Laptop,86,1010,South
2024-01-27,Mouse,87,1011,East
2024-01-28,Keyboard,88,1012,West
2024-01-01,Monitor,89,1013,North
2024-01-02,Headphones,90,1014,South
2024-01-03,Laptop,91,1015,East
2024-01-04,Mouse,92,1016,West
2024-01-05,Keyboard,93,1017,North
2024-01-06,Monitor,94,1018,South
2024-01-07,Headphones,95,1019,East
2024-01-08,Laptop,96,1020,West
2024-01-09,Mouse,97,1021,North
2024-01-10,Keyboard,98,1022,South
2024-01-11,Monitor,99,1023,East
2024-01-12,Headphones,100,1024,West
2024-01-13,Laptop,1,1025,North
2024-01-14,Mouse,2,1026,South
2024-01-15,Keyboard,3,1027,East
2024-01-16,Monitor,4,1028,West
2024-01-17,Headphones,5,1029,North
2024-01-18,Laptop,6,1030,South
2024-01-19,Mouse,7,1031,East
2024-01-20,Keyboard,8,1032,West
2024-01-21,Monitor,9,1033,North
2024-01-22,Headphones,10,1034,South
2024-01-23,Laptop,11,1035,East
2024-01-24,Mouse,12,1036,West
2024-01-25,Keyboard,13,1037,North
2024-01-26,Monitor,14,1038,South
2024-01-27,Headphones,15,1039,East
2024-01-28,Laptop,16,1040,West
2024-01-01,Mouse,17,1041,North
2024-01-02,Keyboard,18,1042,South
2024-01-03,Monitor,19,1043,East
2024-01-04,Headphones,20,1044,West
2024-01-05,Laptop,21,1045,North
2024-01-06,Mouse,22,1046,South
2024-01-07,Keyboard,23,1047,East
2024-01-08,Monitor,24,1048,West
2024-01-09,Headphones,25,1049,North
2024-01-10,Laptop,26,1050,South
2024-01-11,Mouse,27,1051,East
2024-01-12,Keyboard,28,1052,West
2024-01-13,Monitor,29,1053,North
2024-01-14,Headphones,30,1054,South
2024-01-15,Laptop,31,1055,East
2024-01-16,Mouse,32,1056,West
2024-01-17,Keyboard,33,1057,North
2024-01-18,Monitor,34,1058,South
2024-01-19,Headphones,35,1059,East
2024-01-20,Laptop,36,1060,West
2024-01-21,Mouse,37,1061,North
2024-01-22,Keyboard,38,1062,South
2024-01-23,Monitor,39,1063,East
2024-01-24,Headphones,40,1064,West
2024-01-25,Laptop,41,1065,North
2024-01-26,Mouse,42,1066,South
2024-01-27,Keyboard,43,1067,East
2024-01-28,Monitor,44,1068,West
2024-01-01,Headphones,45,1069,North
2024-01-02,Laptop,46,1070,South
2024-01-03,Mouse,47,1071,East
2024-01-04,Keyboard,48,1072,West
2024-01-05,Monitor,49,1073,North
2024-01-06,Headphones,50,1074,South
2024-01-07,Laptop,51,1075,East
2024-01-08,Mouse,52,1076,West
2024-01-09,Keyboard,53,1077,North
2024-01-10,Monitor,54,1078,South
2024-01-11,Headphones,55,1079,East
2024-01-12,Laptop,56,1080,West
2024-01-13,Mouse,57,1081,North
2024-01-14,Keyboard,58,1082,South
2024-01-15,Monitor,59,1083,East
2024-01-16,Headphones,60,1084,West
2024-01-17,Laptop,61,1085,North
2024-01-18,Mouse,62,1086,South
2024-01-19,Keyboard,63,1087,East
2024-01-20,Monitor,64,1088,West
2024-01-21,Headphones,65,1089,North
2024-01-22,Laptop,66,1090,South
2024-01-23,Mouse,67,1091,East
2024-01-24,Keyboard,68,1092,West
2024-01-25,Monitor,69,1093,North
2024-01-26,Headphones,70,1094,South
2024-01-27,Laptop,71,1095,East
2024-01-28,Mouse,72,1096,West
2024-01-01,Keyboard,73,1097,North
2024-01-02,Monitor,74,1098,South
2024-01-03,Headphones,75,1099,East
2024-01-04,Laptop,76,1100,West
2024-01-05,Mouse,77,1101,North
2024-01-06,Keyboard,78,1102,South
2024-01-07,Monitor,79,1103,East
2024-01-08,Headphones,80,1104,West
2024-01-09,Laptop,81,1105,North
2024-01-10,Mouse,82,1106,South
2024-01-11,Keyboard,83,1107,East
2024-01-12,Monitor,84,1108,West
2024-01-13,Headphones,85,1109,North
2024-01-14,Laptop,86,1110,South
2024-01-15,Mouse,87,1111,East
2024-01-16,Keyboard,88,1112,West
2024-01-17,Monitor,89,1113,North
2024-01-18,Headphones,90,1114,South
2024-01-19,Laptop,91,1115,East
2024-01-20,Mouse,92,1116,West
2024-01-21,Keyboard,93,1117,North
2024-01-22,Monitor,94,1118,South
2024-01-23,Headphones,95,1119,East
2024-01-24,Laptop,96,1120,West
2024-01-25,Mouse,97,1121,North
2024-01-26,Keyboard,98,1122,South
2024-01-27,Monitor,99,1123,East
2024-01-28,Headphones,100,1124,West
2024-01-01,Laptop,1,1125,North
2024-01-02,Mouse,2,1126,South
2024-01-03,Keyboard,3,1127,East
2024-01-04,Monitor,4,1128,West
2024-01-05,Headphones,5,1129,North
2024-01-06,Laptop,6,1130,South
2024-01-07,Mouse,7,1131,East
2024-01-08,Keyboard,8,1132,West
2024-01-09,Monitor,9,1133,North
2024-01-10,Headphones,10,1134,South
2024-01-11,Laptop,11,1135,East
2024-01-12,Mouse,12,1136,West
2024-01-13,Keyboard,13,1137,North
2024-01-14,Monitor,14,1138,South
2024-01-15,Headphones,15,1139,East
2024-01-16,Laptop,16,1140,West
2024-01-17,Mouse,17,1141,North
2024-01-18,Keyboard,18,1142,South
2024-01-19,Monitor,19,1143,East
2024-01-20,Headphones,20,1144,West
2024-01-21,Laptop,21,1145,North
2024-01-22,Mouse,22,1146,South
2024-01-23,Keyboard,23,1147,East
2024-01-24,Monitor,24,1148,West
2024-01-25,Headphones,25,1149,North
2024-01-26,Laptop,26,1150,South
2024-01-27,Mouse,27,1151,East
2024-01-28,Keyboard,28,1152,West
2024-01-01,Monitor,29,1153,North
2024-01-02,Headphones,30,1154,South
2024-01-03,Laptop,31,1155,East
2024-01-04,Mouse,32,1156,West
2024-01-05,Keyboard,33,1157,North
2024-01-06,Monitor,34,1158,South
2024-01-07,Headphones,35,1159,East
2024-01-08,Laptop,36,1160,West
2024-01-09,Mouse,37,1161,North
2024-01-10,Keyboard,38,1162,South
2024-01-11,Monitor,39,1163,East
2024-01-12,Headphones,40,1164,West
2024-01-13,Laptop,41,1165,North
2024-01-14,Mouse,42,1166,South
2024-01-15,Keyboard,43,1167,East
2024-01-16,Monitor,44,1168,West
2024-01-17,Headphones,45,1169,North
2024-01-18,Laptop,46,1170,South
2024-01-19,Mouse,47,1171,East
2024-01-20,Keyboard,48,1172,West
2024-01-21,Monitor,49,1173,North
2024-01-22,Headphones,50,1174,South
2024-01-23,Laptop,51,1175,East
2024-01-24,Mouse,52,1176,West
2024-01-25,Keyboard,53,1177,North
2024-01-26,Monitor,54,1178,South
2024-01-27,Headphones,55,1179,East
2024-01-28,Laptop,56,1180,West
2024-01-01,Mouse,57,1181,North
2024-01-02,Keyboard,58,1182,South
2024-01-03,Monitor,59,1183,East
2024-01-04,Headphones,60,1184,West
2024-01-05,Laptop,61,1185,North
2024-01-06,Mouse,62,1186,South
2024-01-07,Keyboard,63,1187,East
2024-01-08,Monitor,64,1188,West
2024-01-09,Headphones,65,1189,North
2024-01-10,Laptop,66,1190,South
2024-01-11,Mouse,67,1191,East
2024-01-12,Keyboard,68,1192,West
2024-01-13,Monitor,69,1193,North
2024-01-14,Headphones,70,1194,South
2024-01-15,Laptop,71,1195,East
2024-01-16,Mouse,72,1196,West
2024-01-17,Keyboard,73,1197,North
2024-01-18,Monitor,74,1198,South
2024-01-19,Headphones,75,1199,East
2024-01-20,Laptop,76,1200,West
2024-01-21,Mouse,77,1201,North
2024-01-22,Keyboard,78,1202,South
2024-01-23,Monitor,79,1203,East
2024-01-24,Headphones,80,1204,West
2024-01-25,Laptop,81,1205,North
2024-01-26,Mouse,82,1206,South
2024-01-27,Keyboard,83,1207,East
2024-01-28,Monitor,84,1208,West
2024-01-01,Headphones,85,1209,North
2024-01-02,Laptop,86,1210,South
2024-01-03,Mouse,87,1211,East
2024-01-04,Keyboard,88,1212,West
2024-01-05,Monitor,89,1213,North
2024-01-06,Headphones,90,1214,South
2024-01-07,Laptop,91,1215,East
2024-01-08,Mouse,92,1216,West
2024-01-09,Keyboard,93,1217,North
2024-01-10,Monitor,94,1218,South
2024-01-11,Headphones,95,1219,East
2024-01-12,Laptop,96,1220,West
2024-01-13,Mouse,97,1221,North
2024-01-14,Keyboard,98,1222,South
2024-01-15,Monitor,99,1223,East
2024-01-16,Headphones,100,1224,West
2024-01-17,Laptop,1,1225,North
2024-01-18,Mouse,2,1226,South
2024-01-19,Keyboard,3,1227,East
2024-01-20,Monitor,4,1228,West
2024-01-21,Headphones,5,1229,North
2024-01-22,Laptop,6,1230,South
2024-01-23,Mouse,7,1231,East
2024-01-24,Keyboard,8,1232,West
2024-01-25,Monitor,9,1233,North
2024-01-26,Headphones,10,1234,South
2024-01-27,Laptop,11,1235,East
2024-01-28,Mouse,12,1236,West
2024-01-01,Keyboard,13,1237,North
2024-01-02,Monitor,14,1238,South
2024-01-03,Headphones,15,1239,East
2024-01-04,Laptop,16,1240,West
2024-01-05,Mouse,17,1241,North
2024-01-06,Keyboard,18,1242,South
2024-01-07,Monitor,19,1243,East
2024-01-08,Headphones,20,1244,West
2024-01-09,Laptop,21,1245,North
2024-01-10,Mouse,22,1246,South
2024-01-11,Keyboard,23,1247,East
2024-01-12,Monitor,24,1248,West
2024-01-13,Headphones,25,1249,North
2024-01-14,Laptop,26,1250,South
2024-01-15,Mouse,27,1251,East
2024-01-16,Keyboard,28,1252,West
2024-01-17,Monitor,29,1253,North
2024-01-18,Headphones,30,1254,South
2024-01-19,Laptop,31,1255,East
2024-01-20,Mouse,32,1256,West
2024-01-21,Keyboard,33,1257,North
2024-01-22,Monitor,34,1258,South
2024-01-23,Headphones,35,1259,East
2024-01-24,Laptop,36,1260,West
2024-01-25,Mouse,37,1261,North
2024-01-26,Keyboard,38,1262,South
2024-01-27,Monitor,39,1263,East
2024-01-28,Headphones,40,1264,West
2024-01-01,Laptop,41,1265,North
2024-01-02,Mouse,42,1266,South
2024-01-03,Keyboard,43,1267,East
2024-01-04,Monitor,44,1268,West
2024-01-05,Headphones,45,1269,North
2024-01-06,Laptop,46,1270,South
2024-01-07,Mouse,47,1271,East
2024-01-08,Keyboard,48,1272,West
2024-01-09,Monitor,49,1273,North
2024-01-10,Headphones,50,1274,South
2024-01-11,Laptop,51,1275,East
2024-01-12,Mouse,52,1276,West
2024-01-13,Keyboard,53,1277,North
2024-01-14,Monitor,54,1278,South
2024-01-15,Headphones,55,1279,East
2024-01-16,Laptop,56,1280,West
2024-01-17,Mouse,57,1281,North
2024-01-18,Keyboard,58,1282,South
2024-01-19,Monitor,59,1283,East
2024-01-20,Headphones,60,1284,West
2024-01-21,Laptop,61,1285,North
2024-01-22,Mouse,62,1286,South
2024-01-23,Keyboard,63,1287,East
2024-01-24,Monitor,64,1288,West
2024-01-25,Headphones,65,1289,North
2024-01-26,Laptop,66,1290,South
2024-01-27,Mouse,67,1291,East
2024-01-28,Keyboard,68,1292,West
2024-01-01,Monitor,69,1293,North
2024-01-02,Headphones,70,1294,South
2024-01-03,Laptop,71,1295,East
2024-01-04,Mouse,72,1296,West
2024-01-05,Keyboard,73,1297,North
2024-01-06,Monitor,74,1298,South
2024-01-07,Headphones,75,1299,East
2024-01-08,Laptop,76,1300,West
2024-01-09,Mouse,77,1301,North
2024-01-10,Keyboard,78,1302,South
2024-01-11,Monitor,79,1303,East
2024-01-12,Headphones,80,1304,West
2024-01-13,Laptop,81,1305,North
2024-01-14,Mouse,82,1306,South
2024-01-15,Keyboard,83,1307,East
2024-01-16,Monitor,84,1308,West
2024-01-17,Headphones,85,1309,North
2024-01-18,Laptop,86,1310,South
2024-01-19,Mouse,87,1311,East
2024-01-20,Keyboard,88,1312,West
2024-01-21,Monitor,89,1313,North
2024-01-22,Headphones,90,1314,South
2024-01-23,Laptop,91,1315,East
2024-01-24,Mouse,92,1316,West
2024-01-25,Keyboard,93,1317,North
2024-01-26,Monitor,94,1318,South
2024-01-27,Headphones,95,1319,East
2024-01-28,Laptop,96,1320,West
2024-01-01,Mouse,97,1321,North
2024-01-02,Keyboard,98,1322,South
2024-01-03,Monitor,99,1323,East
2024-01-04,Headphones,100,1324,West
2024-01-05,Laptop,1,1325,North
2024-01-06,Mouse,2,1326,South
2024-01-07,Keyboard,3,1327,East
2024-01-08,Monitor,4,1328,West
2024-01-09,Headphones,5,1329,North
2024-01-10,Laptop,6,1330,South
2024-01-11,Mouse,7,1331,East
2024-01-12,Keyboard,8,1332,West
2024-01-13,Monitor,9,1333,North
2024-01-14,Headphones,10,1334,South
2024-01-15,Laptop,11,1335,East
2024-01-16,Mouse,12,1336,West
2024-01-17,Keyboard,13,1337,North
2024-01-18,Monitor,14,1338,South
2024-01-19,Headphones,15,1339,East
2024-01-20,Laptop,16,1340,West
2024-01-21,Mouse,17,1341,North
2024-01-22,Keyboard,18,1342,South
2024-01-23,Monitor,19,1343,East
2024-01-24,Headphones,20,1344,West
2024-01-25,Laptop,21,1345,North
2024-01-26,Mouse,22,1346,South
2024-01-27,Keyboard,23,1347,East
2024-01-28,Monitor,24,1348,West
2024-01-01,Headphones,25,1349,North
2024-01-02,Laptop,26,1350,South
2024-01-03,Mouse,27,1351,East
2024-01-04,Keyboard,28,1352,West
2024-01-05,Monitor,29,1353,North
2024-01-06,Headphones,30,1354,South
2024-01-07,Laptop,31,1355,East
2024-01-08,Mouse,32,1356,West
2024-01-09,Keyboard,33,1357,North
2024-01-10,Monitor,34,1358,South
2024-01-11,Headphones,35,1359,East
2024-01-12,Laptop,36,1360,West
2024-01-13,Mouse,37,1361,North
2024-01-14,Keyboard,38,1362,South
2024-01-15,Monitor,39,1363,East
2024-01-16,Headphones,40,1364,West
2024-01-17,Laptop,41,1365,North
2024-01-18,Mouse,42,1366,South
2024-01-19,Keyboard,43,1367,East
2024-01-20,Monitor,44,1368,West
2024-01-21,Headphones,45,1369,North
2024-01-22,Laptop,46,1370,South
2024-01-23,Mouse,47,1371,East
2024-01-24,Keyboard,48,1372,West
2024-01-25,Monitor,49,1373,North
2024-01-26,Headphones,50,1374,South
2024-01-27,Laptop,51,1375,East
2024-01-28,Mouse,52,1376,West
2024-01-01,Keyboard,53,1377,North
2024-01-02,Monitor,54,1378,South
2024-01-03,Headphones,55,1379,East
2024-01-04,Laptop,56,1380,West
2024-01-05,Mouse,57,1381,North
2024-01-06,Keyboard,58,1382,South
2024-01-07,Monitor,59,1383,East
2024-01-08,Headphones,60,1384,West
2024-01-09,Laptop,61,1385,North
2024-01-10,Mouse,62,1386,South
2024-01-11,Keyboard,63,1387,East
2024-01-12,Monitor,64,1388,West
2024-01-13,Headphones,65,1389,North
2024-01-14,Laptop,66,1390,South
2024-01-15,Mouse,67,1391,East
2024-01-16,Keyboard,68,1392,West
2024-01-17,Monitor,69,1393,North
2024-01-18,Headphones,70,1394,South
2024-01-19,Laptop,71,1395,East
2024-01-20,Mouse,72,1396,West
2024-01-21,Keyboard,73,1397,North
2024-01-22,Monitor,74,1398,South
2024-01-23,Headphones,75,1399,East
2024-01-24,Laptop,76,1400,West
2024-01-25,Mouse,77,1401,North
2024-01-26,Keyboard,78,1402,South
2024-01-27,Monitor,79,1403,East
2024-01-28,Headphones,80,1404,West
2024-01-01,Laptop,81,1405,North
2024-01-02,Mouse,82,1406,South
2024-01-03,Keyboard,83,1407,East
2024-01-04,Monitor,84,1408,West
2024-01-05,Headphones,85,1409,North
2024-01-06,Laptop,86,1410,South
2024-01-07,Mouse,87,1411,East
2024-01-08,Keyboard,88,1412,West
2024-01-09,Monitor,89,1413,North
2024-01-10,Headphones,90,1414,South
2024-01-11,Laptop,91,1415,East
2024-01-12,Mouse,92,1416,West
2024-01-13,Keyboard,93,1417,North
2024-01-14,Monitor,94,1418,South
2024-01-15,Headphones,95,1419,East
2024-01-16,Laptop,96,1420,West
2024-01-17,Mouse,97,1421,North
2024-01-18,Keyboard,98,1422,South
2024-01-19,Monitor,99,1423,East
2024-01-20,Headphones,100,1424,West
2024-01-21,Laptop,1,1425,North
2024-01-22,Mouse,2,1426,South
2024-01-23,Keyboard,3,1427,East
2024-01-24,Monitor,4,1428,West
2024-01-25,Headphones,5,1429,North
2024-01-26,Laptop,6,1430,South
2024-01-27,Mouse,7,1431,East
2024-01-28,Keyboard,8,1432,West
2024-01-01,Monitor,9,1433,North
2024-01-02,Headphones,10,1434,South
2024-01-03,Laptop,11,1435,East
2024-01-04,Mouse,12,1436,West
2024-01-05,Keyboard,13,1437,North
2024-01-06,Monitor,14,1438,South
2024-01-07,Headphones,15,1439,East
2024-01-08,Laptop,16,1440,West
2024-01-09,Mouse,17,1441,North
2024-01-10,Keyboard,18,1442,South
2024-01-11,Monitor,19,1443,East
2024-01-12,Headphones,20,1444,West
2024-01-13,Laptop,21,1445,North
2024-01-14,Mouse,22,1446,South
2024-01-15,Keyboard,23,1447,East
2024-01-16,Monitor,24,1448,West
2024-01-17,Headphones,25,1449,North
2024-01-18,Laptop,26,1450,South
2024-01-19,Mouse,27,1451,East
2024-01-20,Keyboard,28,1452,West
2024-01-21,Monitor,29,1453,North
2024-01-22,Headphones,30,1454,South
2024-01-23,Laptop,31,1455,East
2024-01-24,Mouse,32,1456,West
2024-01-25,Keyboard,33,1457,North
2024-01-26,Monitor,34,1458,South
2024-01-27,Headphones,35,1459,East
2024-01-28,Laptop,36,1460,West
2024-01-01,Mouse,37,1461,North
2024-01-02,Keyboard,38,1462,South
2024-01-03,Monitor,39,1463,East
2024-01-04,Headphones,40,1464,West
2024-01-05,Laptop,41,1465,North
2024-01-06,Mouse,42,1466,South
2024-01-07,Keyboard,43,1467,East
2024-01-08,Monitor,44,1468,West
2024-01-09,Headphones,45,1469,North
2024-01-10,Laptop,46,1470,South
2024-01-11,Mouse,47,1471,East
2024-01-12,Keyboard,48,1472,West
2024-01-13,Monitor,49,1473,North
2024-01-14,Headphones,50,1474,South
2024-01-15,Laptop,51,1475,East
2024-01-16,Mouse,52,1476,West
2024-01-17,Keyboard,53,1477,North
2024-01-18,Monitor,54,1478,South
2024-01-19,Headphones,55,1479,East
2024-01-20,Laptop,56,1480,West
2024-01-21,Mouse,57,1481,North
2024-01-22,Keyboard,58,1482,South
2024-01-23,Monitor,59,1483,East
2024-01-24,Headphones,60,1484,West
2024-01-25,Laptop,61,1485,North
2024-01-26,Mouse,62,1486,South
2024-01-27,Keyboard,63,1487,East
2024-01-28,Monitor,64,1488,West
2024-01-01,Headphones,65,1489,North
2024-01-02,Laptop,66,1490,South
2024-01-03,Mouse,67,1491,East
2024-01-04,Keyboard,68,1492,West
2024-01-05,Monitor,69,1493,North
2024-01-06,Headphones,70,1494,South
2024-01-07,Laptop,71,1495,East
2024-01-08,Mouse,72,1496,West
2024-01-09,Keyboard,73,1497,North
2024-01-10,Monitor,74,1498,South
2024-01-11,Headphones,75,1499,East
2024-01-12,Laptop,76,1500,West
2024-01-13,Mouse,77,1501,North
2024-01-14,Keyboard,78,1502,South
2024-01-15,Monitor,79,1503,East
2024-01-16,Headphones,80,1504,West
2024-01-17,Laptop,81,1505,North
2024-01-18,Mouse,82,1506,South
2024-01-19,Keyboard,83,1507,East
2024-01-20,Monitor,84,1508,West
2024-01-21,Headphones,85,1509,North
2024-01-22,Laptop,86,1510,South
2024-01-23,Mouse,87,1511,East
2024-01-24,Keyboard,88,1512,West
2024-01-25,Monitor,89,1513,North
2024-01-26,Headphones,90,1514,South
2024-01-27,Laptop,91,1515,East
2024-01-28,Mouse,92,1516,West
2024-01-01,Keyboard,93,1517,North
2024-01-02,Monitor,94,1518,South
2024-01-03,Headphones,95,1519,East
2024-01-04,Laptop,96,1520,West
2024-01-05,Mouse,97,1521,North
2024-01-06,Keyboard,98,1522,South
2024-01-07,Monitor,99,1523,East
2024-01-08,Headphones,100,1524,West
2024-01-09,Laptop,1,25,North
2024-01-10,Mouse,2,26,South
2024-01-11,Keyboard,3,27,East
2024-01-12,Monitor,4,28,West
2024-01-13,Headphones,5,29,North
2024-01-14,Laptop,6,30,South
2024-01-15,Mouse,7,31,East
2024-01-16,Keyboard,8,32,West
2024-01-17,Monitor,9,33,North
2024-01-18,Headphones,10,34,South
2024-01-19,Laptop,11,35,East
2024-01-20,Mouse,12,36,West
2024-01-21,Keyboard,13,37,North
2024-01-22,Monitor,14,38,South
2024-01-23,Headphones,15,39,East
2024-01-24,Laptop,16,40,West
2024-01-25,Mouse,17,41,North
2024-01-26,Keyboard,18,42,South
2024-01-27,Monitor,19,43,East
2024-01-28,Headphones,20,44,West
2024-01-01,Laptop,21,45,North
2024-01-02,Mouse,22,46,South
2024-01-03,Keyboard,23,47,East
2024-01-04,Monitor,24,48,West
2024-01-05,Headphones,25,49,North
2024-01-06,Laptop,26,50,South
2024-01-07,Mouse,27,51,East
2024-01-08,Keyboard,28,52,West
2024-01-09,Monitor,29,53,North
2024-01-10,Headphones,30,54,South
2024-01-11,Laptop,31,55,East
2024-01-12,Mouse,32,56,West
2024-01-13,Keyboard,33,57,North
2024-01-14,Monitor,34,58,South
2024-01-15,Headphones,35,59,East
2024-01-16,Laptop,36,60,West
2024-01-17,Mouse,37,61,North
2024-01-18,Keyboard,38,62,South
2024-01-19,Monitor,39,63,East
2024-01-20,Headphones,40,64,West
2024-01-21,Laptop,41,65,North
2024-01-22,Mouse,42,66,South
2024-01-23,Keyboard,43,67,East
2024-01-24,Monitor,44,68,West
2024-01-25,Headphones,45,69,North
2024-01-26,Laptop,46,70,South
2024-01-27,Mouse,47,71,East
2024-01-28,Keyboard,48,72,West
2024-01-01,Monitor,49,73,North
2024-01-02,Headphones,50,74,South
2024-01-03,Laptop,51,75,East
2024-01-04,Mouse,52,76,West
2024-01-05,Keyboard,53,77,North
2024-01-06,Monitor,54,78,South
2024-01-07,Headphones,55,79,East
2024-01-08,Laptop,56,80,West
2024-01-09,Mouse,57,81,North
2024-01-10,Keyboard,58,82,South
2024-01-11,Monitor,59,83,East
2024-01-12,Headphones,60,84,West
2024-01-13,Laptop,61,85,North
2024-01-14,Mouse,62,86,South
2024-01-15,Keyboard,63,87,East
2024-01-16,Monitor,64,88,West
2024-01-17,Headphones,65,89,North
2024-01-18,Laptop,66,90,South
2024-01-19,Mouse,67,91,East
2024-01-20,Keyboard,68,92,West
2024-01-21,Monitor,69,93,North
2024-01-22,Headphones,70,94,South
2024-01-23,Laptop,71,95,East
2024-01-24,Mouse,72,96,West
2024-01-25,Keyboard,73,97,North
2024-01-26,Monitor,74,98,South
2024-01-27,Headphones,75,99,East
2024-01-28,Laptop,76,100,West
2024-01-01,Mouse,77,101,North
2024-01-02,Keyboard,78,102,South
2024-01-03,Monitor,79,103,East
2024-01-04,Headphones,80,104,West
2024-01-05,Laptop,81,105,North
2024-01-06,Mouse,82,106,South
2024-01-07,Keyboard,83,107,East
2024-01-08,Monitor,84,108,West
2024-01-09,Headphones,85,109,North
2024-01-10,Laptop,86,110,South
2024-01-11,Mouse,87,111,East
2024-01-12,Keyboard,88,112,West
2024-01-13,Monitor,89,113,North
2024-01-14,Headphones,90,114,South
2024-01-15,Laptop,91,115,East
2024-01-16,Mouse,92,116,West
2024-01-17,Keyboard,93,117,North
2024-01-18,Monitor,94,118,South
2024-01-19,Headphones,95,119,East
2024-01-20,Laptop,96,120,West
2024-01-21,Mouse,97,121,North
2024-01-22,Keyboard,98,122,South
2024-01-23,Monitor,99,123,East
2024-01-24,Headphones,100,124,West
2024-01-25,Laptop,1,125,North
2024-01-26,Mouse,2,126,South
2024-01-27,Keyboard,3,127,East
2024-01-28,Monitor,4,128,West
2024-01-01,Headphones,5,129,North
2024-01-02,Laptop,6,130,South
2024-01-03,Mouse,7,131,East
2024-01-04,Keyboard,8,132,West
2024-01-05,Monitor,9,133,North
2024-01-06,Headphones,10,134,South
2024-01-07,Laptop,11,135,East
2024-01-08,Mouse,12,136,West
2024-01-09,Keyboard,13,137,North
2024-01-10,Monitor,14,138,South
2024-01-11,Headphones,15,139,East
2024-01-12,Laptop,16,140,West
2024-01-13,Mouse,17,141,North
2024-01-14,Keyboard,18,142,South
2024-01-15,Monitor,19,143,East
2024-01-16,Headphones,20,144,West
2024-01-17,Laptop,21,145,North
2024-01-18,Mouse,22,146,South
2024-01-19,Keyboard,23,147,East
2024-01-20,Monitor,24,148,West
2024-01-21,Headphones,25,149,North
2024-01-22,Laptop,26,150,South
2024-01-23,Mouse,27,151,East
2024-01-24,Keyboard,28,152,West
2024-01-25,Monitor,29,153,North
2024-01-26,Headphones,30,154,South
2024-01-27,Laptop,31,155,East
2024-01-28,Mouse,32,156,West
2024-01-01,Keyboard,33,157,North
2024-01-02,Monitor,34,158,South
2024-01-03,Headphones,35,159,East
2024-01-04,Laptop,36,160,West
2024-01-05,Mouse,37,161,North
2024-01-06,Keyboard,38,162,South
2024-01-07,Monitor,39,163,East
2024-01-08,Headphones,40,164,West
2024-01-09,Laptop,41,165,North
2024-01-10,Mouse,42,166,South
2024-01-11,Keyboard,43,167,East
2024-01-12,Monitor,44,168,West
2024-01-13,Headphones,45,169,North
2024-01-14,Laptop,46,170,South
2024-01-15,Mouse,47,171,East
2024-01-16,Keyboard,48,172,West
2024-01-17,Monitor,49,173,North
2024-01-18,Headphones,50,174,South
2024-01-19,Laptop,51,175,East
2024-01-20,Mouse,52,176,West
2024-01-21,Keyboard,53,177,North
2024-01-22,Monitor,54,178,South
2024-01-23,Headphones,55,179,East
2024-01-24,Laptop,56,180,West
2024-01-25,Mouse,57,181,North
2024-01-26,Keyboard,58,182,South
2024-01-27,Monitor,59,183,East
2024-01-28,Headphones,60,184,West
2024-01-01,Laptop,61,185,North
2024-01-02,Mouse,62,186,South
2024-01-03,Keyboard,63,187,East
2024-01-04,Monitor,64,188,West
2024-01-05,Headphones,65,189,North
2024-01-06,Laptop,66,190,South
2024-01-07,Mouse,67,191,East
2024-01-08,Keyboard,68,192,West
2024-01-09,Monitor,69,193,North
2024-01-10,Headphones,70,194,South
2024-01-11,Laptop,71,195,East
2024-01-12,Mouse,72,196,West
2024-01-13,Keyboard,73,197,North
2024-01-14,Monitor,74,198,South
2024-01-15,Headphones,75,199,East
2024-01-16,Laptop,76,200,West
2024-01-17,Mouse,77,201,North
2024-01-18,Keyboard,78,202,South
2024-01-19,Monitor,79,203,East
2024-01-20,Headphones,80,204,West
2024-01-21,Laptop,81,205,North
2024-01-22,Mouse,82,206,South
2024-01-23,Keyboard,83,207,East
2024-01-24,Monitor,84,208,West
2024-01-25,Headphones,85,209,North
2024-01-26,Laptop,86,210,South
2024-01-27,Mouse,87,211,East
2024-01-28,Keyboard,88,212,West
2024-01-01,Monitor,89,213,North
2024-01-02,Headphones,90,214,South
2024-01-03,Laptop,91,215,East
2024-01-04,Mouse,92,216,West
2024-01-05,Keyboard,93,217,North
2024-01-06,Monitor,94,218,South
2024-01-07,Headphones,95,219,East
2024-01-08,Laptop,96,220,West
2024-01-09,Mouse,97,221,North
2024-01-10,Keyboard,98,222,South
2024-01-11,Monitor,99,223,East
2024-01-12,Headphones,100,224,West
2024-01-13,Laptop,1,225,North
2024-01-14,Mouse,2,226,South
2024-01-15,Keyboard,3,227,East
2024-01-16,Monitor,4,228,West
2024-01-17,Headphones,5,229,North
2024-01-18,Laptop,6,230,South
2024-01-19,Mouse,7,231,East
2024-01-20,Keyboard,8,232,West
2024-01-21,Monitor,9,233,North
2024-01-22,Headphones,10,234,South
2024-01-23,Laptop,11,235,East
2024-01-24,Mouse,12,236,West
2024-01-25,Keyboard,13,237,North
2024-01-26,Monitor,14,238,South
2024-01-27,Headphones,15,239,East
2024-01-28,Laptop,16,240,West
2024-01-01,Mouse,17,241,North
2024-01-02,Keyboard,18,242,South
2024-01-03,Monitor,19,243,East
2024-01-04,Headphones,20,244,West
2024-01-05,Laptop,21,245,North
2024-01-06,Mouse,22,246,South
2024-01-07,Keyboard,23,247,East
2024-01-08,Monitor,24,248,West
2024-01-09,Headphones,25,249,North
2024-01-10,Laptop,26,250,South
2024-01-11,Mouse,27,251,East
2024-01-12,Keyboard,28,252,West
2024-01-13,Monitor,29,253,North
2024-01-14,Headphones,30,254,South
2024-01-15,Laptop,31,255,East
2024-01-16,Mouse,32,256,West
2024-01-17,Keyboard,33,257,North
2024-01-18,Monitor,34,258,South
2024-01-19,Headphones,35,259,East
2024-01-20,Laptop,36,260,West
2024-01-21,Mouse,37,261,North
2024-01-22,Keyboard,38,262,South
2024-01-23,Monitor,39,263,East
2024-01-24,Headphones,40,264,West
2024-01-25,Laptop,41,265,North
2024-01-26,Mouse,42,266,South
2024-01-27,Keyboard,43,267,East
2024-01-28,Monitor,44,268,West
2024-01-01,Headphones,45,269,North
2024-01-02,Laptop,46,270,South
2024-01-03,Mouse,47,271,East
2024-01-04,Keyboard,48,272,West
2024-01-05,Monitor,49,273,North
2024-01-06,Headphones,50,274,South
2024-01-07,Laptop,51,275,East
2024-01-08,Mouse,52,276,West
2024-01-09,Keyboard,53,277,North
2024-01-10,Monitor,54,278,South
2024-01-11,Headphones,55,279,East
2024-01-12,Laptop,56,280,West
2024-01-13,Mouse,57,281,North
2024-01-14,Keyboard,58,282,South
2024-01-15,Monitor,59,283,East
2024-01-16,Headphones,60,284,West
2024-01-17,Laptop,61,285,North
2024-01-18,Mouse,62,286,South
2024-01-19,Keyboard,63,287,East
2024-01-20,Monitor,64,288,West
2024-01-21,Headphones,65,289,North
2024-01-22,Laptop,66,290,South
2024-01-23,Mouse,67,291,East
2024-01-24,Keyboard,68,292,West
2024-01-25,Monitor,69,293,North
2024-01-26,Headphones,70,294,South
2024-01-27,Laptop,71,295,East
2024-01-28,Mouse,72,296,West
2024-01-01,Keyboard,73,297,North
2024-01-02,Monitor,74,298,South
2024-01-03,Headphones,75,299,East
2024-01-04,Laptop,76,300,West
2024-01-05,Mouse,77,301,North
2024-01-06,Keyboard,78,302,South
2024-01-07,Monitor,79,303,East
2024-01-08,Headphones,80,304,West
2024-01-09,Laptop,81,305,North
2024-01-10,Mouse,82,306,South
2024-01-11,Keyboard,83,307,East
2024-01-12,Monitor,84,308,West
2024-01-13,Headphones,85,309,North
2024-01-14,Laptop,86,310,South
2024-01-15,Mouse,87,311,East
2024-01-16,Keyboard,88,312,West
2024-01-17,Monitor,89,313,North
2024-01-18,Headphones,90,314,South
2024-01-19,Laptop,91,315,East
2024-01-20,Mouse,92,316,West
2024-01-21,Keyboard,93,317,North
2024-01-22,Monitor,94,318,South
2024-01-23,Headphones,95,319,East
2024-01-24,Laptop,96,320,West
2024-01-25,Mouse,97,321,North
2024-01-26,Keyboard,98,322,South
2024-01-27,Monitor,99,323,East
2024-01-28,Headphones,100,324,West
2024-01-01,Laptop,1,325,North
2024-01-02,Mouse,2,326,South
2024-01-03,Keyboard,3,327,East
2024-01-04,Monitor,4,328,West
2024-01-05,Headphones,5,329,North
2024-01-06,Laptop,6,330,South
2024-01-07,Mouse,7,331,East
2024-01-08,Keyboard,8,332,West
2024-01-09,Monitor,9,333,North
2024-01-10,Headphones,10,334,South
2024-01-11,Laptop,11,335,East
2024-01-12,Mouse,12,336,West
2024-01-13,Keyboard,13,337,North
2024-01-14,Monitor,14,338,South
2024-01-15,Headphones,15,339,East
2024-01-16,Laptop,16,340,West
2024-01-17,Mouse,17,341,North
2024-01-18,Keyboard,18,342,South
2024-01-19,Monitor,19,343,East
2024-01-20,Headphones,20,344,West
2024-01-21,Laptop,21,345,North
2024-01-22,Mouse,22,346,South
2024-01-23,Keyboard,23,347,East
2024-01-24,Monitor,24,348,West
2024-01-25,Headphones,25,349,North
2024-01-26,Laptop,26,350,South
2024-01-27,Mouse,27,351,East
2024-01-28,Keyboard,28,352,West
2024-01-01,Monitor,29,353,North
2024-01-02,Headphones,30,354,South
2024-01-03,Laptop,31,355,East
2024-01-04,Mouse,32,356,West
2024-01-05,Keyboard,33,357,North
2024-01-06,Monitor,34,358,South
2024-01-07,Headphones,35,359,East
2024-01-08,Laptop,36,360,West
2024-01-09,Mouse,37,361,North
2024-01-10,Keyboard,38,362,South
2024-01-11,Monitor,39,363,East
2024-01-12,Headphones,40,364,West
2024-01-13,Laptop,41,365,North
2024-01-14,Mouse,42,366,South
2024-01-15,Keyboard,43,367,East
2024-01-16,Monitor,44,368,West
2024-01-17,Headphones,45,369,North
2024-01-18,Laptop,46,370,South
2024-01-19,Mouse,47,371,East
2024-01-20,Keyboard,48,372,West
2024-01-21,Monitor,49,373,North
2024-01-22,Headphones,50,374,South
2024-01-23,Laptop,51,375,East
2024-01-24,Mouse,52,376,West
2024-01-25,Keyboard,53,377,North
2024-01-26,Monitor,54,378,South
2024-01-27,Headphones,55,379,East
2024-01-28,Laptop,56,380,West
2024-01-01,Mouse,57,381,North
2024-01-02,Keyboard,58,382,South
2024-01-03,Monitor,59,383,East
2024-01-04,Headphones,60,384,West
2024-01-05,Laptop,61,385,North
2024-01-06,Mouse,62,386,South
2024-01-07,Keyboard,63,387,East
2024-01-08,Monitor,64,388,West
2024-01-09,Headphones,65,389,North
2024-01-10,Laptop,66,390,South
2024-01-11,Mouse,67,391,East
2024-01-12,Keyboard,68,392,West
2024-01-13,Monitor,69,393,North
2024-01-14,Headphones,70,394,South
2024-01-15,Laptop,71,395,East
2024-01-16,Mouse,72,396,West
2024-01-17,Keyboard,73,397,North
2024-01-18,Monitor,74,398,South
2024-01-19,Headphones,75,399,East
2024-01-20,Laptop,76,400,West
2024-01-21,Mouse,77,401,North
2024-01-22,Keyboard,78,402,South
2024-01-23,Monitor,79,403,East
2024-01-24,Headphones,80,404,West
2024-01-25,Laptop,81,405,North
2024-01-26,Mouse,82,406,South
2024-01-27,Keyboard,83,407,East
2024-01-28,Monitor,84,408,West
2024-01-01,Headphones,85,409,North
2024-01-02,Laptop,86,410,South
2024-01-03,Mouse,87,411,East
2024-01-04,Keyboard,88,412,West
2024-01-05,Monitor,89,413,North
2024-01-06,Headphones,90,414,South
2024-01-07,Laptop,91,415,East
2024-01-08,Mouse,92,416,West
2024-01-09,Keyboard,93,417,North
2024-01-10,Monitor,94,418,South
2024-01-11,Headphones,95,419,East
2024-01-12,Laptop,96,420,West
2024-01-13,Mouse,97,421,North
2024-01-14,Keyboard,98,422,South
2024-01-15,Monitor,99,423,East
2024-01-16,Headphones,100,424,West
2024-01-17,Laptop,1,425,North
2024-01-18,Mouse,2,426,South
2024-01-19,Keyboard,3,427,East
2024-01-20,Monitor,4,428,West
2024-01-21,Headphones,5,429,North
2024-01-22,Laptop,6,430,South
2024-01-23,Mouse,7,431,East
2024-01-24,Keyboard,8,432,West
2024-01-25,Monitor,9,433,North
2024-01-26,Headphones,10,434,South
2024-01-27,Laptop,11,435,East
2024-01-28,Mouse,12,436,West
2024-01-01,Keyboard,13,437,North
2024-01-02,Monitor,14,438,South
2024-01-03,Headphones,15,439,East
2024-01-04,Laptop,16,440,West
2024-01-05,Mouse,17,441,North
2024-01-06,Keyboard,18,442,South
2024-01-07,Monitor,19,443,East
2024-01-08,Headphones,20,444,West
2024-01-09,Laptop,21,445,North
2024-01-10,Mouse,22,446,South
2024-01-11,Keyboard,23,447,East
2024-01-12,Monitor,24,448,West
2024-01-13,Headphones,25,449,North
2024-01-14,Laptop,26,450,South
2024-01-15,Mouse,27,451,East
2024-01-16,Keyboard,28,452,West
2024-01-17,Monitor,29,453,North
2024-01-18,Headphones,30,454,South
2024-01-19,Laptop,31,455,East
2024-01-20,Mouse,32,456,West
2024-01-21,Keyboard,33,457,North
2024-01-22,Monitor,34,458,South
2024-01-23,Headphones,35,459,East
2024-01-24,Laptop,36,460,West
2024-01-25,Mouse,37,461,North
2024-01-26,Keyboard,38,462,South
2024-01-27,Monitor,39,463,East
2024-01-28,Headphones,40,464,West
2024-01-01,Laptop,41,465,North
2024-01-02,Mouse,42,466,South
2024-01-03,Keyboard,43,467,East
2024-01-04,Monitor,44,468,West
2024-01-05,Headphones,45,469,North
2024-01-06,Laptop,46,470,South
2024-01-07,Mouse,47,471,East
2024-01-08,Keyboard,48,472,West
2024-01-09,Monitor,49,473,North
2024-01-10,Headphones,50,474,South
2024-01-11,Laptop,51,475,East
2024-01-12,Mouse,52,476,West
2024-01-13,Keyboard,53,477,North
2024-01-14,Monitor,54,478,South
2024-01-15,Headphones,55,479,East
2024-01-16,Laptop,56,480,West
2024-01-17,Mouse,57,481,North
2024-01-18,Keyboard,58,482,South
2024-01-19,Monitor,59,483,East
2024-01-20,Headphones,60,484,West
2024-01-21,Laptop,61,485,North
2024-01-22,Mouse,62,486,South
2024-01-23,Keyboard,63,487,East
2024-01-24,Monitor,64,488,West
2024-01-25,Headphones,65,489,North
2024-01-26,Laptop,66,490,South
2024-01-27,Mouse,67,491,East
2024-01-28,Keyboard,68,492,West
2024-01-01,Monitor,69,493,North
2024-01-02,Headphones,70,494,South
2024-01-03,Laptop,71,495,East
2024-01-04,Mouse,72,496,West
2024-01-05,Keyboard,73,497,North
2024-01-06,Monitor,74,498,South
2024-01-07,Headphones,75,499,East
2024-01-08,Laptop,76,500,West
2024-01-09,Mouse,77,501,North
2024-01-10,Keyboard,78,502,South
2024-01-11,Monitor,79,503,East
2024-01-12,Headphones,80,504,West
2024-01-13,Laptop,81,505,North
2024-01-14,Mouse,82,506,South
2024-01-15,Keyboard,83,507,East
2024-01-16,Monitor,84,508,West
2024-01-17,Headphones,85,509,North
2024-01-18,Laptop,86,510,South
2024-01-19,Mouse,87,511,East
2024-01-20,Keyboard,88,512,West
2024-01-21,Monitor,89,513,North
2024-01-22,Headphones,90,514,South
2024-01-23,Laptop,91,515,East
2024-01-24,Mouse,92,516,West
2024-01-25,Keyboard,93,517,North
2024-01-26,Monitor,94,518,South
2024-01-27,Headphones,95,519,East
2024-01-28,Laptop,96,520,West
2024-01-01,Mouse,97,521,North
2024-01-02,Keyboard,98,522,South
2024-01-03,Monitor,99,523,East
2024-01-04,Headphones,100,524,West
2024-01-05,Laptop,1,525,North
2024-01-06,Mouse,2,526,South
2024-01-07,Keyboard,3,527,East
2024-01-08,Monitor,4,528,West
2024-01-09,Headphones,5,529,North
2024-01-10,Laptop,6,530,South
2024-01-11,Mouse,7,531,East
2024-01-12,Keyboard,8,532,West
2024-01-13,Monitor,9,533,North
2024-01-14,Headphones,10,534,South
2024-01-15,Laptop,11,535,East
2024-01-16,Mouse,12,536,West
2024-01-17,Keyboard,13,537,North
2024-01-18,Monitor,14,538,South
2024-01-19,Headphones,15,539,East
2024-01-20,Laptop,16,540,West
2024-01-21,Mouse,17,541,North
2024-01-22,Keyboard,18,542,South
2024-01-23,Monitor,19,543,East
2024-01-24,Headphones,20,544,West
2024-01-25,Laptop,21,545,North
2024-01-26,Mouse,22,546,South
2024-01-27,Keyboard,23,547,East
2024-01-28,Monitor,24,548,West
2024-01-01,Headphones,25,549,North
2024-01-02,Laptop,26,550,South
2024-01-03,Mouse,27,551,East
2024-01-04,Keyboard,28,552,West
2024-01-05,Monitor,29,553,North
2024-01-06,Headphones,30,554,South
2024-01-07,Laptop,31,555,East
2024-01-08,Mouse,32,556,West
2024-01-09,Keyboard,33,557,North
2024-01-10,Monitor,34,558,South
2024-01-11,Headphones,35,559,East
2024-01-12,Laptop,36,560,West
2024-01-13,Mouse,37,561,North
2024-01-14,Keyboard,38,562,South
2024-01-15,Monitor,39,563,East
2024-01-16,Headphones,40,564,West
2024-01-17,Laptop,41,565,North
2024-01-18,Mouse,42,566,South
2024-01-19,Keyboard,43,567,East
2024-01-20,Monitor,44,568,West
2024-01-21,Headphones,45,569,North
2024-01-22,Laptop,46,570,South
2024-01-23,Mouse,47,571,East
2024-01-24,Keyboard,48,572,West
2024-01-25,Monitor,49,573,North
2024-01-26,Headphones,50,574,South
2024-01-27,Laptop,51,575,East
2024-01-28,Mouse,52,576,West
2024-01-01,Keyboard,53,577,North
2024-01-02,Monitor,54,578,South
2024-01-03,Headphones,55,579,East
2024-01-04,Laptop,56,580,West
2024-01-05,Mouse,57,581,North
2024-01-06,Keyboard,58,582,South
2024-01-07,Monitor,59,583,East
2024-01-08,Headphones,60,584,West
2024-01-09,Laptop,61,585,North
2024-01-10,Mouse,62,586,South
2024-01-11,Keyboard,63,587,East
2024-01-12,Monitor,64,588,West
2024-01-13,Headphones,65,589,North
2024-01-14,Laptop,66,590,South
2024-01-15,Mouse,67,591,East
2024-01-16,Keyboard,68,592,West
2024-01-17,Monitor,69,593,North
2024-01-18,Headphones,70,594,South
2024-01-19,Laptop,71,595,East
2024-01-20,Mouse,72,596,West
2024-01-21,Keyboard,73,597,North
2024-01-22,Monitor,74,598,South
2024-01-23,Headphones,75,599,East
2024-01-24,Laptop,76,600,West
2024-01-25,Mouse,77,601,North
2024-01-26,Keyboard,78,602,South
2024-01-27,Monitor,79,603,East
2024-01-28,Headphones,80,604,West
2024-01-01,Laptop,81,605,North
2024-01-02,Mouse,82,606,South
2024-01-03,Keyboard,83,607,East
2024-01-04,Monitor,84,608,West
2024-01-05,Headphones,85,609,North
2024-01-06,Laptop,86,610,South
2024-01-07,Mouse,87,611,East
2024-01-08,Keyboard,88,612,West
2024-01-09,Monitor,89,613,North
2024-01-10,Headphones,90,614,South
2024-01-11,Laptop,91,615,East
2024-01-12,Mouse,92,616,West
2024-01-13,Keyboard,93,617,North
2024-01-14,Monitor,94,618,South
2024-01-15,Headphones,95,619,East
2024-01-16,Laptop,96,620,West
2024-01-17,Mouse,97,621,North
2024-01-18,Keyboard,98,622,South
2024-01-19,Monitor,99,623,East
2024-01-20,Headphones,100,624,West
2024-01-21,Laptop,1,625,North
2024-01-22,Mouse,2,626,South
2024-01-23,Keyboard,3,627,East
2024-01-24,Monitor,4,628,West
2024-01-25,Headphones,5,629,North
2024-01-26,Laptop,6,630,South
2024-01-27,Mouse,7,631,East
2024-01-28,Keyboard,8,632,West
2024-01-01,Monitor,9,633,North
2024-01-02,Headphones,10,634,South
2024-01-03,Laptop,11,635,East
2024-01-04,Mouse,12,636,West
2024-01-05,Keyboard,13,637,North
2024-01-06,Monitor,14,638,South
2024-01-07,Headphones,15,639,East
2024-01-08,Laptop,16,640,West
2024-01-09,Mouse,17,641,North
2024-01-10,Keyboard,18,642,South
2024-01-11,Monitor,19,643,East
2024-01-12,Headphones,20,644,West
2024-01-13,Laptop,21,645,North
2024-01-14,Mouse,22,646,South
2024-01-15,Keyboard,23,647,East
2024-01-16,Monitor,24,648,West
2024-01-17,Headphones,25,649,North
2024-01-18,Laptop,26,650,South
2024-01-19,Mouse,27,651,East
2024-01-20,Keyboard,28,652,West
2024-01-21,Monitor,29,653,North
2024-01-22,Headphones,30,654,South
2024-01-23,Laptop,31,655,East
2024-01-24,Mouse,32,656,West
2024-01-25,Keyboard,33,657,North
2024-01-26,Monitor,34,658,South
2024-01-27,Headphones,35,659,East
2024-01-28,Laptop,36,660,West
2024-01-01,Mouse,37,661,North
2024-01-02,Keyboard,38,662,South
2024-01-03,Monitor,39,663,East
2024-01-04,Headphones,40,664,West
2024-01-05,Laptop,41,665,North
2024-01-06,Mouse,42,666,South
2024-01-07,Keyboard,43,667,East
2024-01-08,Monitor,44,668,West
2024-01-09,Headphones,45,669,North
2024-01-10,Laptop,46,670,South
2024-01-11,Mouse,47,671,East
2024-01-12,Keyboard,48,672,West
2024-01-13,Monitor,49,673,North
2024-01-14,Headphones,50,674,South
2024-01-15,Laptop,51,675,East
2024-01-16,Mouse,52,676,West
2024-01-17,Keyboard,53,677,North
2024-01-18,Monitor,54,678,South
2024-01-19,Headphones,55,679,East
2024-01-20,Laptop,56,680,West
2024-01-21,Mouse,57,681,North
2024-01-22,Keyboard,58,682,South
2024-01-23,Monitor,59,683,East
2024-01-24,Headphones,60,684,West
2024-01-25,Laptop,61,685,North
2024-01-26,Mouse,62,686,South
2024-01-27,Keyboard,63,687,East
2024-01-28,Monitor,64,688,West
2024-01-01,Headphones,65,689,North
2024-01-02,Laptop,66,690,South
2024-01-03,Mouse,67,691,East
2024-01-04,Keyboard,68,692,West
2024-01-05,Monitor,69,693,North
2024-01-06,Headphones,70,694,South
2024-01-07,Laptop,71,695,East
2024-01-08,Mouse,72,696,West
2024-01-09,Keyboard,73,697,North
2024-01-10,Monitor,74,698,South
2024-01-11,Headphones,75,699,East
2024-01-12,Laptop,76,700,West
2024-01-13,Mouse,77,701,North
2024-01-14,Keyboard,78,702,South
2024-01-15,Monitor,79,703,East
2024-01-16,Headphones,80,704,West
2024-01-17,Laptop,81,705,North
2024-01-18,Mouse,82,706,South
2024-01-19,Keyboard,83,707,East
2024-01-20,Monitor,84,708,West
2024-01-21,Headphones,85,709,North
2024-01-22,Laptop,86,710,South
2024-01-23,Mouse,87,711,East
2024-01-24,Keyboard,88,712,West
2024-01-25,Monitor,89,713,North
2024-01-26,Headphones,90,714,South
2024-01-27,Laptop,91,715,East
2024-01-28,Mouse,92,716,West
2024-01-01,Keyboard,93,717,North
2024-01-02,Monitor,94,718,South
2024-01-03,Headphones,95,719,East
2024-01-04,Laptop,96,720,West
2024-01-05,Mouse,97,721,North
2024-01-06,Keyboard,98,722,South
2024-01-07,Monitor,99,723,East
2024-01-08,Headphones,100,724,West
2024-01-09,Laptop,1,725,North
2024-01-10,Mouse,2,726,South
2024-01-11,Keyboard,3,727,East
2024-01-12,Monitor,4,728,West
2024-01-13,Headphones,5,729,North
2024-01-14,Laptop,6,730,South
2024-01-15,Mouse,7,731,East
2024-01-16,Keyboard,8,732,West
2024-01-17,Monitor,9,733,North
2024-01-18,Headphones,10,734,South
2024-01-19,Laptop,11,735,East
2024-01-20,Mouse,12,736,West
2024-01-21,Keyboard,13,737,North
2024-01-22,Monitor,14,738,South
2024-01-23,Headphones,15,739,East
2024-01-24,Laptop,16,740,West
2024-01-25,Mouse,17,741,North
2024-01-26,Keyboard,18,742,South
2024-01-27,Monitor,19,743,East
2024-01-28,Headphones,20,744,West
2024-01-01,Laptop,21,745,North
2024-01-02,Mouse,22,746,South
2024-01-03,Keyboard,23,747,East
2024-01-04,Monitor,24,748,West
2024-01-05,Headphones,25,749,North
2024-01-06,Laptop,26,750,South
2024-01-07,Mouse,27,751,East
2024-01-08,Keyboard,28,752,West
2024-01-09,Monitor,29,753,North
2024-01-10,Headphones,30,754,South
2024-01-11,Laptop,31,755,East
2024-01-12,Mouse,32,756,West
2024-01-13,Keyboard,33,757,North
2024-01-14,Monitor,34,758,South
2024-01-15,Headphones,35,759,East
2024-01-16,Laptop,36,760,West
2024-01-17,Mouse,37,761,North
2024-01-18,Keyboard,38,762,South
2024-01-19,Monitor,39,763,East
2024-01-20,Headphones,40,764,West
2024-01-21,Laptop,41,765,North
2024-01-22,Mouse,42,766,South
2024-01-23,Keyboard,43,767,East
2024-01-24,Monitor,44,768,West
2024-01-25,Headphones,45,769,North
2024-01-26,Laptop,46,770,South
2024-01-27,Mouse,47,771,East
2024-01-28,Keyboard,48,772,West
2024-01-01,Monitor,49,773,North
2024-01-02,Headphones,50,774,South
2024-01-03,Laptop,51,775,East
2024-01-04,Mouse,52,776,West
2024-01-05,Keyboard,53,777,North
2024-01-06,Monitor,54,778,South
2024-01-07,Headphones,55,779,East
2024-01-08,Laptop,56,780,West
2024-01-09,Mouse,57,781,North
2024-01-10,Keyboard,58,782,South
2024-01-11,Monitor,59,783,East
2024-01-12,Headphones,60,784,West
2024-01-13,Laptop,61,785,North
2024-01-14,Mouse,62,786,South
2024-01-15,Keyboard,63,787,East
2024-01-16,Monitor,64,788,West
2024-01-17,Headphones,65,789,North
2024-01-18,Laptop,66,790,South
2024-01-19,Mouse,67,791,East
2024-01-20,Keyboard,68,792,West
2024-01-21,Monitor,69,793,North
2024-01-22,Headphones,70,794,South
2024-01-23,Laptop,71,795,East
2024-01-24,Mouse,72,796,West
2024-01-25,Keyboard,73,797,North
2024-01-26,Monitor,74,798,South
2024-01-27,Headphones,75,799,East
2024-01-28,Laptop,76,800,West
2024-01-01,Mouse,77,801,North
2024-01-02,Keyboard,78,802,South
2024-01-03,Monitor,79,803,East
2024-01-04,Headphones,80,804,West
2024-01-05,Laptop,81,805,North
2024-01-06,Mouse,82,806,South
2024-01-07,Keyboard,83,807,East
2024-01-08,Monitor,84,808,West
2024-01-09,Headphones,85,809,North
2024-01-10,Laptop,86,810,South
2024-01-11,Mouse,87,811,East
2024-01-12,Keyboard,88,812,West
2024-01-13,Monitor,89,813,North
2024-01-14,Headphones,90,814,South
2024-01-15,Laptop,91,815,East
2024-01-16,Mouse,92,816,West
2024-01-17,Keyboard,93,817,North
2024-01-18,Monitor,94,818,South
2024-01-19,Headphones,95,819,East
2024-01-20,Laptop,96,820,West
2024-01-21,Mouse,97,821,North
2024-01-22,Keyboard,98,822,South
2024-01-23,Monitor,99,823,East
2024-01-24,Headphones,100,824,West
2024-01-25,Laptop,1,825,North
2024-01-26,Mouse,2,826,South
2024-01-27,Keyboard,3,827,East
2024-01-28,Monitor,4,828,West
2024-01-01,Headphones,5,829,North
2024-01-02,Laptop,6,830,South
2024-01-03,Mouse,7,831,East
2024-01-04,Keyboard,8,832,West
2024-01-05,Monitor,9,833,North
2024-01-06,Headphones,10,834,South
2024-01-07,Laptop,11,835,East
2024-01-08,Mouse,12,836,West
2024-01-09,Keyboard,13,837,North
2024-01-10,Monitor,14,838,South
2024-01-11,Headphones,15,839,East
2024-01-12,Laptop,16,840,West
2024-01-13,Mouse,17,841,North
2024-01-14,Keyboard,18,842,South
2024-01-15,Monitor,19,843,East
2024-01-16,Headphones,20,844,West
2024-01-17,Laptop,21,845,North
2024-01-18,Mouse,22,846,South
2024-01-19,Keyboard,23,847,East
2024-01-20,Monitor,24,848,West
2024-01-21,Headphones,25,849,North
2024-01-22,Laptop,26,850,South
2024-01-23,Mouse,27,851,East
2024-01-24,Keyboard,28,852,West
2024-01-25,Monitor,29,853,North
2024-01-26,Headphones,30,854,South
2024-01-27,Laptop,31,855,East
2024-01-28,Mouse,32,856,West
2024-01-01,Keyboard,33,857,North
2024-01-02,Monitor,34,858,South
2024-01-03,Headphones,35,859,East
2024-01-04,Laptop,36,860,West
2024-01-05,Mouse,37,861,North
2024-01-06,Keyboard,38,862,South
2024-01-07,Monitor,39,863,East
2024-01-08,Headphones,40,864,West
2024-01-09,Laptop,41,865,North
2024-01-10,Mouse,42,866,South
2024-01-11,Keyboard,43,867,East
2024-01-12,Monitor,44,868,West
2024-01-13,Headphones,45,869,North
2024-01-14,Laptop,46,870,South
2024-01-15,Mouse,47,871,East
2024-01-16,Keyboard,48,872,West
2024-01-17,Monitor,49,873,North
2024-01-18,Headphones,50,874,South
2024-01-19,Laptop,51,875,East
2024-01-20,Mouse,52,876,West
2024-01-21,Keyboard,53,877,North
2024-01-22,Monitor,54,878,South
2024-01-23,Headphones,55,879,East
2024-01-24,Laptop,56,880,West
2024-01-25,Mouse,57,881,North
2024-01-26,Keyboard,58,882,South
2024-01-27,Monitor,59,883,East
2024-01-28,Headphones,60,884,West
2024-01-01,Laptop,61,885,North
2024-01-02,Mouse,62,886,South
2024-01-03,Keyboard,63,887,East
2024-01-04,Monitor,64,888,West
2024-01-05,Headphones,65,889,North
2024-01-06,Laptop,66,890,South
2024-01-07,Mouse,67,891,East
2024-01-08,Keyboard,68,892,West
2024-01-09,Monitor,69,893,North
2024-01-10,Headphones,70,894,South
2024-01-11,Laptop,71,895,East
2024-01-12,Mouse,72,896,West
2024-01-13,Keyboard,73,897,North
2024-01-14,Monitor,74,898,South
2024-01-15,Headphones,75,899,East
2024-01-16,Laptop,76,900,West
2024-01-17,Mouse,77,901,North
2024-01-18,Keyboard,78,902,South
2024-01-19,Monitor,79,903,East
2024-01-20,Headphones,80,904,West
2024-01-21,Laptop,81,905,North
2024-01-22,Mouse,82,906,South
2024-01-23,Keyboard,83,907,East
2024-01-24,Monitor,84,908,West
2024-01-25,Headphones,85,909,North
2024-01-26,Laptop,86,910,South
2024-01-27,Mouse,87,911,East
2024-01-28,Keyboard,88,912,West
2024-01-01,Monitor,89,913,North
2024-01-02,Headphones,90,914,South
2024-01-03,Laptop,91,915,East
2024-01-04,Mouse,92,916,West
2024-01-05,Keyboard,93,917,North
2024-01-06,Monitor,94,918,South
2024-01-07,Headphones,95,919,East
2024-01-08,Laptop,96,920,West
2024-01-09,Mouse,97,921,North
2024-01-10,Keyboard,98,922,South
2024-01-11,Monitor,99,923,East
2024-01-12,Headphones,100,924,West
2024-01-13,Laptop,1,925,North
2024-01-14,Mouse,2,926,South
2024-01-15,Keyboard,3,927,East
2024-01-16,Monitor,4,928,West
2024-01-17,Headphones,5,929,North
2024-01-18,Laptop,6,930,South
2024-01-19,Mouse,7,931,East
2024-01-20,Keyboard,8,932,West
2024-01-21,Monitor,9,933,North
2024-01-22,Headphones,10,934,South
2024-01-23,Laptop,11,935,East
2024-01-24,Mouse,12,936,West
2024-01-25,Keyboard,13,937,North
2024-01-26,Monitor,14,938,South
2024-01-27,Headphones,15,939,East
2024-01-28,Laptop,16,940,West
2024-01-01,Mouse,17,941,North
2024-01-02,Keyboard,18,942,South
2024-01-03,Monitor,19,943,East
2024-01-04,Headphones,20,944,West
2024-01-05,Laptop,21,945,North
2024-01-06,Mouse,22,946,South
2024-01-07,Keyboard,23,947,East
2024-01-08,Monitor,24,948,West
2024-01-09,Headphones,25,949,North
2024-01-10,Laptop,26,950,South
2024-01-11,Mouse,27,951,East
2024-01-12,Keyboard,28,952,West
2024-01-13,Monitor,29,953,North
2024-01-14,Headphones,30,954,South
2024-01-15,Laptop,31,955,East
2024-01-16,Mouse,32,956,West
2024-01-17,Keyboard,33,957,North
2024-01-18,Monitor,34,958,South
2024-01-19,Headphones,35,959,East
2024-01-20,Laptop,36,960,West
2024-01-21,Mouse,37,961,North
2024-01-22,Keyboard,38,962,South
2024-01-23,Monitor,39,963,East
2024-01-24,Headphones,40,964,West
2024-01-25,Laptop,41,965,North
2024-01-26,Mouse,42,966,South
2024-01-27,Keyboard,43,967,East
2024-01-28,Monitor,44,968,West
2024-01-01,Headphones,45,969,North
2024-01-02,Laptop,46,970,South
2024-01-03,Mouse,47,971,East
2024-01-04,Keyboard,48,972,West
2024-01-05,Monitor,49,973,North
2024-01-06,Headphones,50,974,South
2024-01-07,Laptop,51,975,East
2024-01-08,Mouse,52,976,West
2024-01-09,Keyboard,53,977,North
2024-01-10,Monitor,54,978,South
2024-01-11,Headphones,55,979,East
2024-01-12,Laptop,56,980,West
2024-01-13,Mouse,57,981,North
2024-01-14,Keyboard,58,982,South
2024-01-15,Monitor,59,983,East
2024-01-16,Headphones,60,984,West
2024-01-17,Laptop,61,985,North
2024-01-18,Mouse,62,986,South
2024-01-19,Keyboard,63,987,East
2024-01-20,Monitor,64,988,West
2024-01-21,Headphones,65,989,North
2024-01-22,Laptop,66,990,South
2024-01-23,Mouse,67,991,East
2024-01-24,Keyboard,68,992,West
2024-01-25,Monitor,69,993,North
2024-01-26,Headphones,70,994,South
2024-01-27,Laptop,71,995,East
2024-01-28,Mouse,72,996,West
2024-01-01,Keyboard,73,997,North
2024-01-02,Monitor,74,998,South
2024-01-03,Headphones,75,999,East
2024-01-04,Laptop,76,1000,West
2024-01-05,Mouse,77,1001,North
2024-01-06,Keyboard,78,1002,South
2024-01-07,Monitor,79,1003,East
2024-01-08,Headphones,80,1004,West
2024-01-09,Laptop,81,1005,North
2024-01-10,Mouse,82,1006,South
2024-01-11,Keyboard,83,1007,East
2024-01-12,Monitor,84,1008,West
2024-01-13,Headphones,85,1009,North
2024-01-14,Laptop,86,1010,South
2024-01-15,Mouse,87,1011,East
2024-01-16,Keyboard,88,1012,West
2024-01-17,Monitor,89,1013,North
2024-01-18,Headphones,90,1014,South
2024-01-19,Laptop,91,1015,East
2024-01-20,Mouse,92,1016,West
2024-01-21,Keyboard,93,1017,North
2024-01-22,Monitor,94,1018,South
2024-01-23,Headphones,95,1019,East
2024-01-24,Laptop,96,1020,West
2024-01-25,Mouse,97,1021,North
2024-01-26,Keyboard,98,1022,South
2024-01-27,Monitor,99,1023,East
2024-01-28,Headphones,100,1024,West
2024-01-01,Laptop,1,1025,North
2024-01-02,Mouse,2,1026,South
2024-01-03,Keyboard,3,1027,East
2024-01-04,Monitor,4,1028,West
2024-01-05,Headphones,5,1029,North
2024-01-06,Laptop,6,1030,South
2024-01-07,Mouse,7,1031,East
2024-01-08,Keyboard,8,1032,West
2024-01-09,Monitor,9,1033,North
2024-01-10,Headphones,10,1034,South
2024-01-11,Laptop,11,1035,East
2024-01-12,Mouse,12,1036,West
2024-01-13,Keyboard,13,1037,North
2024-01-14,Monitor,14,1038,South
2024-01-15,Headphones,15,1039,East
2024-01-16,Laptop,16,1040,West
2024-01-17,Mouse,17,1041,North
2024-01-18,Keyboard,18,1042,South
2024-01-19,Monitor,19,1043,East
2024-01-20,Headphones,20,1044,West
2024-01-21,Laptop,21,1045,North
2024-01-22,Mouse,22,1046,South
2024-01-23,Keyboard,23,1047,East
2024-01-24,Monitor,24,1048,West
2024-01-25,Headphones,25,1049,North
2024-01-26,Laptop,26,1050,South
2024-01-27,Mouse,27,1051,East
2024-01-28,Keyboard,28,1052,West
2024-01-01,Monitor,29,1053,North
2024-01-02,Headphones,30,1054,South
2024-01-03,Laptop,31,1055,East
2024-01-04,Mouse,32,1056,West
2024-01-05,Keyboard,33,1057,North
2024-01-06,Monitor,34,1058,South
2024-01-07,Headphones,35,1059,East
2024-01-08,Laptop,36,1060,West
2024-01-09,Mouse,37,1061,North
2024-01-10,Keyboard,38,1062,South
2024-01-11,Monitor,39,1063,East
2024-01-12,Headphones,40,1064,West
2024-01-13,Laptop,41,1065,North
2024-01-14,Mouse,42,1066,South
2024-01-15,Keyboard,43,1067,East
2024-01-16,Monitor,44,1068,West
2024-01-17,Headphones,45,1069,North
2024-01-18,Laptop,46,1070,South
2024-01-19,Mouse,47,1071,East
2024-01-20,Keyboard,48,1072,West
2024-01-21,Monitor,49,1073,North
2024-01-22,Headphones,50,1074,South
2024-01-23,Laptop,51,1075,East
2024-01-24,Mouse,52,1076,West
2024-01-25,Keyboard,53,1077,North
2024-01-26,Monitor,54,1078,South
2024-01-27,Headphones,55,1079,East
2024-01-28,Laptop,56,1080,West
2024-01-01,Mouse,57,1081,North
2024-01-02,Keyboard,58,1082,South
2024-01-03,Monitor,59,1083,East
2024-01-04,Headphones,60,1084,West
2024-01-05,Laptop,61,1085,North
2024-01-06,Mouse,62,1086,South
2024-01-07,Keyboard,63,1087,East
2024-01-08,Monitor,64,1088,West
2024-01-09,Headphones,65,1089,North
2024-01-10,Laptop,66,1090,South
2024-01-11,Mouse,67,1091,East
2024-01-12,Keyboard,68,1092,West
2024-01-13,Monitor,69,1093,North
2024-01-14,Headphones,70,1094,South
2024-01-15,Laptop,71,1095,East
2024-01-16,Mouse,72,1096,West
2024-01-17,Keyboard,73,1097,North
2024-01-18,Monitor,74,1098,South
2024-01-19,Headphones,75,1099,East
2024-01-20,Laptop,76,1100,West
2024-01-21,Mouse,77,1101,North
2024-01-22,Keyboard,78,1102,South
2024-01-23,Monitor,79,1103,East
2024-01-24,Headphones,80,1104,West
2024-01-25,Laptop,81,1105,North
2024-01-26,Mouse,82,1106,South
2024-01-27,Keyboard,83,1107,East
2024-01-28,Monitor,84,1108,West
2024-01-01,Headphones,85,1109,North
2024-01-02,Laptop,86,1110,South
2024-01-03,Mouse,87,1111,East
2024-01-04,Keyboard,88,1112,West
2024-01-05,Monitor,89,1113,North
2024-01-06,Headphones,90,1114,South
2024-01-07,Laptop,91,1115,East
2024-01-08,Mouse,92,1116,West
2024-01-09,Keyboard,93,1117,North
2024-01-10,Monitor,94,1118,South
2024-01-11,Headphones,95,1119,East
2024-01-12,Laptop,96,1120,West
2024-01-13,Mouse,97,1121,North
2024-01-14,Keyboard,98,1122,South
2024-01-15,Monitor,99,1123,East
2024-01-16,Headphones,100,1124,West
2024-01-17,Laptop,1,1125,North
2024-01-18,Mouse,2,1126,South
2024-01-19,Keyboard,3,1127,East
2024-01-20,Monitor,4,1128,West
2024-01-21,Headphones,5,1129,North
2024-01-22,Laptop,6,1130,South
2024-01-23,Mouse,7,1131,East
2024-01-24,Keyboard,8,1132,West
2024-01-25,Monitor,9,1133,North
2024-01-26,Headphones,10,1134,South
2024-01-27,Laptop,11,1135,East
2024-01-28,Mouse,12,1136,West
2024-01-01,Keyboard,13,1137,North
2024-01-02,Monitor,14,1138,South
2024-01-03,Headphones,15,1139,East
2024-01-04,Laptop,16,1140,West
2024-01-05,Mouse,17,1141,North
2024-01-06,Keyboard,18,1142,South
2024-01-07,Monitor,19,1143,East
2024-01-08,Headphones,20,1144,West
2024-01-09,Laptop,21,1145,North
2024-01-10,Mouse,22,1146,South
2024-01-11,Keyboard,23,1147,East
2024-01-12,Monitor,24,1148,West
2024-01-13,Headphones,25,1149,North
2024-01-14,Laptop,26,1150,South
2024-01-15,Mouse,27,1151,East
2024-01-16,Keyboard,28,1152,West
2024-01-17,Monitor,29,1153,North
2024-01-18,Headphones,30,1154,South
2024-01-19,Laptop,31,1155,East
2024-01-20,Mouse,32,1156,West
2024-01-21,Keyboard,33,1157,North
2024-01-22,Monitor,34,1158,South
2024-01-23,Headphones,35,1159,East
2024-01-24,Laptop,36,1160,West
2024-01-25,Mouse,37,1161,North
2024-01-26,Keyboard,38,1162,South
2024-01-27,Monitor,39,1163,East
2024-01-28,Headphones,40,1164,West
2024-01-01,Laptop,41,1165,North
2024-01-02,Mouse,42,1166,South
2024-01-03,Keyboard,43,1167,East
2024-01-04,Monitor,44,1168,West
2024-01-05,Headphones,45,1169,North
2024-01-06,Laptop,46,1170,South
2024-01-07,Mouse,47,1171,East
2024-01-08,Keyboard,48,1172,West
2024-01-09,Monitor,49,1173,North
2024-01-10,Headphones,50,1174,South
2024-01-11,Laptop,51,1175,East
2024-01-12,Mouse,52,1176,West
2024-01-13,Keyboard,53,1177,North
2024-01-14,Monitor,54,1178,South
2024-01-15,Headphones,55,1179,East
2024-01-16,Laptop,56,1180,West
2024-01-17,Mouse,57,1181,North
2024-01-18,Keyboard,58,1182,South
2024-01-19,Monitor,59,1183,East
2024-01-20,Headphones,60,1184,West
2024-01-21,Laptop,61,1185,North
2024-01-22,Mouse,62,1186,South
2024-01-23,Keyboard,63,1187,East
2024-01-24,Monitor,64,1188,West
2024-01-25,Headphones,65,1189,North
2024-01-26,Laptop,66,1190,South
2024-01-27,Mouse,67,1191,East
2024-01-28,Keyboard,68,1192,West
2024-01-01,Monitor,69,1193,North
2024-01-02,Headphones,70,1194,South
2024-01-03,Laptop,71,1195,East
2024-01-04,Mouse,72,1196,West
2024-01-05,Keyboard,73,1197,North
2024-01-06,Monitor,74,1198,South
2024-01-07,Headphones,75,1199,East
2024-01-08,Laptop,76,1200,West
2024-01-09,Mouse,77,1201,North
2024-01-10,Keyboard,78,1202,South
2024-01-11,Monitor,79,1203,East
2024-01-12,Headphones,80,1204,West
2024-01-13,Laptop,81,1205,North
2024-01-14,Mouse,82,1206,South
2024-01-15,Keyboard,83,1207,East
2024-01-16,Monitor,84,1208,West
2024-01-17,Headphones,85,1209,North
2024-01-18,Laptop,86,1210,South
2024-01-19,Mouse,87,1211,East
2024-01-20,Keyboard,88,1212,West
2024-01-21,Monitor,89,1213,North
2024-01-22,Headphones,90,1214,South
2024-01-23,Laptop,91,1215,East
2024-01-24,Mouse,92,1216,West
2024-01-25,Keyboard,93,1217,North
2024-01-26,Monitor,94,1218,South
2024-01-27,Headphones,95,1219,East
2024-01-28,Laptop,96,1220,West
2024-01-01,Mouse,97,1221,North
2024-01-02,Keyboard,98,1222,South
2024-01-03,Monitor,99,1223,East
2024-01-04,Headphones,100,1224,West
2024-01-05,Laptop,1,1225,North
2024-01-06,Mouse,2,1226,South
2024-01-07,Keyboard,3,1227,East
2024-01-08,Monitor,4,1228,West
2024-01-09,Headphones,5,1229,North
2024-01-10,Laptop,6,1230,South
2024-01-11,Mouse,7,1231,East
2024-01-12,Keyboard,8,1232,West
2024-01-13,Monitor,9,1233,North
2024-01-14,Headphones,10,1234,South
2024-01-15,Laptop,11,1235,East
2024-01-16,Mouse,12,1236,West
2024-01-17,Keyboard,13,1237,North
2024-01-18,Monitor,14,1238,South
2024-01-19,Headphones,15,1239,East
2024-01-20,Laptop,16,1240,West
2024-01-21,Mouse,17,1241,North
2024-01-22,Keyboard,18,1242,South
2024-01-23,Monitor,19,1243,East
2024-01-24,Headphones,20,1244,West
2024-01-25,Laptop,21,1245,North
2024-01-26,Mouse,22,1246,South
2024-01-27,Keyboard,23,1247,East
2024-01-28,Monitor,24,1248,West
2024-01-01,Headphones,25,1249,North
2024-01-02,Laptop,26,1250,South
2024-01-03,Mouse,27,1251,East
2024-01-04,Keyboard,28,1252,West
2024-01-05,Monitor,29,1253,North
2024-01-06,Headphones,30,1254,South
2024-01-07,Laptop,31,1255,East
2024-01-08,Mouse,32,1256,West
2024-01-09,Keyboard,33,1257,North
2024-01-10,Monitor,34,1258,South
2024-01-11,Headphones,35,1259,East
2024-01-12,Laptop,36,1260,West
2024-01-13,Mouse,37,1261,North
2024-01-14,Keyboard,38,1262,South
2024-01-15,Monitor,39,1263,East
2024-01-16,Headphones,40,1264,West
2024-01-17,Laptop,41,1265,North
2024-01-18,Mouse,42,1266,South
2024-01-19,Keyboard,43,1267,East
2024-01-20,Monitor,44,1268,West
2024-01-21,Headphones,45,1269,North
2024-01-22,Laptop,46,1270,South
2024-01-23,Mouse,47,1271,East
2024-01-24,Keyboard,48,1272,West
2024-01-25,Monitor,49,1273,North
2024-01-26,Headphones,50,1274,South
2024-01-27,Laptop,51,1275,East
2024-01-28,Mouse,52,1276,West
2024-01-01,Keyboard,53,1277,North
2024-01-02,Monitor,54,1278,South
2024-01-03,Headphones,55,1279,East
2024-01-04,Laptop,56,1280,West
2024-01-05,Mouse,57,1281,North
2024-01-06,Keyboard,58,1282,South
2024-01-07,Monitor,59,1283,East
2024-01-08,Headphones,60,1284,West
2024-01-09,Laptop,61,1285,North
2024-01-10,Mouse,62,1286,South
2024-01-11,Keyboard,63,1287,East
2024-01-12,Monitor,64,1288,West
2024-01-13,Headphones,65,1289,North
2024-01-14,Laptop,66,1290,South
2024-01-15,Mouse,67,1291,East
2024-01-16,Keyboard,68,1292,West
2024-01-17,Monitor,69,1293,North
2024-01-18,Headphones,70,1294,South
2024-01-19,Laptop,71,1295,East
2024-01-20,Mouse,72,1296,West
2024-01-21,Keyboard,73,1297,North
2024-01-22,Monitor,74,1298,South
2024-01-23,Headphones,75,1299,East
2024-01-24,Laptop,76,1300,West
2024-01-25,Mouse,77,1301,North
2024-01-26,Keyboard,78,1302,South
2024-01-27,Monitor,79,1303,East
2024-01-28,Headphones,80,1304,West
2024-01-01,Laptop,81,1305,North
2024-01-02,Mouse,82,1306,South
2024-01-03,Keyboard,83,1307,East
2024-01-04,Monitor,84,1308,West
2024-01-05,Headphones,85,1309,North
2024-01-06,Laptop,86,1310,South
2024-01-07,Mouse,87,1311,East
2024-01-08,Keyboard,88,1312,West
2024-01-09,Monitor,89,1313,North
2024-01-10,Headphones,90,1314,South
2024-01-11,Laptop,91,1315,East
2024-01-12,Mouse,92,1316,West
2024-01-13,Keyboard,93,1317,North
2024-01-14,Monitor,94,1318,South
2024-01-15,Headphones,95,1319,East
2024-01-16,Laptop,96,1320,West
2024-01-17,Mouse,97,1321,North
2024-01-18,Keyboard,98,1322,South
2024-01-19,Monitor,99,1323,East
2024-01-20,Headphones,100,1324,West
2024-01-21,Laptop,1,1325,North
2024-01-22,Mouse,2,1326,South
2024-01-23,Keyboard,3,1327,East
2024-01-24,Monitor,4,1328,West
2024-01-25,Headphones,5,1329,North
2024-01-26,Laptop,6,1330,South
2024-01-27,Mouse,7,1331,East
2024-01-28,Keyboard,8,1332,West
2024-01-01,Monitor,9,1333,North
2024-01-02,Headphones,10,1334,South
2024-01-03,Laptop,11,1335,East
2024-01-04,Mouse,12,1336,West
2024-01-05,Keyboard,13,1337,North
2024-01-06,Monitor,14,1338,South
2024-01-07,Headphones,15,1339,East
2024-01-08,Laptop,16,1340,West
2024-01-09,Mouse,17,1341,North
2024-01-10,Keyboard,18,1342,South
2024-01-11,Monitor,19,1343,East
2024-01-12,Headphones,20,1344,West
2024-01-13,Laptop,21,1345,North
2024-01-14,Mouse,22,1346,South
2024-01-15,Keyboard,23,1347,East
2024-01-16,Monitor,24,1348,West
2024-01-17,Headphones,25,1349,North
2024-01-18,Laptop,26,1350,South
2024-01-19,Mouse,27,1351,East
2024-01-20,Keyboard,28,1352,West
2024-01-21,Monitor,29,1353,North
2024-01-22,Headphones,30,1354,South
2024-01-23,Laptop,31,1355,East
2024-01-24,Mouse,32,1356,West
2024-01-25,Keyboard,33,1357,North
2024-01-26,Monitor,34,1358,South
2024-01-27,Headphones,35,1359,East
2024-01-28,Laptop,36,1360,West
2024-01-01,Mouse,37,1361,North
2024-01-02,Keyboard,38,1362,South
2024-01-03,Monitor,39,1363,East
2024-01-04,Headphones,40,1364,West
2024-01-05,Laptop,41,1365,North
2024-01-06,Mouse,42,1366,South
2024-01-07,Keyboard,43,1367,East
2024-01-08,Monitor,44,1368,West
2024-01-09,Headphones,45,1369,North
2024-01-10,Laptop,46,1370,South
2024-01-11,Mouse,47,1371,East
2024-01-12,Keyboard,48,1372,West
2024-01-13,Monitor,49,1373,North
2024-01-14,Headphones,50,1374,South
2024-01-15,Laptop,51,1375,East
2024-01-16,Mouse,52,1376,West
2024-01-17,Keyboard,53,1377,North
2024-01-18,Monitor,54,1378,South
2024-01-19,Headphones,55,1379,East
2024-01-20,Laptop,56,1380,West
2024-01-21,Mouse,57,1381,North
2024-01-22,Keyboard,58,1382,South
2024-01-23,Monitor,59,1383,East
2024-01-24,Headphones,60,1384,West
2024-01-25,Laptop,61,1385,North
2024-01-26,Mouse,62,1386,South
2024-01-27,Keyboard,63,1387,East
2024-01-28,Monitor,64,1388,West
2024-01-01,Headphones,65,1389,North
2024-01-02,Laptop,66,1390,South
2024-01-03,Mouse,67,1391,East
2024-01-04,Keyboard,68,1392,West
2024-01-05,Monitor,69,1393,North
2024-01-06,Headphones,70,1394,South
2024-01-07,Laptop,71,1395,East
2024-01-08,Mouse,72,1396,West
2024-01-09,Keyboard,73,1397,North
2024-01-10,Monitor,74,1398,South
2024-01-11,Headphones,75,1399,East
2024-01-12,Laptop,76,1400,West
2024-01-13,Mouse,77,1401,North
2024-01-14,Keyboard,78,1402,South
2024-01-15,Monitor,79,1403,East
2024-01-16,Headphones,80,1404,West
2024-01-17,Laptop,81,1405,North
2024-01-18,Mouse,82,1406,South
2024-01-19,Keyboard,83,1407,East
2024-01-20,Monitor,84,1408,West
2024-01-21,Headphones,85,1409,North
2024-01-22,Laptop,86,1410,South
2024-01-23,Mouse,87,1411,East
2024-01-24,Keyboard,88,1412,West
2024-01-25,Monitor,89,1413,North
2024-01-26,Headphones,90,1414,South
2024-01-27,Laptop,91,1415,East
2024-01-28,Mouse,92,1416,West
2024-01-01,Keyboard,93,1417,North
2024-01-02,Monitor,94,1418,South
2024-01-03,Headphones,95,1419,East
2024-01-04,Laptop,96,1420,West
2024-01-05,Mouse,97,1421,North
2024-01-06,Keyboard,98,1422,South
2024-01-07,Monitor,99,1423,East
2024-01-08,Headphones,100,1424,West
2024-01-09,Laptop,1,1425,North
2024-01-10,Mouse,2,1426,South
2024-01-11,Keyboard,3,1427,East
2024-01-12,Monitor,4,1428,West
2024-01-13,Headphones,5,1429,North
2024-01-14,Laptop,6,1430,South
2024-01-15,Mouse,7,1431,East
2024-01-16,Keyboard,8,1432,West
2024-01-17,Monitor,9,1433,North
2024-01-18,Headphones,10,1434,South
2024-01-19,Laptop,11,1435,East
2024-01-20,Mouse,12,1436,West
2024-01-21,Keyboard,13,1437,North
2024-01-22,Monitor,14,1438,South
2024-01-23,Headphones,15,1439,East
2024-01-24,Laptop,16,1440,West
2024-01-25,Mouse,17,1441,North
2024-01-26,Keyboard,18,1442,South
2024-01-27,Monitor,19,1443,East
2024-01-28,Headphones,20,1444,West
2024-01-01,Laptop,21,1445,North
2024-01-02,Mouse,22,1446,South
2024-01-03,Keyboard,23,1447,East
2024-01-04,Monitor,24,1448,West
2024-01-05,Headphones,25,1449,North
2024-01-06,Laptop,26,1450,South
2024-01-07,Mouse,27,1451,East
2024-01-08,Keyboard,28,1452,West
2024-01-09,Monitor,29,1453,North
2024-01-10,Headphones,30,1454,South
2024-01-11,Laptop,31,1455,East
2024-01-12,Mouse,32,1456,West
2024-01-13,Keyboard,33,1457,North
2024-01-14,Monitor,34,1458,South
2024-01-15,Headphones,35,1459,East
2024-01-16,Laptop,36,1460,West
2024-01-17,Mouse,37,1461,North
2024-01-18,Keyboard,38,1462,South
2024-01-19,Monitor,39,1463,East
2024-01-20,Headphones,40,1464,West
2024-01-21,Laptop,41,1465,North
2024-01-22,Mouse,42,1466,South
2024-01-23,Keyboard,43,1467,East
2024-01-24,Monitor,44,1468,West
2024-01-25,Headphones,45,1469,North
2024-01-26,Laptop,46,1470,South
2024-01-27,Mouse,47,1471,East
2024-01-28,Keyboard,48,1472,West
2024-01-01,Monitor,49,1473,North
2024-01-02,Headphones,50,1474,South
2024-01-03,Laptop,51,1475,East
2024-01-04,Mouse,52,1476,West
2024-01-05,Keyboard,53,1477,North
2024-01-06,Monitor,54,1478,South
2024-01-07,Headphones,55,1479,East
2024-01-08,Laptop,56,1480,West
2024-01-09,Mouse,57,1481,North
2024-01-10,Keyboard,58,1482,South
2024-01-11,Monitor,59,1483,East
2024-01-12,Headphones,60,1484,West
2024-01-13,Laptop,61,1485,North
2024-01-14,Mouse,62,1486,South
2024-01-15,Keyboard,63,1487,East
2024-01-16,Monitor,64,1488,West
2024-01-17,Headphones,65,1489,North
2024-01-18,Laptop,66,1490,South
2024-01-19,Mouse,67,1491,East
2024-01-20,Keyboard,68,1492,West
2024-01-21,Monitor,69,1493,North
2024-01-22,Headphones,70,1494,South
2024-01-23,Laptop,71,1495,East
2024-01-24,Mouse,72,1496,West
2024-01-25,Keyboard,73,1497,North
2024-01-26,Monitor,74,1498,South
2024-01-27,Headphones,75,1499,East
2024-01-28,Laptop,76,1500,West
2024-01-01,Mouse,77,1501,North
2024-01-02,Keyboard,78,1502,South
2024-01-03,Monitor,79,1503,East
2024-01-04,Headphones,80,1504,West
2024-01-05,Laptop,81,1505,North
2024-01-06,Mouse,82,1506,South
2024-01-07,Keyboard,83,1507,East
2024-01-08,Monitor,84,1508,West
2024-01-09,Headphones,85,1509,North
2024-01-10,Laptop,86,1510,South
2024-01-11,Mouse,87,1511,East
2024-01-12,Keyboard,88,1512,West
2024-01-13,Monitor,89,1513,North
2024-01-14,Headphones,90,1514,South
2024-01-15,Laptop,91,1515,East
2024-01-16,Mouse,92,1516,West
2024-01-17,Keyboard,93,1517,North
2024-01-18,Monitor,94,1518,South
2024-01-19,Headphones,95,1519,East
2024-01-20,Laptop,96,1520,West
2024-01-21,Mouse,97,1521,North
2024-01-22,Keyboard,98,1522,South
2024-01-23,Monitor,99,1523,East
2024-01-24,Headphones,100,1524,West
2024-01-25,Laptop,1,25,North
2024-01-26,Mouse,2,26,South
2024-01-27,Keyboard,3,27,East
2024-01-28,Monitor,4,28,West
2024-01-01,Headphones,5,29,North
2024-01-02,Laptop,6,30,South
2024-01-03,Mouse,7,31,East
2024-01-04,Keyboard,8,32,West
2024-01-05,Monitor,9,33,North
2024-01-06,Headphones,10,34,South
2024-01-07,Laptop,11,35,East
2024-01-08,Mouse,12,36,West
2024-01-09,Keyboard,13,37,North
2024-01-10,Monitor,14,38,South
2024-01-11,Headphones,15,39,East
2024-01-12,Laptop,16,40,West
2024-01-13,Mouse,17,41,North
2024-01-14,Keyboard,18,42,South
2024-01-15,Monitor,19,43,East
2024-01-16,Headphones,20,44,West
2024-01-17,Laptop,21,45,North
2024-01-18,Mouse,22,46,South
2024-01-19,Keyboard,23,47,East
2024-01-20,Monitor,24,48,West
2024-01-21,Headphones,25,49,North
2024-01-22,Laptop,26,50,South
2024-01-23,Mouse,27,51,East
2024-01-24,Keyboard,28,52,West
2024-01-25,Monitor,29,53,North
2024-01-26,Headphones,30,54,South
2024-01-27,Laptop,31,55,East
2024-01-28,Mouse,32,56,West
2024-01-01,Keyboard,33,57,North
2024-01-02,Monitor,34,58,South
2024-01-03,Headphones,35,59,East
2024-01-04,Laptop,36,60,West
2024-01-05,Mouse,37,61,North
2024-01-06,Keyboard,38,62,South
2024-01-07,Monitor,39,63,East
2024-01-08,Headphones,40,64,West
2024-01-09,Laptop,41,65,North
2024-01-10,Mouse,42,66,South
2024-01-11,Keyboard,43,67,East
2024-01-12,Monitor,44,68,West
2024-01-13,Headphones,45,69,North
2024-01-14,Laptop,46,70,South
2024-01-15,Mouse,47,71,East
2024-01-16,Keyboard,48,72,West
2024-01-17,Monitor,49,73,North
2024-01-18,Headphones,50,74,South
2024-01-19,Laptop,51,75,East
2024-01-20,Mouse,52,76,West
2024-01-21,Keyboard,53,77,North
2024-01-22,Monitor,54,78,South
2024-01-23,Headphones,55,79,East
2024-01-24,Laptop,56,80,West
2024-01-25,Mouse,57,81,North
2024-01-26,Keyboard,58,82,South
2024-01-27,Monitor,59,83,East
2024-01-28,Headphones,60,84,West
2024-01-01,Laptop,61,85,North
2024-01-02,Mouse,62,86,South
2024-01-03,Keyboard,63,87,East
2024-01-04,Monitor,64,88,West
2024-01-05,Headphones,65,89,North
2024-01-06,Laptop,66,90,South
2024-01-07,Mouse,67,91,East
2024-01-08,Keyboard,68,92,West
2024-01-09,Monitor,69,93,North
2024-01-10,Headphones,70,94,South
2024-01-11,Laptop,71,95,East
2024-01-12,Mouse,72,96,West
2024-01-13,Keyboard,73,97,North
2024-01-14,Monitor,74,98,South
2024-01-15,Headphones,75,99,East
2024-01-16,Laptop,76,100,West
2024-01-17,Mouse,77,101,North
2024-01-18,Keyboard,78,102,South
2024-01-19,Monitor,79,103,East
2024-01-20,Headphones,80,104,West
2024-01-21,Laptop,81,105,North
2024-01-22,Mouse,82,106,South
2024-01-23,Keyboard,83,107,East
2024-01-24,Monitor,84,108,West
2024-01-25,Headphones,85,109,North
2024-01-26,Laptop,86,110,South
2024-01-27,Mouse,87,111,East
2024-01-28,Keyboard,88,112,West
2024-01-01,Monitor,89,113,North
2024-01-02,Headphones,90,114,South
2024-01-03,Laptop,91,115,East
2024-01-04,Mouse,92,116,West
2024-01-05,Keyboard,93,117,North
2024-01-06,Monitor,94,118,South
2024-01-07,Headphones,95,119,East
2024-01-08,Laptop,96,120,West
2024-01-09,Mouse,97,121,North
2024-01-10,Keyboard,98,122,South
2024-01-11,Monitor,99,123,East
2024-01-12,Headphones,100,124,West
2024-01-13,Laptop,1,125,North
2024-01-14,Mouse,2,126,South
2024-01-15,Keyboard,3,127,East
2024-01-16,Monitor,4,128,West
2024-01-17,Headphones,5,129,North
2024-01-18,Laptop,6,130,South
2024-01-19,Mouse,7,131,East
2024-01-20,Keyboard,8,132,West
2024-01-21,Monitor,9,133,North
2024-01-22,Headphones,10,134,South
2024-01-23,Laptop,11,135,East
2024-01-24,Mouse,12,136,West
2024-01-25,Keyboard,13,137,North
2024-01-26,Monitor,14,138,South
2024-01-27,Headphones,15,139,East
2024-01-28,Laptop,16,140,West
2024-01-01,Mouse,17,141,North
2024-01-02,Keyboard,18,142,South
2024-01-03,Monitor,19,143,East
2024-01-04,Headphones,20,144,West
2024-01-05,Laptop,21,145,North
2024-01-06,Mouse,22,146,South
2024-01-07,Keyboard,23,147,East
2024-01-08,Monitor,24,148,West
2024-01-09,Headphones,25,149,North
2024-01-10,Laptop,26,150,South
2024-01-11,Mouse,27,151,East
2024-01-12,Keyboard,28,152,West
2024-01-13,Monitor,29,153,North
2024-01-14,Headphones,30,154,South
2024-01-15,Laptop,31,155,East
2024-01-16,Mouse,32,156,West
2024-01-17,Keyboard,33,157,North
2024-01-18,Monitor,34,158,South
2024-01-19,Headphones,35,159,East
2024-01-20,Laptop,36,160,West
2024-01-21,Mouse,37,161,North
2024-01-22,Keyboard,38,162,South
2024-01-23,Monitor,39,163,East
2024-01-24,Headphones,40,164,West
2024-01-25,Laptop,41,165,North
2024-01-26,Mouse,42,166,South
2024-01-27,Keyboard,43,167,East
2024-01-28,Monitor,44,168,West
2024-01-01,Headphones,45,169,North
2024-01-02,Laptop,46,170,South
2024-01-03,Mouse,47,171,East
2024-01-04,Keyboard,48,172,West
2024-01-05,Monitor,49,173,North
2024-01-06,Headphones,50,174,South
2024-01-07,Laptop,51,175,East
2024-01-08,Mouse,52,176,West
2024-01-09,Keyboard,53,177,North
2024-01-10,Monitor,54,178,South
2024-01-11,Headphones,55,179,East
2024-01-12,Laptop,56,180,West
2024-01-13,Mouse,57,181,North
2024-01-14,Keyboard,58,182,South
2024-01-15,Monitor,59,183,East
2024-01-16,Headphones,60,184,West
2024-01-17,Laptop,61,185,North
2024-01-18,Mouse,62,186,South
2024-01-19,Keyboard,63,187,East
2024-01-20,Monitor,64,188,West
2024-01-21,Headphones,65,189,North
2024-01-22,Laptop,66,190,South
2024-01-23,Mouse,67,191,East
2024-01-24,Keyboard,68,192,West
2024-01-25,Monitor,69,193,North
2024-01-26,Headphones,70,194,South
2024-01-27,Laptop,71,195,East
2024-01-28,Mouse,72,196,West
2024-01-01,Keyboard,73,197,North
2024-01-02,Monitor,74,198,South
2024-01-03,Headphones,75,199,East
2024-01-04,Laptop,76,200,West
2024-01-05,Mouse,77,201,North
2024-01-06,Keyboard,78,202,South
2024-01-07,Monitor,79,203,East
2024-01-08,Headphones,80,204,West
2024-01-09,Laptop,81,205,North
2024-01-10,Mouse,82,206,South
2024-01-11,Keyboard,83,207,East
2024-01-12,Monitor,84,208,West
2024-01-13,Headphones,85,209,North
2024-01-14,Laptop,86,210,South
2024-01-15,Mouse,87,211,East
2024-01-16,Keyboard,88,212,West
2024-01-17,Monitor,89,213,North
2024-01-18,Headphones,90,214,South
2024-01-19,Laptop,91,215,East
2024-01-20,Mouse,92,216,West
2024-01-21,Keyboard,93,217,North
2024-01-22,Monitor,94,218,South
2024-01-23,Headphones,95,219,East
2024-01-24,Laptop,96,220,West
2024-01-25,Mouse,97,221,North
2024-01-26,Keyboard,98,222,South
2024-01-27,Monitor,99,223,East
2024-01-28,Headphones,100,224,West
2024-01-01,Laptop,1,225,North
2024-01-02,Mouse,2,226,South
2024-01-03,Keyboard,3,227,East
2024-01-04,Monitor,4,228,West
2024-01-05,Headphones,5,229,North
2024-01-06,Laptop,6,230,South
2024-01-07,Mouse,7,231,East
2024-01-08,Keyboard,8,232,West
2024-01-09,Monitor,9,233,North
2024-01-10,Headphones,10,234,South
2024-01-11,Laptop,11,235,East
2024-01-12,Mouse,12,236,West
2024-01-13,Keyboard,13,237,North
2024-01-14,Monitor,14,238,South
2024-01-15,Headphones,15,239,East
2024-01-16,Laptop,16,240,West
2024-01-17,Mouse,17,241,North
2024-01-18,Keyboard,18,242,South
2024-01-19,Monitor,19,243,East
2024-01-20,Headphones,20,244,West
2024-01-21,Laptop,21,245,North
2024-01-22,Mouse,22,246,South
2024-01-23,Keyboard,23,247,East
2024-01-24,Monitor,24,248,West
2024-01-25,Headphones,25,249,North
2024-01-26,Laptop,26,250,South
2024-01-27,Mouse,27,251,East
2024-01-28,Keyboard,28,252,West
2024-01-01,Monitor,29,253,North
2024-01-02,Headphones,30,254,South
2024-01-03,Laptop,31,255,East
2024-01-04,Mouse,32,256,West
2024-01-05,Keyboard,33,257,North
2024-01-06,Monitor,34,258,South
2024-01-07,Headphones,35,259,East
2024-01-08,Laptop,36,260,West
2024-01-09,Mouse,37,261,North
2024-01-10,Keyboard,38,262,South
2024-01-11,Monitor,39,263,East
2024-01-12,Headphones,40,264,West
2024-01-13,Laptop,41,265,North
2024-01-14,Mouse,42,266,South
2024-01-15,Keyboard,43,267,East
2024-01-16,Monitor,44,268,West
2024-01-17,Headphones,45,269,North
2024-01-18,Laptop,46,270,South
2024-01-19,Mouse,47,271,East
2024-01-20,Keyboard,48,272,West
2024-01-21,Monitor,49,273,North
2024-01-22,Headphones,50,274,South
2024-01-23,Laptop,51,275,East
2024-01-24,Mouse,52,276,West
2024-01-25,Keyboard,53,277,North
2024-01-26,Monitor,54,278,South
2024-01-27,Headphones,55,279,East
2024-01-28,Laptop,56,280,West
2024-01-01,Mouse,57,281,North
2024-01-02,Keyboard,58,282,South
2024-01-03,Monitor,59,283,East
2024-01-04,Headphones,60,284,West
2024-01-05,Laptop,61,285,North
2024-01-06,Mouse,62,286,South
2024-01-07,Keyboard,63,287,East
2024-01-08,Monitor,64,288,West
2024-01-09,Headphones,65,289,North
2024-01-10,Laptop,66,290,South
2024-01-11,Mouse,67,291,East
2024-01-12,Keyboard,68,292,West
2024-01-13,Monitor,69,293,North
2024-01-14,Headphones,70,294,South
2024-01-15,Laptop,71,295,East
2024-01-16,Mouse,72,296,West
2024-01-17,Keyboard,73,297,North
2024-01-18,Monitor,74,298,South
2024-01-19,Headphones,75,299,East
2024-01-20,Laptop,76,300,West
2024-01-21,Mouse,77,301,North
2024-01-22,Keyboard,78,302,South
2024-01-23,Monitor,79,303,East
2024-01-24,Headphones,80,304,West
2024-01-25,Laptop,81,305,North
2024-01-26,Mouse,82,306,South
2024-01-27,Keyboard,83,307,East
2024-01-28,Monitor,84,308,West
2024-01-01,Headphones,85,309,North
2024-01-02,Laptop,86,310,South
2024-01-03,Mouse,87,311,East
2024-01-04,Keyboard,88,312,West
2024-01-05,Monitor,89,313,North
2024-01-06,Headphones,90,314,South
2024-01-07,Laptop,91,315,East
2024-01-08,Mouse,92,316,West
2024-01-09,Keyboard,93,317,North
2024-01-10,Monitor,94,318,South
2024-01-11,Headphones,95,319,East
2024-01-12,Laptop,96,320,West
2024-01-13,Mouse,97,321,North
2024-01-14,Keyboard,98,322,South
2024-01-15,Monitor,99,323,East
2024-01-16,Headphones,100,324,West
2024-01-17,Laptop,1,325,North
2024-01-18,Mouse,2,326,South
2024-01-19,Keyboard,3,327,East
2024-01-20,Monitor,4,328,West
2024-01-21,Headphones,5,329,North
2024-01-22,Laptop,6,330,South
2024-01-23,Mouse,7,331,East
2024-01-24,Keyboard,8,332,West
2024-01-25,Monitor,9,333,North
2024-01-26,Headphones,10,334,South
2024-01-27,Laptop,11,335,East
2024-01-28,Mouse,12,336,West
2024-01-01,Keyboard,13,337,North
2024-01-02,Monitor,14,338,South
2024-01-03,Headphones,15,339,East
2024-01-04,Laptop,16,340,West
2024-01-05,Mouse,17,341,North
2024-01-06,Keyboard,18,342,South
2024-01-07,Monitor,19,343,East
2024-01-08,Headphones,20,344,West
2024-01-09,Laptop,21,345,North
2024-01-10,Mouse,22,346,South
2024-01-11,Keyboard,23,347,East
2024-01-12,Monitor,24,348,West
2024-01-13,Headphones,25,349,North
2024-01-14,Laptop,26,350,South
2024-01-15,Mouse,27,351,East
2024-01-16,Keyboard,28,352,West
2024-01-17,Monitor,29,353,North
2024-01-18,Headphones,30,354,South
2024-01-19,Laptop,31,355,East
2024-01-20,Mouse,32,356,West
2024-01-21,Keyboard,33,357,North
2024-01-22,Monitor,34,358,South
2024-01-23,Headphones,35,359,East
2024-01-24,Laptop,36,360,West
2024-01-25,Mouse,37,361,North
2024-01-26,Keyboard,38,362,South
2024-01-27,Monitor,39,363,East
2024-01-28,Headphones,40,364,West
2024-01-01,Laptop,41,365,North
2024-01-02,Mouse,42,366,South
2024-01-03,Keyboard,43,367,East
2024-01-04,Monitor,44,368,West
2024-01-05,Headphones,45,369,North
2024-01-06,Laptop,46,370,South
2024-01-07,Mouse,47,371,East
2024-01-08,Keyboard,48,372,West
2024-01-09,Monitor,49,373,North
2024-01-10,Headphones,50,374,South
2024-01-11,Laptop,51,375,East
2024-01-12,Mouse,52,376,West
2024-01-13,Keyboard,53,377,North
2024-01-14,Monitor,54,378,South
2024-01-15,Headphones,55,379,East
2024-01-16,Laptop,56,380,West
2024-01-17,Mouse,57,381,North
2024-01-18,Keyboard,58,382,South
2024-01-19,Monitor,59,383,East
2024-01-20,Headphones,60,384,West
2024-01-21,Laptop,61,385,North
2024-01-22,Mouse,62,386,South
2024-01-23,Keyboard,63,387,East
2024-01-24,Monitor,64,388,West
2024-01-25,Headphones,65,389,North
2024-01-26,Laptop,66,390,South
2024-01-27,Mouse,67,391,East
2024-01-28,Keyboard,68,392,West
2024-01-01,Monitor,69,393,North
2024-01-02,Headphones,70,394,South
2024-01-03,Laptop,71,395,East
2024-01-04,Mouse,72,396,West
2024-01-05,Keyboard,73,397,North
2024-01-06,Monitor,74,398,South
2024-01-07,Headphones,75,399,East
2024-01-08,Laptop,76,400,West
2024-01-09,Mouse,77,401,North
2024-01-10,Keyboard,78,402,South
2024-01-11,Monitor,79,403,East
2024-01-12,Headphones,80,404,West
2024-01-13,Laptop,81,405,North
2024-01-14,Mouse,82,406,South
2024-01-15,Keyboard,83,407,East
2024-01-16,Monitor,84,408,West
2024-01-17,Headphones,85,409,North
2024-01-18,Laptop,86,410,South
2024-01-19,Mouse,87,411,East
2024-01-20,Keyboard,88,412,West
2024-01-21,Monitor,89,413,North
2024-01-22,Headphones,90,414,South
2024-01-23,Laptop,91,415,East
2024-01-24,Mouse,92,416,West
2024-01-25,Keyboard,93,417,North
2024-01-26,Monitor,94,418,South
2024-01-27,Headphones,95,419,East
2024-01-28,Laptop,96,420,West
2024-01-01,Mouse,97,421,North
2024-01-02,Keyboard,98,422,South
2024-01-03,Monitor,99,423,East
2024-01-04,Headphones,100,424,West
2024-01-05,Laptop,1,425,North
2024-01-06,Mouse,2,426,South
2024-01-07,Keyboard,3,427,East
2024-01-08,Monitor,4,428,West
2024-01-09,Headphones,5,429,North
2024-01-10,Laptop,6,430,South
2024-01-11,Mouse,7,431,East
2024-01-12,Keyboard,8,432,West
2024-01-13,Monitor,9,433,North
2024-01-14,Headphones,10,434,South
2024-01-15,Laptop,11,435,East
2024-01-16,Mouse,12,436,West
2024-01-17,Keyboard,13,437,North
2024-01-18,Monitor,14,438,South
2024-01-19,Headphones,15,439,East
2024-01-20,Laptop,16,440,West
2024-01-21,Mouse,17,441,North
2024-01-22,Keyboard,18,442,South
2024-01-23,Monitor,19,443,East
2024-01-24,Headphones,20,444,West
2024-01-25,Laptop,21,445,North
2024-01-26,Mouse,22,446,South
2024-01-27,Keyboard,23,447,East
2024-01-28,Monitor,24,448,West
2024-01-01,Headphones,25,449,North
2024-01-02,Laptop,26,450,South
2024-01-03,Mouse,27,451,East
2024-01-04,Keyboard,28,452,West
2024-01-05,Monitor,29,453,North
2024-01-06,Headphones,30,454,South
2024-01-07,Laptop,31,455,East
2024-01-08,Mouse,32,456,West
2024-01-09,Keyboard,33,457,North
2024-01-10,Monitor,34,458,South
2024-01-11,Headphones,35,459,East
2024-01-12,Laptop,36,460,West
2024-01-13,Mouse,37,461,North
2024-01-14,Keyboard,38,462,South
2024-01-15,Monitor,39,463,East
2024-01-16,Headphones,40,464,West
2024-01-17,Laptop,41,465,North
2024-01-18,Mouse,42,466,South
2024-01-19,Keyboard,43,467,East
2024-01-20,Monitor,44,468,West
2024-01-21,Headphones,45,469,North
2024-01-22,Laptop,46,470,South
2024-01-23,Mouse,47,471,East
2024-01-24,Keyboard,48,472,West
2024-01-25,Monitor,49,473,North
2024-01-26,Headphones,50,474,South
2024-01-27,Laptop,51,475,East
2024-01-28,Mouse,52,476,West
2024-01-01,Keyboard,53,477,North
2024-01-02,Monitor,54,478,South
2024-01-03,Headphones,55,479,East
2024-01-04,Laptop,56,480,West
2024-01-05,Mouse,57,481,North
2024-01-06,Keyboard,58,482,South
2024-01-07,Monitor,59,483,East
2024-01-08,Headphones,60,484,West
2024-01-09,Laptop,61,485,North
2024-01-10,Mouse,62,486,South
2024-01-11,Keyboard,63,487,East
2024-01-12,Monitor,64,488,West
2024-01-13,Headphones,65,489,North
2024-01-14,Laptop,66,490,South
2024-01-15,Mouse,67,491,East
2024-01-16,Keyboard,68,492,West
2024-01-17,Monitor,69,493,North
2024-01-18,Headphones,70,494,South
2024-01-19,Laptop,71,495,East
2024-01-20,Mouse,72,496,West
2024-01-21,Keyboard,73,497,North
2024-01-22,Monitor,74,498,South
2024-01-23,Headphones,75,499,East
2024-01-24,Laptop,76,500,West
2024-01-25,Mouse,77,501,North
2024-01-26,Keyboard,78,502,South
2024-01-27,Monitor,79,503,East
2024-01-28,Headphones,80,504,West
2024-01-01,Laptop,81,505,North
2024-01-02,Mouse,82,506,South
2024-01-03,Keyboard,83,507,East
2024-01-04,Monitor,84,508,West
2024-01-05,Headphones,85,509,North
2024-01-06,Laptop,86,510,South
2024-01-07,Mouse,87,511,East
2024-01-08,Keyboard,88,512,West
2024-01-09,Monitor,89,513,North
2024-01-10,Headphones,90,514,South
2024-01-11,Laptop,91,515,East
2024-01-12,Mouse,92,516,West
2024-01-13,Keyboard,93,517,North
2024-01-14,Monitor,94,518,South
2024-01-15,Headphones,95,519,East
2024-01-16,Laptop,96,520,West
2024-01-17,Mouse,97,521,North
2024-01-18,Keyboard,98,522,South
2024-01-19,Monitor,99,523,East
2024-01-20,Headphones,100,524,West
2024-01-21,Laptop,1,525,North
2024-01-22,Mouse,2,526,South
2024-01-23,Keyboard,3,527,East
2024-01-24,Monitor,4,528,West
2024-01-25,Headphones,5,529,North
2024-01-26,Laptop,6,530,South
2024-01-27,Mouse,7,531,East
2024-01-28,Keyboard,8,532,West
2024-01-01,Monitor,9,533,North
2024-01-02,Headphones,10,534,South
2024-01-03,Laptop,11,535,East
2024-01-04,Mouse,12,536,West
2024-01-05,Keyboard,13,537,North
2024-01-06,Monitor,14,538,South
2024-01-07,Headphones,15,539,East
2024-01-08,Laptop,16,540,West
2024-01-09,Mouse,17,541,North
2024-01-10,Keyboard,18,542,South
2024-01-11,Monitor,19,543,East
2024-01-12,Headphones,20,544,West
2024-01-13,Laptop,21,545,North
2024-01-14,Mouse,22,546,South
2024-01-15,Keyboard,23,547,East
2024-01-16,Monitor,24,548,West
2024-01-17,Headphones,25,549,North
2024-01-18,Laptop,26,550,South
2024-01-19,Mouse,27,551,East
2024-01-20,Keyboard,28,552,West
2024-01-21,Monitor,29,553,North
2024-01-22,Headphones,30,554,South
2024-01-23,Laptop,31,555,East
2024-01-24,Mouse,32,556,West
2024-01-25,Keyboard,33,557,North
2024-01-26,Monitor,34,558,South
2024-01-27,Headphones,35,559,East
2024-01-28,Laptop,36,560,West
2024-01-01,Mouse,37,561,North
2024-01-02,Keyboard,38,562,South
2024-01-03,Monitor,39,563,East
2024-01-04,Headphones,40,564,West
2024-01-05,Laptop,41,565,North
2024-01-06,Mouse,42,566,South
2024-01-07,Keyboard,43,567,East
2024-01-08,Monitor,44,568,West
2024-01-09,Headphones,45,569,North
2024-01-10,Laptop,46,570,South
2024-01-11,Mouse,47,571,East
2024-01-12,Keyboard,48,572,West
2024-01-13,Monitor,49,573,North
2024-01-14,Headphones,50,574,South
2024-01-15,Laptop,51,575,East
2024-01-16,Mouse,52,576,West
2024-01-17,Keyboard,53,577,North
2024-01-18,Monitor,54,578,South
2024-01-19,Headphones,55,579,East
2024-01-20,Laptop,56,580,West
2024-01-21,Mouse,57,581,North
2024-01-22,Keyboard,58,582,South
2024-01-23,Monitor,59,583,East
2024-01-24,Headphones,60,584,West
2024-01-25,Laptop,61,585,North
2024-01-26,Mouse,62,586,South
2024-01-27,Keyboard,63,587,East
2024-01-28,Monitor,64,588,West
2024-01-01,Headphones,65,589,North
2024-01-02,Laptop,66,590,South
2024-01-03,Mouse,67,591,East
2024-01-04,Keyboard,68,592,West
2024-01-05,Monitor,69,593,North
2024-01-06,Headphones,70,594,South
2024-01-07,Laptop,71,595,East
2024-01-08,Mouse,72,596,West
2024-01-09,Keyboard,73,597,North
2024-01-10,Monitor,74,598,South
2024-01-11,Headphones,75,599,East
2024-01-12,Laptop,76,600,West
2024-01-13,Mouse,77,601,North
2024-01-14,Keyboard,78,602,South
2024-01-15,Monitor,79,603,East
2024-01-16,Headphones,80,604,West
2024-01-17,Laptop,81,605,North
2024-01-18,Mouse,82,606,South
2024-01-19,Keyboard,83,607,East
2024-01-20,Monitor,84,608,West
2024-01-21,Headphones,85,609,North
2024-01-22,Laptop,86,610,South
2024-01-23,Mouse,87,611,East
2024-01-24,Keyboard,88,612,West
2024-01-25,Monitor,89,613,North
2024-01-26,Headphones,90,614,South
2024-01-27,Laptop,91,615,East
2024-01-28,Mouse,92,616,West
2024-01-01,Keyboard,93,617,North
2024-01-02,Monitor,94,618,South
2024-01-03,Headphones,95,619,East
2024-01-04,Laptop,96,620,West
2024-01-05,Mouse,97,621,North
2024-01-06,Keyboard,98,622,South
2024-01-07,Monitor,99,623,East
2024-01-08,Headphones,100,624,West
2024-01-09,Laptop,1,625,North
2024-01-10,Mouse,2,626,South
2024-01-11,Keyboard,3,627,East
2024-01-12,Monitor,4,628,West
2024-01-13,Headphones,5,629,North
2024-01-14,Laptop,6,630,South
2024-01-15,Mouse,7,631,East
2024-01-16,Keyboard,8,632,West
2024-01-17,Monitor,9,633,North
2024-01-18,Headphones,10,634,South
2024-01-19,Laptop,11,635,East
2024-01-20,Mouse,12,636,West
2024-01-21,Keyboard,13,637,North
2024-01-22,Monitor,14,638,South
2024-01-23,Headphones,15,639,East
2024-01-24,Laptop,16,640,West
2024-01-25,Mouse,17,641,North
2024-01-26,Keyboard,18,642,South
2024-01-27,Monitor,19,643,East
2024-01-28,Headphones,20,644,West
2024-01-01,Laptop,21,645,North
2024-01-02,Mouse,22,646,South
2024-01-03,Keyboard,23,647,East
2024-01-04,Monitor,24,648,West
2024-01-05,Headphones,25,649,North
2024-01-06,Laptop,26,650,South
2024-01-07,Mouse,27,651,East
2024-01-08,Keyboard,28,652,West
2024-01-09,Monitor,29,653,North
2024-01-10,Headphones,30,654,South
2024-01-11,Laptop,31,655,East
2024-01-12,Mouse,32,656,West
2024-01-13,Keyboard,33,657,North
2024-01-14,Monitor,34,658,South
2024-01-15,Headphones,35,659,East
2024-01-16,Laptop,36,660,West
2024-01-17,Mouse,37,661,North
2024-01-18,Keyboard,38,662,South
2024-01-19,Monitor,39,663,East
2024-01-20,Headphones,40,664,West
2024-01-21,Laptop,41,665,North
2024-01-22,Mouse,42,666,South
2024-01-23,Keyboard,43,667,East
2024-01-24,Monitor,44,668,West
2024-01-25,Headphones,45,669,North
2024-01-26,Laptop,46,670,South
2024-01-27,Mouse,47,671,East
2024-01-28,Keyboard,48,672,West
2024-01-01,Monitor,49,673,North
2024-01-02,Headphones,50,674,South
2024-01-03,Laptop,51,675,East
2024-01-04,Mouse,52,676,West
2024-01-05,Keyboard,53,677,North
2024-01-06,Monitor,54,678,South
2024-01-07,Headphones,55,679,East
2024-01-08,Laptop,56,680,West
2024-01-09,Mouse,57,681,North
2024-01-10,Keyboard,58,682,South
2024-01-11,Monitor,59,683,East
2024-01-12,Headphones,60,684,West
2024-01-13,Laptop,61,685,North
2024-01-14,Mouse,62,686,South
2024-01-15,Keyboard,63,687,East
2024-01-16,Monitor,64,688,West
2024-01-17,Headphones,65,689,North
2024-01-18,Laptop,66,690,South
2024-01-19,Mouse,67,691,East
2024-01-20,Keyboard,68,692,West
2024-01-21,Monitor,69,693,North
2024-01-22,Headphones,70,694,South
2024-01-23,Laptop,71,695,East
2024-01-24,Mouse,72,696,West
2024-01-25,Keyboard,73,697,North
2024-01-26,Monitor,74,698,South
2024-01-27,Headphones,75,699,East
2024-01-28,Laptop,76,700,West
2024-01-01,Mouse,77,701,North
2024-01-02,Keyboard,78,702,South
2024-01-03,Monitor,79,703,East
2024-01-04,Headphones,80,704,West
2024-01-05,Laptop,81,705,North
2024-01-06,Mouse,82,706,South
2024-01-07,Keyboard,83,707,East
2024-01-08,Monitor,84,708,West
2024-01-09,Headphones,85,709,North
2024-01-10,Laptop,86,710,South
2024-01-11,Mouse,87,711,East
2024-01-12,Keyboard,88,712,West
2024-01-13,Monitor,89,713,North
2024-01-14,Headphones,90,714,South
2024-01-15,Laptop,91,715,East
2024-01-16,Mouse,92,716,West
2024-01-17,Keyboard,93,717,North
2024-01-18,Monitor,94,718,South
2024-01-19,Headphones,95,719,East
2024-01-20,Laptop,96,720,West
2024-01-21,Mouse,97,721,North
2024-01-22,Keyboard,98,722,South
2024-01-23,Monitor,99,723,East
2024-01-24,Headphones,100,724,West
2024-01-25,Laptop,1,725,North
2024-01-26,Mouse,2,726,South
2024-01-27,Keyboard,3,727,East
2024-01-28,Monitor,4,728,West
2024-01-01,Headphones,5,729,North
2024-01-02,Laptop,6,730,South
2024-01-03,Mouse,7,731,East
2024-01-04,Keyboard,8,732,West
2024-01-05,Monitor,9,733,North
2024-01-06,Headphones,10,734,South
2024-01-07,Laptop,11,735,East
2024-01-08,Mouse,12,736,West
2024-01-09,Keyboard,13,737,North
2024-01-10,Monitor,14,738,South
2024-01-11,Headphones,15,739,East
2024-01-12,Laptop,16,740,West
2024-01-13,Mouse,17,741,North
2024-01-14,Keyboard,18,742,South
2024-01-15,Monitor,19,743,East
2024-01-16,Headphones,20,744,West
2024-01-17,Laptop,21,745,North
2024-01-18,Mouse,22,746,South
2024-01-19,Keyboard,23,747,East
2024-01-20,Monitor,24,748,West
2024-01-21,Headphones,25,749,North
2024-01-22,Laptop,26,750,South
2024-01-23,Mouse,27,751,East
2024-01-24,Keyboard,28,752,West
2024-01-25,Monitor,29,753,North
2024-01-26,Headphones,30,754,South
2024-01-27,Laptop,31,755,East
2024-01-28,Mouse,32,756,West
2024-01-01,Keyboard,33,757,North
2024-01-02,Monitor,34,758,South
2024-01-03,Headphones,35,759,East
2024-01-04,Laptop,36,760,West
2024-01-05,Mouse,37,761,North
2024-01-06,Keyboard,38,762,South
2024-01-07,Monitor,39,763,East
2024-01-08,Headphones,40,764,West
2024-01-09,Laptop,41,765,North
2024-01-10,Mouse,42,766,South
2024-01-11,Keyboard,43,767,East
2024-01-12,Monitor,44,768,West
2024-01-13,Headphones,45,769,North
2024-01-14,Laptop,46,770,South
2024-01-15,Mouse,47,771,East
2024-01-16,Keyboard,48,772,West
2024-01-17,Monitor,49,773,North
2024-01-18,Headphones,50,774,South
2024-01-19,Laptop,51,775,East
2024-01-20,Mouse,52,776,West
2024-01-21,Keyboard,53,777,North
2024-01-22,Monitor,54,778,South
2024-01-23,Headphones,55,779,East
2024-01-24,Laptop,56,780,West
2024-01-25,Mouse,57,781,North
2024-01-26,Keyboard,58,782,South
2024-01-27,Monitor,59,783,East
2024-01-28,Headphones,60,784,West
2024-01-01,Laptop,61,785,North
2024-01-02,Mouse,62,786,South
2024-01-03,Keyboard,63,787,East
2024-01-04,Monitor,64,788,West
2024-01-05,Headphones,65,789,North
2024-01-06,Laptop,66,790,South
2024-01-07,Mouse,67,791,East
2024-01-08,Keyboard,68,792,West
2024-01-09,Monitor,69,793,North
2024-01-10,Headphones,70,794,South
2024-01-11,Laptop,71,795,East
2024-01-12,Mouse,72,796,West
2024-01-13,Keyboard,73,797,North
2024-01-14,Monitor,74,798,South
2024-01-15,Headphones,75,799,East
2024-01-16,Laptop,76,800,West
2024-01-17,Mouse,77,801,North
2024-01-18,Keyboard,78,802,South
2024-01-19,Monitor,79,803,East
2024-01-20,Headphones,80,804,West
2024-01-21,Laptop,81,805,North
2024-01-22,Mouse,82,806,South
2024-01-23,Keyboard,83,807,East
2024-01-24,Monitor,84,808,West
2024-01-25,Headphones,85,809,North
2024-01-26,Laptop,86,810,South
2024-01-27,Mouse,87,811,East
2024-01-28,Keyboard,88,812,West
2024-01-01,Monitor,89,813,North
2024-01-02,Headphones,90,814,South
2024-01-03,Laptop,91,815,East
2024-01-04,Mouse,92,816,West
2024-01-05,Keyboard,93,817,North
2024-01-06,Monitor,94,818,South
2024-01-07,Headphones,95,819,East
2024-01-08,Laptop,96,820,West
2024-01-09,Mouse,97,821,North
2024-01-10,Keyboard,98,822,South
2024-01-11,Monitor,99,823,East
2024-01-12,Headphones,100,824,West
2024-01-13,Laptop,1,825,North
2024-01-14,Mouse,2,826,South
2024-01-15,Keyboard,3,827,East
2024-01-16,Monitor,4,828,West
2024-01-17,Headphones,5,829,North
2024-01-18,Laptop,6,830,South
2024-01-19,Mouse,7,831,East
2024-01-20,Keyboard,8,832,West
2024-01-21,Monitor,9,833,North
2024-01-22,Headphones,10,834,South
2024-01-23,Laptop,11,835,East
2024-01-24,Mouse,12,836,West
2024-01-25,Keyboard,13,837,North
2024-01-26,Monitor,14,838,South
2024-01-27,Headphones,15,839,East
2024-01-28,Laptop,16,840,West
2024-01-01,Mouse,17,841,North
2024-01-02,Keyboard,18,842,South
2024-01-03,Monitor,19,843,East
2024-01-04,Headphones,20,844,West
2024-01-05,Laptop,21,845,North
2024-01-06,Mouse,22,846,South
2024-01-07,Keyboard,23,847,East
2024-01-08,Monitor,24,848,West
2024-01-09,Headphones,25,849,North
2024-01-10,Laptop,26,850,South
2024-01-11,Mouse,27,851,East
2024-01-12,Keyboard,28,852,West
2024-01-13,Monitor,29,853,North
2024-01-14,Headphones,30,854,South
2024-01-15,Laptop,31,855,East
2024-01-16,Mouse,32,856,West
2024-01-17,Keyboard,33,857,North
2024-01-18,Monitor,34,858,South
2024-01-19,Headphones,35,859,East
2024-01-20,Laptop,36,860,West
2024-01-21,Mouse,37,861,North
2024-01-22,Keyboard,38,862,South
2024-01-23,Monitor,39,863,East
2024-01-24,Headphones,40,864,West
2024-01-25,Laptop,41,865,North
2024-01-26,Mouse,42,866,South
2024-01-27,Keyboard,43,867,East
2024-01-28,Monitor,44,868,West
2024-01-01,Headphones,45,869,North
2024-01-02,Laptop,46,870,South
2024-01-03,Mouse,47,871,East
2024-01-04,Keyboard,48,872,West
2024-01-05,Monitor,49,873,North
2024-01-06,Headphones,50,874,South
2024-01-07,Laptop,51,875,East
2024-01-08,Mouse,52,876,West
2024-01-09,Keyboard,53,877,North
2024-01-10,Monitor,54,878,South
2024-01-11,Headphones,55,879,East
2024-01-12,Laptop,56,880,West
2024-01-13,Mouse,57,881,North
2024-01-14,Keyboard,58,882,South
2024-01-15,Monitor,59,883,East
2024-01-16,Headphones,60,884,West
2024-01-17,Laptop,61,885,North
2024-01-18,Mouse,62,886,South
2024-01-19,Keyboard,63,887,East
2024-01-20,Monitor,64,888,West
2024-01-21,Headphones,65,889,North
2024-01-22,Laptop,66,890,South
2024-01-23,Mouse,67,891,East
2024-01-24,Keyboard,68,892,West
2024-01-25,Monitor,69,893,North
2024-01-26,Headphones,70,894,South
2024-01-27,Laptop,71,895,East
2024-01-28,Mouse,72,896,West
2024-01-01,Keyboard,73,897,North
2024-01-02,Monitor,74,898,South
2024-01-03,Headphones,75,899,East
2024-01-04,Laptop,76,900,West
2024-01-05,Mouse,77,901,North
2024-01-06,Keyboard,78,902,South
2024-01-07,Monitor,79,903,East
2024-01-08,Headphones,80,904,West
2024-01-09,Laptop,81,905,North
2024-01-10,Mouse,82,906,South
2024-01-11,Keyboard,83,907,East
2024-01-12,Monitor,84,908,West
2024-01-13,Headphones,85,909,North
2024-01-14,Laptop,86,910,South
2024-01-15,Mouse,87,911,East
2024-01-16,Keyboard,88,912,West
2024-01-17,Monitor,89,913,North
2024-01-18,Headphones,90,914,South
2024-01-19,Laptop,91,915,East
2024-01-20,Mouse,92,916,West
2024-01-21,Keyboard,93,917,North
2024-01-22,Monitor,94,918,South
2024-01-23,Headphones,95,919,East
2024-01-24,Laptop,96,920,West
2024-01-25,Mouse,97,921,North
2024-01-26,Keyboard,98,922,South
2024-01-27,Monitor,99,923,East
2024-01-28,Headphones,100,924,West
2024-01-01,Laptop,1,925,North
2024-01-02,Mouse,2,926,South
2024-01-03,Keyboard,3,927,East
2024-01-04,Monitor,4,928,West
2024-01-05,Headphones,5,929,North
2024-01-06,Laptop,6,930,South
2024-01-07,Mouse,7,931,East
2024-01-08,Keyboard,8,932,West
2024-01-09,Monitor,9,933,North
2024-01-10,Headphones,10,934,South
2024-01-11,Laptop,11,935,East
2024-01-12,Mouse,12,936,West
2024-01-13,Keyboard,13,937,North
2024-01-14,Monitor,14,938,South
2024-01-15,Headphones,15,939,East
2024-01-16,Laptop,16,940,West
2024-01-17,Mouse,17,941,North
2024-01-18,Keyboard,18,942,South
2024-01-19,Monitor,19,943,East
2024-01-20,Headphones,20,944,West
2024-01-21,Laptop,21,945,North
2024-01-22,Mouse,22,946,South
2024-01-23,Keyboard,23,947,East
2024-01-24,Monitor,24,948,West
2024-01-25,Headphones,25,949,North
2024-01-26,Laptop,26,950,South
2024-01-27,Mouse,27,951,East
2024-01-28,Keyboard,28,952,West
2024-01-01,Monitor,29,953,North
2024-01-02,Headphones,30,954,South
2024-01-03,Laptop,31,955,East
2024-01-04,Mouse,32,956,West
2024-01-05,Keyboard,33,957,North
2024-01-06,Monitor,34,958,South
2024-01-07,Headphones,35,959,East
2024-01-08,Laptop,36,960,West
2024-01-09,Mouse,37,961,North
2024-01-10,Keyboard,38,962,South
2024-01-11,Monitor,39,963,East
2024-01-12,Headphones,40,964,West
2024-01-13,Laptop,41,965,North
2024-01-14,Mouse,42,966,South
2024-01-15,Keyboard,43,967,East
2024-01-16,Monitor,44,968,West
2024-01-17,Headphones,45,969,North
2024-01-18,Laptop,46,970,South
2024-01-19,Mouse,47,971,East
2024-01-20,Keyboard,48,972,West
2024-01-21,Monitor,49,973,North
2024-01-22,Headphones,50,974,South
2024-01-23,Laptop,51,975,East
2024-01-24,Mouse,52,976,West
2024-01-25,Keyboard,53,977,North
2024-01-26,Monitor,54,978,South
2024-01-27,Headphones,55,979,East
2024-01-28,Laptop,56,980,West
2024-01-01,Mouse,57,981,North
2024-01-02,Keyboard,58,982,South
2024-01-03,Monitor,59,983,East
2024-01-04,Headphones,60,984,West
2024-01-05,Laptop,61,985,North
2024-01-06,Mouse,62,986,South
2024-01-07,Keyboard,63,987,East
2024-01-08,Monitor,64,988,West
2024-01-09,Headphones,65,989,North
2024-01-10,Laptop,66,990,South
2024-01-11,Mouse,67,991,East
2024-01-12,Keyboard,68,992,West
2024-01-13,Monitor,69,993,North
2024-01-14,Headphones,70,994,South
2024-01-15,Laptop,71,995,East
2024-01-16,Mouse,72,996,West
2024-01-17,Keyboard,73,997,North
2024-01-18,Monitor,74,998,South
2024-01-19,Headphones,75,999,East
2024-01-20,Laptop,76,1000,West
2024-01-21,Mouse,77,1001,North
2024-01-22,Keyboard,78,1002,South
2024-01-23,Monitor,79,1003,East
2024-01-24,Headphones,80,1004,West
2024-01-25,Laptop,81,1005,North
2024-01-26,Mouse,82,1006,South
2024-01-27,Keyboard,83,1007,East
2024-01-28,Monitor,84,1008,West
2024-01-01,Headphones,85,1009,North
2024-01-02,Laptop,86,1010,South
2024-01-03,Mouse,87,1011,East
2024-01-04,Keyboard,88,1012,West
2024-01-05,Monitor,89,1013,North
2024-01-06,Headphones,90,1014,South
2024-01-07,Laptop,91,1015,East
2024-01-08,Mouse,92,1016,West
2024-01-09,Keyboard,93,1017,North
2024-01-10,Monitor,94,1018,South
2024-01-11,Headphones,95,1019,East
2024-01-12,Laptop,96,1020,West
2024-01-13,Mouse,97,1021,North
2024-01-14,Keyboard,98,1022,South
2024-01-15,Monitor,99,1023,East
2024-01-16,Headphones,100,1024,West
2024-01-17,Laptop,1,1025,North
2024-01-18,Mouse,2,1026,South
2024-01-19,Keyboard,3,1027,East
2024-01-20,Monitor,4,1028,West
2024-01-21,Headphones,5,1029,North
2024-01-22,Laptop,6,1030,South
2024-01-23,Mouse,7,1031,East
2024-01-24,Keyboard,8,1032,West
2024-01-25,Monitor,9,1033,North
2024-01-26,Headphones,10,1034,South
2024-01-27,Laptop,11,1035,East
2024-01-28,Mouse,12,1036,West
2024-01-01,Keyboard,13,1037,North
2024-01-02,Monitor,14,1038,South
2024-01-03,Headphones,15,1039,East
2024-01-04,Laptop,16,1040,West
2024-01-05,Mouse,17,1041,North
2024-01-06,Keyboard,18,1042,South
2024-01-07,Monitor,19,1043,East
2024-01-08,Headphones,20,1044,West
2024-01-09,Laptop,21,1045,North
2024-01-10,Mouse,22,1046,South
2024-01-11,Keyboard,23,1047,East
2024-01-12,Monitor,24,1048,West
2024-01-13,Headphones,25,1049,North
2024-01-14,Laptop,26,1050,South
2024-01-15,Mouse,27,1051,East
2024-01-16,Keyboard,28,1052,West
2024-01-17,Monitor,29,1053,North
2024-01-18,Headphones,30,1054,South
2024-01-19,Laptop,31,1055,East
2024-01-20,Mouse,32,1056,West
2024-01-21,Keyboard,33,1057,North
2024-01-22,Monitor,34,1058,South
2024-01-23,Headphones,35,1059,East
2024-01-24,Laptop,36,1060,West
2024-01-25,Mouse,37,1061,North
2024-01-26,Keyboard,38,1062,South
2024-01-27,Monitor,39,1063,East
2024-01-28,Headphones,40,1064,West
2024-01-01,Laptop,41,1065,North
2024-01-02,Mouse,42,1066,South
2024-01-03,Keyboard,43,1067,East
2024-01-04,Monitor,44,1068,West
2024-01-05,Headphones,45,1069,North
2024-01-06,Laptop,46,1070,South
2024-01-07,Mouse,47,1071,East
2024-01-08,Keyboard,48,1072,West
2024-01-09,Monitor,49,1073,North
2024-01-10,Headphones,50,1074,South
2024-01-11,Laptop,51,1075,East
2024-01-12,Mouse,52,1076,West
2024-01-13,Keyboard,53,1077,North
2024-01-14,Monitor,54,1078,South
2024-01-15,Headphones,55,1079,East
2024-01-16,Laptop,56,1080,West
2024-01-17,Mouse,57,1081,North
2024-01-18,Keyboard,58,1082,South
2024-01-19,Monitor,59,1083,East
2024-01-20,Headphones,60,1084,West
2024-01-21,Laptop,61,1085,North
2024-01-22,Mouse,62,1086,South
2024-01-23,Keyboard,63,1087,East
2024-01-24,Monitor,64,1088,West
2024-01-25,Headphones,65,1089,North
2024-01-26,Laptop,66,1090,South
2024-01-27,Mouse,67,1091,East
2024-01-28,Keyboard,68,1092,West
2024-01-01,Monitor,69,1093,North
2024-01-02,Headphones,70,1094,South
2024-01-03,Laptop,71,1095,East
2024-01-04,Mouse,72,1096,West
2024-01-05,Keyboard,73,1097,North
2024-01-06,Monitor,74,1098,South
2024-01-07,Headphones,75,1099,East
2024-01-08,Laptop,76,1100,West
2024-01-09,Mouse,77,1101,North
2024-01-10,Keyboard,78,1102,South
2024-01-11,Monitor,79,1103,East
2024-01-12,Headphones,80,1104,West
2024-01-13,Laptop,81,1105,North
2024-01-14,Mouse,82,1106,South
2024-01-15,Keyboard,83,1107,East
2024-01-16,Monitor,84,1108,West
2024-01-17,Headphones,85,1109,North
2024-01-18,Laptop,86,1110,South
2024-01-19,Mouse,87,1111,East
2024-01-20,Keyboard,88,1112,West
2024-01-21,Monitor,89,1113,North
2024-01-22,Headphones,90,1114,South
2024-01-23,Laptop,91,1115,East
2024-01-24,Mouse,92,1116,West
2024-01-25,Keyboard,93,1117,North
2024-01-26,Monitor,94,1118,South
2024-01-27,Headphones,95,1119,East
2024-01-28,Laptop,96,1120,West
2024-01-01,Mouse,97,1121,North
2024-01-02,Keyboard,98,1122,South
2024-01-03,Monitor,99,1123,East
2024-01-04,Headphones,100,1124,West
2024-01-05,Laptop,1,1125,North
2024-01-06,Mouse,2,1126,South
2024-01-07,Keyboard,3,1127,East
2024-01-08,Monitor,4,1128,West
2024-01-09,Headphones,5,1129,North
2024-01-10,Laptop,6,1130,South
2024-01-11,Mouse,7,1131,East
2024-01-12,Keyboard,8,1132,West
2024-01-13,Monitor,9,1133,North
2024-01-14,Headphones,10,1134,South
2024-01-15,Laptop,11,1135,East
2024-01-16,Mouse,12,1136,West
2024-01-17,Keyboard,13,1137,North
2024-01-18,Monitor,14,1138,South
2024-01-19,Headphones,15,1139,East
2024-01-20,Laptop,16,1140,West
2024-01-21,Mouse,17,1141,North
2024-01-22,Keyboard,18,1142,South
2024-01-23,Monitor,19,1143,East
2024-01-24,Headphones,20,1144,West
2024-01-25,Laptop,21,1145,North
2024-01-26,Mouse,22,1146,South
2024-01-27,Keyboard,23,1147,East
2024-01-28,Monitor,24,1148,West
2024-01-01,Headphones,25,1149,North
2024-01-02,Laptop,26,1150,South
2024-01-03,Mouse,27,1151,East
2024-01-04,Keyboard,28,1152,West
2024-01-05,Monitor,29,1153,North
2024-01-06,Headphones,30,1154,South
2024-01-07,Laptop,31,1155,East
2024-01-08,Mouse,32,1156,West
2024-01-09,Keyboard,33,1157,North
2024-01-10,Monitor,34,1158,South
2024-01-11,Headphones,35,1159,East
2024-01-12,Laptop,36,1160,West
2024-01-13,Mouse,37,1161,North
2024-01-14,Keyboard,38,1162,South
2024-01-15,Monitor,39,1163,East
2024-01-16,Headphones,40,1164,West
2024-01-17,Laptop,41,1165,North
2024-01-18,Mouse,42,1166,South
2024-01-19,Keyboard,43,1167,East
2024-01-20,Monitor,44,1168,West
2024-01-21,Headphones,45,1169,North
2024-01-22,Laptop,46,1170,South
2024-01-23,Mouse,47,1171,East
2024-01-24,Keyboard,48,1172,West
2024-01-25,Monitor,49,1173,North
2024-01-26,Headphones,50,1174,South
2024-01-27,Laptop,51,1175,East
2024-01-28,Mouse,52,1176,West
2024-01-01,Keyboard,53,1177,North
2024-01-02,Monitor,54,1178,South
2024-01-03,Headphones,55,1179,East
2024-01-04,Laptop,56,1180,West
2024-01-05,Mouse,57,1181,North
2024-01-06,Keyboard,58,1182,South
2024-01-07,Monitor,59,1183,East
2024-01-08,Headphones,60,1184,West
2024-01-09,Laptop,61,1185,North
2024-01-10,Mouse,62,1186,South
2024-01-11,Keyboard,63,1187,East
2024-01-12,Monitor,64,1188,West
2024-01-13,Headphones,65,1189,North
2024-01-14,Laptop,66,1190,South
2024-01-15,Mouse,67,1191,East
2024-01-16,Keyboard,68,1192,West
2024-01-17,Monitor,69,1193,North
2024-01-18,Headphones,70,1194,South
2024-01-19,Laptop,71,1195,East
2024-01-20,Mouse,72,1196,West
2024-01-21,Keyboard,73,1197,North
2024-01-22,Monitor,74,1198,South
2024-01-23,Headphones,75,1199,East
2024-01-24,Laptop,76,1200,West
2024-01-25,Mouse,77,1201,North
2024-01-26,Keyboard,78,1202,South
2024-01-27,Monitor,79,1203,East
2024-01-28,Headphones,80,1204,West
2024-01-01,Laptop,81,1205,North
2024-01-02,Mouse,82,1206,South
2024-01-03,Keyboard,83,1207,East
2024-01-04,Monitor,84,1208,West
2024-01-05,Headphones,85,1209,North
2024-01-06,Laptop,86,1210,South
2024-01-07,Mouse,87,1211,East
2024-01-08,Keyboard,88,1212,West
2024-01-09,Monitor,89,1213,North
2024-01-10,Headphones,90,1214,South
2024-01-11,Laptop,91,1215,East
2024-01-12,Mouse,92,1216,West
2024-01-13,Keyboard,93,1217,North
2024-01-14,Monitor,94,1218,South
2024-01-15,Headphones,95,1219,East
2024-01-16,Laptop,96,1220,West
2024-01-17,Mouse,97,1221,North
2024-01-18,Keyboard,98,1222,South
2024-01-19,Monitor,99,1223,East
2024-01-20,Headphones,100,1224,West
2024-01-21,Laptop,1,1225,North
2024-01-22,Mouse,2,1226,South
2024-01-23,Keyboard,3,1227,East
2024-01-24,Monitor,4,1228,West
2024-01-25,Headphones,5,1229,North
2024-01-26,Laptop,6,1230,South
2024-01-27,Mouse,7,1231,East
2024-01-28,Keyboard,8,1232,West
2024-01-01,Monitor,9,1233,North
2024-01-02,Headphones,10,1234,South
2024-01-03,Laptop,11,1235,East
2024-01-04,Mouse,12,1236,West
2024-01-05,Keyboard,13,1237,North
2024-01-06,Monitor,14,1238,South
2024-01-07,Headphones,15,1239,East
2024-01-08,Laptop,16,1240,West
2024-01-09,Mouse,17,1241,North
2024-01-10,Keyboard,18,1242,South
2024-01-11,Monitor,19,1243,East
2024-01-12,Headphones,20,1244,West
2024-01-13,Laptop,21,1245,North
2024-01-14,Mouse,22,1246,South
2024-01-15,Keyboard,23,1247,East
2024-01-16,Monitor,24,1248,West
2024-01-17,Headphones,25,1249,North
2024-01-18,Laptop,26,1250,South
2024-01-19,Mouse,27,1251,East
2024-01-20,Keyboard,28,1252,West
2024-01-21,Monitor,29,1253,North
2024-01-22,Headphones,30,1254,South
2024-01-23,Laptop,31,1255,East
2024-01-24,Mouse,32,1256,West
2024-01-25,Keyboard,33,1257,North
2024-01-26,Monitor,34,1258,South
2024-01-27,Headphones,35,1259,East
2024-01-28,Laptop,36,1260,West
2024-01-01,Mouse,37,1261,North
2024-01-02,Keyboard,38,1262,South
2024-01-03,Monitor,39,1263,East
2024-01-04,Headphones,40,1264,West
2024-01-05,Laptop,41,1265,North
2024-01-06,Mouse,42,1266,South
2024-01-07,Keyboard,43,1267,East
2024-01-08,Monitor,44,1268,West
2024-01-09,Headphones,45,1269,North
2024-01-10,Laptop,46,1270,South
2024-01-11,Mouse,47,1271,East
2024-01-12,Keyboard,48,1272,West
2024-01-13,Monitor,49,1273,North
2024-01-14,Headphones,50,1274,South
2024-01-15,Laptop,51,1275,East
2024-01-16,Mouse,52,1276,West
2024-01-17,Keyboard,53,1277,North
2024-01-18,Monitor,54,1278,South
2024-01-19,Headphones,55,1279,East
2024-01-20,Laptop,56,1280,West
2024-01-21,Mouse,57,1281,North
2024-01-22,Keyboard,58,1282,South
2024-01-23,Monitor,59,1283,East
2024-01-24,Headphones,60,1284,West
2024-01-25,Laptop,61,1285,North
2024-01-26,Mouse,62,1286,South
2024-01-27,Keyboard,63,1287,East
2024-01-28,Monitor,64,1288,West
2024-01-01,Headphones,65,1289,North
2024-01-02,Laptop,66,1290,South
2024-01-03,Mouse,67,1291,East
2024-01-04,Keyboard,68,1292,West
2024-01-05,Monitor,69,1293,North
2024-01-06,Headphones,70,1294,South
2024-01-07,Laptop,71,1295,East
2024-01-08,Mouse,72,1296,West
2024-01-09,Keyboard,73,1297,North
2024-01-10,Monitor,74,1298,South
2024-01-11,Headphones,75,1299,East
2024-01-12,Laptop,76,1300,West
2024-01-13,Mouse,77,1301,North
2024-01-14,Keyboard,78,1302,South
2024-01-15,Monitor,79,1303,East
2024-01-16,Headphones,80,1304,West
2024-01-17,Laptop,81,1305,North
2024-01-18,Mouse,82,1306,South
2024-01-19,Keyboard,83,1307,East
2024-01-20,Monitor,84,1308,West
2024-01-21,Headphones,85,1309,North
2024-01-22,Laptop,86,1310,South
2024-01-23,Mouse,87,1311,East
2024-01-24,Keyboard,88,1312,West
2024-01-25,Monitor,89,1313,North
2024-01-26,Headphones,90,1314,South
2024-01-27,Laptop,91,1315,East
2024-01-28,Mouse,92,1316,West
2024-01-01,Keyboard,93,1317,North
2024-01-02,Monitor,94,1318,South
2024-01-03,Headphones,95,1319,East
2024-01-04,Laptop,96,1320,West
2024-01-05,Mouse,97,1321,North
2024-01-06,Keyboard,98,1322,South
2024-01-07,Monitor,99,1323,East
2024-01-08,Headphones,100,1324,West
2024-01-09,Laptop,1,1325,North
2024-01-10,Mouse,2,1326,South
2024-01-11,Keyboard,3,1327,East
2024-01-12,Monitor,4,1328,West
2024-01-13,Headphones,5,1329,North
2024-01-14,Laptop,6,1330,South
2024-01-15,Mouse,7,1331,East
2024-01-16,Keyboard,8,1332,West
2024-01-17,Monitor,9,1333,North
2024-01-18,Headphones,10,1334,South
2024-01-19,Laptop,11,1335,East
2024-01-20,Mouse,12,1336,West
2024-01-21,Keyboard,13,1337,North
2024-01-22,Monitor,14,1338,South
2024-01-23,Headphones,15,1339,East
2024-01-24,Laptop,16,1340,West
2024-01-25,Mouse,17,1341,North
2024-01-26,Keyboard,18,1342,South
2024-01-27,Monitor,19,1343,East
2024-01-28,Headphones,20,1344,West
2024-01-01,Laptop,21,1345,North
2024-01-02,Mouse,22,1346,South
2024-01-03,Keyboard,23,1347,East
2024-01-04,Monitor,24,1348,West
2024-01-05,Headphones,25,1349,North
2024-01-06,Laptop,26,1350,South
2024-01-07,Mouse,27,1351,East
2024-01-08,Keyboard,28,1352,West
2024-01-09,Monitor,29,1353,North
2024-01-10,Headphones,30,1354,South
2024-01-11,Laptop,31,1355,East
2024-01-12,Mouse,32,1356,West
2024-01-13,Keyboard,33,1357,North
2024-01-14,Monitor,34,1358,South
2024-01-15,Headphones,35,1359,East
2024-01-16,Laptop,36,1360,West
2024-01-17,Mouse,37,1361,North
2024-01-18,Keyboard,38,1362,South
2024-01-19,Monitor,39,1363,East
2024-01-20,Headphones,40,1364,West
2024-01-21,Laptop,41,1365,North
2024-01-22,Mouse,42,1366,South
2024-01-23,Keyboard,43,1367,East
2024-01-24,Monitor,44,1368,West
2024-01-25,Headphones,45,1369,North
2024-01-26,Laptop,46,1370,South
2024-01-27,Mouse,47,1371,East
2024-01-28,Keyboard,48,1372,West
2024-01-01,Monitor,49,1373,North
2024-01-02,Headphones,50,1374,South
2024-01-03,Laptop,51,1375,East
2024-01-04,Mouse,52,1376,West
2024-01-05,Keyboard,53,1377,North
2024-01-06,Monitor,54,1378,South
2024-01-07,Headphones,55,1379,East
2024-01-08,Laptop,56,1380,West
2024-01-09,Mouse,57,1381,North
2024-01-10,Keyboard,58,1382,South
2024-01-11,Monitor,59,1383,East
2024-01-12,Headphones,60,1384,West
2024-01-13,Laptop,61,1385,North
2024-01-14,Mouse,62,1386,South
2024-01-15,Keyboard,63,1387,East
2024-01-16,Monitor,64,1388,West
2024-01-17,Headphones,65,1389,North
2024-01-18,Laptop,66,1390,South
2024-01-19,Mouse,67,1391,East
2024-01-20,Keyboard,68,1392,West
2024-01-21,Monitor,69,1393,North
2024-01-22,Headphones,70,1394,South
2024-01-23,Laptop,71,1395,East
2024-01-24,Mouse,72,1396,West
2024-01-25,Keyboard,73,1397,North
2024-01-26,Monitor,74,1398,South
2024-01-27,Headphones,75,1399,East
2024-01-28,Laptop,76,1400,West
2024-01-01,Mouse,77,1401,North
2024-01-02,Keyboard,78,1402,South
2024-01-03,Monitor,79,1403,East
2024-01-04,Headphones,80,1404,West
2024-01-05,Laptop,81,1405,North
2024-01-06,Mouse,82,1406,South
2024-01-07,Keyboard,83,1407,East
2024-01-08,Monitor,84,1408,West
2024-01-09,Headphones,85,1409,North
2024-01-10,Laptop,86,1410,South
2024-01-11,Mouse,87,1411,East
2024-01-12,Keyboard,88,1412,West
2024-01-13,Monitor,89,1413,North
2024-01-14,Headphones,90,1414,South
2024-01-15,Laptop,91,1415,East
2024-01-16,Mouse,92,1416,West
2024-01-17,Keyboard,93,1417,North
2024-01-18,Monitor,94,1418,South
2024-01-19,Headphones,95,1419,East
2024-01-20,Laptop,96,1420,West
2024-01-21,Mouse,97,1421,North
2024-01-22,Keyboard,98,1422,South
2024-01-23,Monitor,99,1423,East
2024-01-24,Headphones,100,1424,West
2024-01-25,Laptop,1,1425,North
2024-01-26,Mouse,2,1426,South
2024-01-27,Keyboard,3,1427,East
2024-01-28,Monitor,4,1428,West
2024-01-01,Headphones,5,1429,North
2024-01-02,Laptop,6,1430,South
2024-01-03,Mouse,7,1431,East
2024-01-04,Keyboard,8,1432,West
2024-01-05,Monitor,9,1433,North
2024-01-06,Headphones,10,1434,South
2024-01-07,Laptop,11,1435,East
2024-01-08,Mouse,12,1436,West
2024-01-09,Keyboard,13,1437,North
2024-01-10,Monitor,14,1438,South
2024-01-11,Headphones,15,1439,East
2024-01-12,Laptop,16,1440,West
2024-01-13,Mouse,17,1441,North
2024-01-14,Keyboard,18,1442,South
2024-01-15,Monitor,19,1443,East
2024-01-16,Headphones,20,1444,West
2024-01-17,Laptop,21,1445,North
2024-01-18,Mouse,22,1446,South
2024-01-19,Keyboard,23,1447,East
2024-01-20,Monitor,24,1448,West
2024-01-21,Headphones,25,1449,North
2024-01-22,Laptop,26,1450,South
2024-01-23,Mouse,27,1451,East
2024-01-24,Keyboard,28,1452,West
2024-01-25,Monitor,29,1453,North
2024-01-26,Headphones,30,1454,South
2024-01-27,Laptop,31,1455,East
2024-01-28,Mouse,32,1456,West
2024-01-01,Keyboard,33,1457,North
2024-01-02,Monitor,34,1458,South
2024-01-03,Headphones,35,1459,East
2024-01-04,Laptop,36,1460,West
2024-01-05,Mouse,37,1461,North
2024-01-06,Keyboard,38,1462,South
2024-01-07,Monitor,39,1463,East
2024-01-08,Headphones,40,1464,West
2024-01-09,Laptop,41,1465,North
2024-01-10,Mouse,42,1466,South
2024-01-11,Keyboard,43,1467,East
2024-01-12,Monitor,44,1468,West
2024-01-13,Headphones,45,1469,North
2024-01-14,Laptop,46,1470,South
2024-01-15,Mouse,47,1471,East
2024-01-16,Keyboard,48,1472,West
2024-01-17,Monitor,49,1473,North
2024-01-18,Headphones,50,1474,South
2024-01-19,Laptop,51,1475,East
2024-01-20,Mouse,52,1476,West
2024-01-21,Keyboard,53,1477,North
2024-01-22,Monitor,54,1478,South
2024-01-23,Headphones,55,1479,East
2024-01-24,Laptop,56,1480,West
2024-01-25,Mouse,57,1481,North
2024-01-26,Keyboard,58,1482,South
2024-01-27,Monitor,59,1483,East
2024-01-28,Headphones,60,1484,West
2024-01-01,Laptop,61,1485,North
2024-01-02,Mouse,62,1486,South
2024-01-03,Keyboard,63,1487,East
2024-01-04,Monitor,64,1488,West
2024-01-05,Headphones,65,1489,North
2024-01-06,Laptop,66,1490,South
2024-01-07,Mouse,67,1491,East
2024-01-08,Keyboard,68,1492,West
2024-01-09,Monitor,69,1493,North
2024-01-10,Headphones,70,1494,South
2024-01-11,Laptop,71,1495,East
2024-01-12,Mouse,72,1496,West
2024-01-13,Keyboard,73,1497,North
2024-01-14,Monitor,74,1498,South
2024-01-15,Headphones,75,1499,East
2024-01-16,Laptop,76,1500,West
2024-01-17,Mouse,77,1501,North
2024-01-18,Keyboard,78,1502,South
2024-01-19,Monitor,79,1503,East
2024-01-20,Headphones,80,1504,West
2024-01-21,Laptop,81,1505,North
2024-01-22,Mouse,82,1506,South
2024-01-23,Keyboard,83,1507,East
2024-01-24,Monitor,84,1508,West
2024-01-25,Headphones,85,1509,North
2024-01-26,Laptop,86,1510,South
2024-01-27,Mouse,87,1511,East
2024-01-28,Keyboard,88,1512,West
2024-01-01,Monitor,89,1513,North
2024-01-02,Headphones,90,1514,South
2024-01-03,Laptop,91,1515,East
2024-01-04,Mouse,92,1516,West
2024-01-05,Keyboard,93,1517,North
2024-01-06,Monitor,94,1518,South
2024-01-07,Headphones,95,1519,East
2024-01-08,Laptop,96,1520,West
2024-01-09,Mouse,97,1521,North
2024-01-10,Keyboard,98,1522,South
2024-01-11,Monitor,99,1523,East
2024-01-12,Headphones,100,1524,West
2024-01-13,Laptop,1,25,North
2024-01-14,Mouse,2,26,South
2024-01-15,Keyboard,3,27,East
2024-01-16,Monitor,4,28,West
2024-01-17,Headphones,5,29,North
2024-01-18,Laptop,6,30,South
2024-01-19,Mouse,7,31,East
2024-01-20,Keyboard,8,32,West
2024-01-21,Monitor,9,33,North
2024-01-22,Headphones,10,34,South
2024-01-23,Laptop,11,35,East
2024-01-24,Mouse,12,36,West
2024-01-25,Keyboard,13,37,North
2024-01-26,Monitor,14,38,South
2024-01-27,Headphones,15,39,East
2024-01-28,Laptop,16,40,West
2024-01-01,Mouse,17,41,North
2024-01-02,Keyboard,18,42,South
2024-01-03,Monitor,19,43,East
2024-01-04,Headphones,20,44,West
2024-01-05,Laptop,21,45,North
2024-01-06,Mouse,22,46,South
2024-01-07,Keyboard,23,47,East
2024-01-08,Monitor,24,48,West
2024-01-09,Headphones,25,49,North
2024-01-10,Laptop,26,50,South
2024-01-11,Mouse,27,51,East
2024-01-12,Keyboard,28,52,West
2024-01-13,Monitor,29,53,North
2024-01-14,Headphones,30,54,South
2024-01-15,Laptop,31,55,East
2024-01-16,Mouse,32,56,West
2024-01-17,Keyboard,33,57,North
2024-01-18,Monitor,34,58,South
2024-01-19,Headphones,35,59,East
2024-01-20,Laptop,36,60,West
2024-01-21,Mouse,37,61,North
2024-01-22,Keyboard,38,62,South
2024-01-23,Monitor,39,63,East
2024-01-24,Headphones,40,64,West
2024-01-25,Laptop,41,65,North
2024-01-26,Mouse,42,66,South
2024-01-27,Keyboard,43,67,East
2024-01-28,Monitor,44,68,West
2024-01-01,Headphones,45,69,North
2024-01-02,Laptop,46,70,South
2024-01-03,Mouse,47,71,East
2024-01-04,Keyboard,48,72,West
2024-01-05,Monitor,49,73,North
2024-01-06,Headphones,50,74,South
2024-01-07,Laptop,51,75,East
2024-01-08,Mouse,52,76,West
2024-01-09,Keyboard,53,77,North
2024-01-10,Monitor,54,78,South
2024-01-11,Headphones,55,79,East
2024-01-12,Laptop,56,80,West
2024-01-13,Mouse,57,81,North
2024-01-14,Keyboard,58,82,South
2024-01-15,Monitor,59,83,East
2024-01-16,Headphones,60,84,West
2024-01-17,Laptop,61,85,North
2024-01-18,Mouse,62,86,South
2024-01-19,Keyboard,63,87,East
2024-01-20,Monitor,64,88,West
2024-01-21,Headphones,65,89,North
2024-01-22,Laptop,66,90,South
2024-01-23,Mouse,67,91,East
2024-01-24,Keyboard,68,92,West
2024-01-25,Monitor,69,93,North
2024-01-26,Headphones,70,94,South
2024-01-27,Laptop,71,95,East
2024-01-28,Mouse,72,96,West
2024-01-01,Keyboard,73,97,North
2024-01-02,Monitor,74,98,South
2024-01-03,Headphones,75,99,East
2024-01-04,Laptop,76,100,West
2024-01-05,Mouse,77,101,North
2024-01-06,Keyboard,78,102,South
2024-01-07,Monitor,79,103,East
2024-01-08,Headphones,80,104,West
2024-01-09,Laptop,81,105,North
2024-01-10,Mouse,82,106,South
2024-01-11,Keyboard,83,107,East
2024-01-12,Monitor,84,108,West
2024-01-13,Headphones,85,109,North
2024-01-14,Laptop,86,110,South
2024-01-15,Mouse,87,111,East
2024-01-16,Keyboard,88,112,West
2024-01-17,Monitor,89,113,North
2024-01-18,Headphones,90,114,South
2024-01-19,Laptop,91,115,East
2024-01-20,Mouse,92,116,West
2024-01-21,Keyboard,93,117,North
2024-01-22,Monitor,94,118,South
2024-01-23,Headphones,95,119,East
2024-01-24,Laptop,96,120,West
2024-01-25,Mouse,97,121,North
2024-01-26,Keyboard,98,122,South
2024-01-27,Monitor,99,123,East
2024-01-28,Headphones,100,124,West
2024-01-01,Laptop,1,125,North
2024-01-02,Mouse,2,126,South
2024-01-03,Keyboard,3,127,East
2024-01-04,Monitor,4,128,West
2024-01-05,Headphones,5,129,North
2024-01-06,Laptop,6,130,South
2024-01-07,Mouse,7,131,East
2024-01-08,Keyboard,8,132,West
2024-01-09,Monitor,9,133,North
2024-01-10,Headphones,10,134,South
2024-01-11,Laptop,11,135,East
2024-01-12,Mouse,12,136,West
2024-01-13,Keyboard,13,137,North
2024-01-14,Monitor,14,138,South
2024-01-15,Headphones,15,139,East
2024-01-16,Laptop,16,140,West
2024-01-17,Mouse,17,141,North
2024-01-18,Keyboard,18,142,South
2024-01-19,Monitor,19,143,East
2024-01-20,Headphones,20,144,West
2024-01-21,Laptop,21,145,North
2024-01-22,Mouse,22,146,South
2024-01-23,Keyboard,23,147,East
2024-01-24,Monitor,24,148,West
2024-01-25,Headphones,25,149,North
2024-01-26,Laptop,26,150,South
2024-01-27,Mouse,27,151,East
2024-01-28,Keyboard,28,152,West
2024-01-01,Monitor,29,153,North
2024-01-02,Headphones,30,154,South
2024-01-03,Laptop,31,155,East
2024-01-04,Mouse,32,156,West
2024-01-05,Keyboard,33,157,North
2024-01-06,Monitor,34,158,South
2024-01-07,Headphones,35,159,East
2024-01-08,Laptop,36,160,West
2024-01-09,Mouse,37,161,North
2024-01-10,Keyboard,38,162,South
2024-01-11,Monitor,39,163,East
2024-01-12,Headphones,40,164,West
2024-01-13,Laptop,41,165,North
2024-01-14,Mouse,42,166,South
2024-01-15,Keyboard,43,167,East
2024-01-16,Monitor,44,168,West
2024-01-17,Headphones,45,169,North
2024-01-18,Laptop,46,170,South
2024-01-19,Mouse,47,171,East
2024-01-20,Keyboard,48,172,West
2024-01-21,Monitor,49,173,North
2024-01-22,Headphones,50,174,South
2024-01-23,Laptop,51,175,East
2024-01-24,Mouse,52,176,West
2024-01-25,Keyboard,53,177,North
2024-01-26,Monitor,54,178,South
2024-01-27,Headphones,55,179,East
2024-01-28,Laptop,56,180,West
2024-01-01,Mouse,57,181,North
2024-01-02,Keyboard,58,182,South
2024-01-03,Monitor,59,183,East
2024-01-04,Headphones,60,184,West
2024-01-05,Laptop,61,185,North
2024-01-06,Mouse,62,186,South
2024-01-07,Keyboard,63,187,East
2024-01-08,Monitor,64,188,West
2024-01-09,Headphones,65,189,North
2024-01-10,Laptop,66,190,South
2024-01-11,Mouse,67,191,East
2024-01-12,Keyboard,68,192,West
2024-01-13,Monitor,69,193,North
2024-01-14,Headphones,70,194,South
2024-01-15,Laptop,71,195,East
2024-01-16,Mouse,72,196,West
2024-01-17,Keyboard,73,197,North
2024-01-18,Monitor,74,198,South
2024-01-19,Headphones,75,199,East
2024-01-20,Laptop,76,200,West
2024-01-21,Mouse,77,201,North
2024-01-22,Keyboard,78,202,South
2024-01-23,Monitor,79,203,East
2024-01-24,Headphones,80,204,West
2024-01-25,Laptop,81,205,North
2024-01-26,Mouse,82,206,South
2024-01-27,Keyboard,83,207,East
2024-01-28,Monitor,84,208,West
2024-01-01,Headphones,85,209,North
2024-01-02,Laptop,86,210,South
2024-01-03,Mouse,87,211,East
2024-01-04,Keyboard,88,212,West
2024-01-05,Monitor,89,213,North
2024-01-06,Headphones,90,214,South
2024-01-07,Laptop,91,215,East
2024-01-08,Mouse,92,216,West
2024-01-09,Keyboard,93,217,North
2024-01-10,Monitor,94,218,South
2024-01-11,Headphones,95,219,East
2024-01-12,Laptop,96,220,West
2024-01-13,Mouse,97,221,North
2024-01-14,Keyboard,98,222,South
2024-01-15,Monitor,99,223,East
2024-01-16,Headphones,100,224,West
2024-01-17,Laptop,1,225,North
2024-01-18,Mouse,2,226,South
2024-01-19,Keyboard,3,227,East
2024-01-20,Monitor,4,228,West
2024-01-21,Headphones,5,229,North
2024-01-22,Laptop,6,230,South
2024-01-23,Mouse,7,231,East
2024-01-24,Keyboard,8,232,West
2024-01-25,Monitor,9,233,North
2024-01-26,Headphones,10,234,South
2024-01-27,Laptop,11,235,East
2024-01-28,Mouse,12,236,West
2024-01-01,Keyboard,13,237,North
2024-01-02,Monitor,14,238,South
2024-01-03,Headphones,15,239,East
2024-01-04,Laptop,16,240,West
2024-01-05,Mouse,17,241,North
2024-01-06,Keyboard,18,242,South
2024-01-07,Monitor,19,243,East
2024-01-08,Headphones,20,244,West
2024-01-09,Laptop,21,245,North
2024-01-10,Mouse,22,246,South
2024-01-11,Keyboard,23,247,East
2024-01-12,Monitor,24,248,West
2024-01-13,Headphones,25,249,North
2024-01-14,Laptop,26,250,South
2024-01-15,Mouse,27,251,East
2024-01-16,Keyboard,28,252,West
2024-01-17,Monitor,29,253,North
2024-01-18,Headphones,30,254,South
2024-01-19,Laptop,31,255,East
2024-01-20,Mouse,32,256,West
2024-01-21,Keyboard,33,257,North
2024-01-22,Monitor,34,258,South
2024-01-23,Headphones,35,259,East
2024-01-24,Laptop,36,260,West
2024-01-25,Mouse,37,261,North
2024-01-26,Keyboard,38,262,South
2024-01-27,Monitor,39,263,East
2024-01-28,Headphones,40,264,West
2024-01-01,Laptop,41,265,North
2024-01-02,Mouse,42,266,South
2024-01-03,Keyboard,43,267,East
2024-01-04,Monitor,44,268,West
2024-01-05,Headphones,45,269,North
2024-01-06,Laptop,46,270,South
2024-01-07,Mouse,47,271,East
2024-01-08,Keyboard,48,272,West
2024-01-09,Monitor,49,273,North
2024-01-10,Headphones,50,274,South
2024-01-11,Laptop,51,275,East
2024-01-12,Mouse,52,276,West
2024-01-13,Keyboard,53,277,North
2024-01-14,Monitor,54,278,South
2024-01-15,Headphones,55,279,East
2024-01-16,Laptop,56,280,West
2024-01-17,Mouse,57,281,North
2024-01-18,Keyboard,58,282,South
2024-01-19,Monitor,59,283,East
2024-01-20,Headphones,60,284,West
2024-01-21,Laptop,61,285,North
2024-01-22,Mouse,62,286,South
2024-01-23,Keyboard,63,287,East
2024-01-24,Monitor,64,288,West
2024-01-25,Headphones,65,289,North
2024-01-26,Laptop,66,290,South
2024-01-27,Mouse,67,291,East
2024-01-28,Keyboard,68,292,West
2024-01-01,Monitor,69,293,North
2024-01-02,Headphones,70,294,South
2024-01-03,Laptop,71,295,East
2024-01-04,Mouse,72,296,West
2024-01-05,Keyboard,73,297,North
2024-01-06,Monitor,74,298,South
2024-01-07,Headphones,75,299,East
2024-01-08,Laptop,76,300,West
2024-01-09,Mouse,77,301,North
2024-01-10,Keyboard,78,302,South
2024-01-11,Monitor,79,303,East
2024-01-12,Headphones,80,304,West
2024-01-13,Laptop,81,305,North
2024-01-14,Mouse,82,306,South
2024-01-15,Keyboard,83,307,East
2024-01-16,Monitor,84,308,West
2024-01-17,Headphones,85,309,North
2024-01-18,Laptop,86,310,South
2024-01-19,Mouse,87,311,East
2024-01-20,Keyboard,88,312,West
2024-01-21,Monitor,89,313,North
2024-01-22,Headphones,90,314,South
2024-01-23,Laptop,91,315,East
2024-01-24,Mouse,92,316,West
2024-01-25,Keyboard,93,317,North
2024-01-26,Monitor,94,318,South
2024-01-27,Headphones,95,319,East
2024-01-28,Laptop,96,320,West
2024-01-01,Mouse,97,321,North
2024-01-02,Keyboard,98,322,South
2024-01-03,Monitor,99,323,East
2024-01-04,Headphones,100,324,West
2024-01-05,Laptop,1,325,North
2024-01-06,Mouse,2,326,South
2024-01-07,Keyboard,3,327,East
2024-01-08,Monitor,4,328,West
2024-01-09,Headphones,5,329,North
2024-01-10,Laptop,6,330,South
2024-01-11,Mouse,7,331,East
2024-01-12,Keyboard,8,332,West
2024-01-13,Monitor,9,333,North
2024-01-14,Headphones,10,334,South
2024-01-15,Laptop,11,335,East
2024-01-16,Mouse,12,336,West
2024-01-17,Keyboard,13,337,North
2024-01-18,Monitor,14,338,South
2024-01-19,Headphones,15,339,East
2024-01-20,Laptop,16,340,West
2024-01-21,Mouse,17,341,North
2024-01-22,Keyboard,18,342,South
2024-01-23,Monitor,19,343,East
2024-01-24,Headphones,20,344,West
2024-01-25,Laptop,21,345,North
2024-01-26,Mouse,22,346,South
2024-01-27,Keyboard,23,347,East
2024-01-28,Monitor,24,348,West
2024-01-01,Headphones,25,349,North
2024-01-02,Laptop,26,350,South
2024-01-03,Mouse,27,351,East
2024-01-04,Keyboard,28,352,West
2024-01-05,Monitor,29,353,North
2024-01-06,Headphones,30,354,South
2024-01-07,Laptop,31,355,East
2024-01-08,Mouse,32,356,West
2024-01-09,Keyboard,33,357,North
2024-01-10,Monitor,34,358,South
2024-01-11,Headphones,35,359,East
2024-01-12,Laptop,36,360,West
2024-01-13,Mouse,37,361,North
2024-01-14,Keyboard,38,362,South
2024-01-15,Monitor,39,363,East
2024-01-16,Headphones,40,364,West
2024-01-17,Laptop,41,365,North
2024-01-18,Mouse,42,366,South
2024-01-19,Keyboard,43,367,East
2024-01-20,Monitor,44,368,West
2024-01-21,Headphones,45,369,North
2024-01-22,Laptop,46,370,South
2024-01-23,Mouse,47,371,East
2024-01-24,Keyboard,48,372,West
2024-01-25,Monitor,49,373,North
2024-01-26,Headphones,50,374,South
2024-01-27,Laptop,51,375,East
2024-01-28,Mouse,52,376,West
2024-01-01,Keyboard,53,377,North
2024-01-02,Monitor,54,378,South
2024-01-03,Headphones,55,379,East
2024-01-04,Laptop,56,380,West
2024-01-05,Mouse,57,381,North
2024-01-06,Keyboard,58,382,South
2024-01-07,Monitor,59,383,East
2024-01-08,Headphones,60,384,West
2024-01-09,Laptop,61,385,North
2024-01-10,Mouse,62,386,South
2024-01-11,Keyboard,63,387,East
2024-01-12,Monitor,64,388,West
2024-01-13,Headphones,65,389,North
2024-01-14,Laptop,66,390,South
2024-01-15,Mouse,67,391,East
2024-01-16,Keyboard,68,392,West
2024-01-17,Monitor,69,393,North
2024-01-18,Headphones,70,394,South
2024-01-19,Laptop,71,395,East
2024-01-20,Mouse,72,396,West
2024-01-21,Keyboard,73,397,North
2024-01-22,Monitor,74,398,South
2024-01-23,Headphones,75,399,East
2024-01-24,Laptop,76,400,West
2024-01-25,Mouse,77,401,North
2024-01-26,Keyboard,78,402,South
2024-01-27,Monitor,79,403,East
2024-01-28,Headphones,80,404,West
2024-01-01,Laptop,81,405,North
2024-01-02,Mouse,82,406,South
2024-01-03,Keyboard,83,407,East
2024-01-04,Monitor,84,408,West
2024-01-05,Headphones,85,409,North
2024-01-06,Laptop,86,410,South
2024-01-07,Mouse,87,411,East
2024-01-08,Keyboard,88,412,West
2024-01-09,Monitor,89,413,North
2024-01-10,Headphones,90,414,South
2024-01-11,Laptop,91,415,East
2024-01-12,Mouse,92,416,West
2024-01-13,Keyboard,93,417,North
2024-01-14,Monitor,94,418,South
2024-01-15,Headphones,95,419,East
2024-01-16,Laptop,96,420,West
2024-01-17,Mouse,97,421,North
2024-01-18,Keyboard,98,422,South
2024-01-19,Monitor,99,423,East
2024-01-20,Headphones,100,424,West
2024-01-21,Laptop,1,425,North
2024-01-22,Mouse,2,426,South
2024-01-23,Keyboard,3,427,East
2024-01-24,Monitor,4,428,West
2024-01-25,Headphones,5,429,North
2024-01-26,Laptop,6,430,South
2024-01-27,Mouse,7,431,East
2024-01-28,Keyboard,8,432,West
2024-01-01,Monitor,9,433,North
2024-01-02,Headphones,10,434,South
2024-01-03,Laptop,11,435,East
2024-01-04,Mouse,12,436,West
2024-01-05,Keyboard,13,437,North
2024-01-06,Monitor,14,438,South
2024-01-07,Headphones,15,439,East
2024-01-08,Laptop,16,440,West
2024-01-09,Mouse,17,441,North
2024-01-10,Keyboard,18,442,South
2024-01-11,Monitor,19,443,East
2024-01-12,Headphones,20,444,West
2024-01-13,Laptop,21,445,North
2024-01-14,Mouse,22,446,South
2024-01-15,Keyboard,23,447,East
2024-01-16,Monitor,24,448,West
2024-01-17,Headphones,25,449,North
2024-01-18,Laptop,26,450,South
2024-01-19,Mouse,27,451,East
2024-01-20,Keyboard,28,452,West
2024-01-21,Monitor,29,453,North
2024-01-22,Headphones,30,454,South
2024-01-23,Laptop,31,455,East
2024-01-24,Mouse,32,456,West
2024-01-25,Keyboard,33,457,North
2024-01-26,Monitor,34,458,South
2024-01-27,Headphones,35,459,East
2024-01-28,Laptop,36,460,West
2024-01-01,Mouse,37,461,North
2024-01-02,Keyboard,38,462,South
2024-01-03,Monitor,39,463,East
2024-01-04,Headphones,40,464,West
2024-01-05,Laptop,41,465,North
2024-01-06,Mouse,42,466,South
2024-01-07,Keyboard,43,467,East
2024-01-08,Monitor,44,468,West
2024-01-09,Headphones,45,469,North
2024-01-10,Laptop,46,470,South
2024-01-11,Mouse,47,471,East
2024-01-12,Keyboard,48,472,West
2024-01-13,Monitor,49,473,North
2024-01-14,Headphones,50,474,South
2024-01-15,Laptop,51,475,East
2024-01-16,Mouse,52,476,West
2024-01-17,Keyboard,53,477,North
2024-01-18,Monitor,54,478,South
2024-01-19,Headphones,55,479,East
2024-01-20,Laptop,56,480,West
2024-01-21,Mouse,57,481,North
2024-01-22,Keyboard,58,482,South
2024-01-23,Monitor,59,483,East
2024-01-24,Headphones,60,484,West
2024-01-25,Laptop,61,485,North
2024-01-26,Mouse,62,486,South
2024-01-27,Keyboard,63,487,East
2024-01-28,Monitor,64,488,West
2024-01-01,Headphones,65,489,North
2024-01-02,Laptop,66,490,South
2024-01-03,Mouse,67,491,East
2024-01-04,Keyboard,68,492,West
2024-01-05,Monitor,69,493,North
2024-01-06,Headphones,70,494,South
2024-01-07,Laptop,71,495,East
2024-01-08,Mouse,72,496,West
2024-01-09,Keyboard,73,497,North
2024-01-10,Monitor,74,498,South
2024-01-11,Headphones,75,499,East
2024-01-12,Laptop,76,500,West
2024-01-13,Mouse,77,501,North
2024-01-14,Keyboard,78,502,South
2024-01-15,Monitor,79,503,East
2024-01-16,Headphones,80,504,West
2024-01-17,Laptop,81,505,North
2024-01-18,Mouse,82,506,South
2024-01-19,Keyboard,83,507,East
2024-01-20,Monitor,84,508,West
2024-01-21,Headphones,85,509,North
2024-01-22,Laptop,86,510,South
2024-01-23,Mouse,87,511,East
2024-01-24,Keyboard,88,512,West
2024-01-25,Monitor,89,513,North
2024-01-26,Headphones,90,514,South
2024-01-27,Laptop,91,515,East
2024-01-28,Mouse,92,516,West
2024-01-01,Keyboard,93,517,North
2024-01-02,Monitor,94,518,South
2024-01-03,Headphones,95,519,East
2024-01-04,Laptop,96,520,West
2024-01-05,Mouse,97,521,North
2024-01-06,Keyboard,98,522,South
2024-01-07,Monitor,99,523,East
2024-01-08,Headphones,100,524,West
2024-01-09,Laptop,1,525,North
2024-01-10,Mouse,2,526,South
2024-01-11,Keyboard,3,527,East
2024-01-12,Monitor,4,528,West
2024-01-13,Headphones,5,529,North
2024-01-14,Laptop,6,530,South
2024-01-15,Mouse,7,531,East
2024-01-16,Keyboard,8,532,West
2024-01-17,Monitor,9,533,North
2024-01-18,Headphones,10,534,South
2024-01-19,Laptop,11,535,East
2024-01-20,Mouse,12,536,West
2024-01-21,Keyboard,13,537,North
2024-01-22,Monitor,14,538,South
2024-01-23,Headphones,15,539,East
2024-01-24,Laptop,16,540,West
2024-01-25,Mouse,17,541,North
2024-01-26,Keyboard,18,542,South
2024-01-27,Monitor,19,543,East
2024-01-28,Headphones,20,544,West
2024-01-01,Laptop,21,545,North
2024-01-02,Mouse,22,546,South
2024-01-03,Keyboard,23,547,East
2024-01-04,Monitor,24,548,West
2024-01-05,Headphones,25,549,North
2024-01-06,Laptop,26,550,South
2024-01-07,Mouse,27,551,East
2024-01-08,Keyboard,28,552,West
2024-01-09,Monitor,29,553,North
2024-01-10,Headphones,30,554,South
2024-01-11,Laptop,31,555,East
2024-01-12,Mouse,32,556,West
2024-01-13,Keyboard,33,557,North
2024-01-14,Monitor,34,558,South
2024-01-15,Headphones,35,559,East
2024-01-16,Laptop,36,560,West
2024-01-17,Mouse,37,561,North
2024-01-18,Keyboard,38,562,South
2024-01-19,Monitor,39,563,East
2024-01-20,Headphones,40,564,West
2024-01-21,Laptop,41,565,North
2024-01-22,Mouse,42,566,South
2024-01-23,Keyboard,43,567,East
2024-01-24,Monitor,44,568,West
2024-01-25,Headphones,45,569,North
2024-01-26,Laptop,46,570,South
2024-01-27,Mouse,47,571,East
2024-01-28,Keyboard,48,572,West
2024-01-01,Monitor,49,573,North
2024-01-02,Headphones,50,574,South
2024-01-03,Laptop,51,575,East
2024-01-04,Mouse,52,576,West
2024-01-05,Keyboard,53,577,North
2024-01-06,Monitor,54,578,South
2024-01-07,Headphones,55,579,East
2024-01-08,Laptop,56,580,West
2024-01-09,Mouse,57,581,North
2024-01-10,Keyboard,58,582,South
2024-01-11,Monitor,59,583,East
2024-01-12,Headphones,60,584,West
2024-01-13,Laptop,61,585,North
2024-01-14,Mouse,62,586,South
2024-01-15,Keyboard,63,587,East
2024-01-16,Monitor,64,588,West
2024-01-17,Headphones,65,589,North
2024-01-18,Laptop,66,590,South
2024-01-19,Mouse,67,591,East
2024-01-20,Keyboard,68,592,West
2024-01-21,Monitor,69,593,North
2024-01-22,Headphones,70,594,South
2024-01-23,Laptop,71,595,East
2024-01-24,Mouse,72,596,West
2024-01-25,Keyboard,73,597,North
2024-01-26,Monitor,74,598,South
2024-01-27,Headphones,75,599,East
2024-01-28,Laptop,76,600,West
2024-01-01,Mouse,77,601,North
2024-01-02,Keyboard,78,602,South
2024-01-03,Monitor,79,603,East
2024-01-04,Headphones,80,604,West
2024-01-05,Laptop,81,605,North
2024-01-06,Mouse,82,606,South
2024-01-07,Keyboard,83,607,East
2024-01-08,Monitor,84,608,West
2024-01-09,Headphones,85,609,North
2024-01-10,Laptop,86,610,South
2024-01-11,Mouse,87,611,East
2024-01-12,Keyboard,88,612,West
2024-01-13,Monitor,89,613,North
2024-01-14,Headphones,90,614,South
2024-01-15,Laptop,91,615,East
2024-01-16,Mouse,92,616,West
2024-01-17,Keyboard,93,617,North
2024-01-18,Monitor,94,618,South
2024-01-19,Headphones,95,619,East
2024-01-20,Laptop,96,620,West
2024-01-21,Mouse,97,621,North
2024-01-22,Keyboard,98,622,South
2024-01-23,Monitor,99,623,East
2024-01-24,Headphones,100,624,West
2024-01-25,Laptop,1,625,North
2024-01-26,Mouse,2,626,South
2024-01-27,Keyboard,3,627,East
2024-01-28,Monitor,4,628,West
2024-01-01,Headphones,5,629,North
2024-01-02,Laptop,6,630,South
2024-01-03,Mouse,7,631,East
2024-01-04,Keyboard,8,632,West
2024-01-05,Monitor,9,633,North
2024-01-06,Headphones,10,634,South
2024-01-07,Laptop,11,635,East
2024-01-08,Mouse,12,636,West
2024-01-09,Keyboard,13,637,North
2024-01-10,Monitor,14,638,South
2024-01-11,Headphones,15,639,East
2024-01-12,Laptop,16,640,West
2024-01-13,Mouse,17,641,North
2024-01-14,Keyboard,18,642,South
2024-01-15,Monitor,19,643,East
2024-01-16,Headphones,20,644,West
2024-01-17,Laptop,21,645,North
2024-01-18,Mouse,22,646,South
2024-01-19,Keyboard,23,647,East
2024-01-20,Monitor,24,648,West
2024-01-21,Headphones,25,649,North
2024-01-22,Laptop,26,650,South
2024-01-23,Mouse,27,651,East
2024-01-24,Keyboard,28,652,West
2024-01-25,Monitor,29,653,North
2024-01-26,Headphones,30,654,South
2024-01-27,Laptop,31,655,East
2024-01-28,Mouse,32,656,West
2024-01-01,Keyboard,33,657,North
2024-01-02,Monitor,34,658,South
2024-01-03,Headphones,35,659,East
2024-01-04,Laptop,36,660,West
2024-01-05,Mouse,37,661,North
2024-01-06,Keyboard,38,662,South
2024-01-07,Monitor,39,663,East
2024-01-08,Headphones,40,664,West
2024-01-09,Laptop,41,665,North
2024-01-10,Mouse,42,666,South
2024-01-11,Keyboard,43,667,East
2024-01-12,Monitor,44,668,West
2024-01-13,Headphones,45,669,North
2024-01-14,Laptop,46,670,South
2024-01-15,Mouse,47,671,East
2024-01-16,Keyboard,48,672,West
2024-01-17,Monitor,49,673,North
2024-01-18,Headphones,50,674,South
2024-01-19,Laptop,51,675,East
2024-01-20,Mouse,52,676,West
2024-01-21,Keyboard,53,677,North
2024-01-22,Monitor,54,678,South
2024-01-23,Headphones,55,679,East
2024-01-24,Laptop,56,680,West
2024-01-25,Mouse,57,681,North
2024-01-26,Keyboard,58,682,South
2024-01-27,Monitor,59,683,East
2024-01-28,Headphones,60,684,West
2024-01-01,Laptop,61,685,North
2024-01-02,Mouse,62,686,South
2024-01-03,Keyboard,63,687,East
2024-01-04,Monitor,64,688,West
2024-01-05,Headphones,65,689,North
2024-01-06,Laptop,66,690,South
2024-01-07,Mouse,67,691,East
2024-01-08,Keyboard,68,692,West
2024-01-09,Monitor,69,693,North
2024-01-10,Headphones,70,694,South
2024-01-11,Laptop,71,695,East
2024-01-12,Mouse,72,696,West
2024-01-13,Keyboard,73,697,North
2024-01-14,Monitor,74,698,South
2024-01-15,Headphones,75,699,East
2024-01-16,Laptop,76,700,West
2024-01-17,Mouse,77,701,North
2024-01-18,Keyboard,78,702,South
2024-01-19,Monitor,79,703,East
2024-01-20,Headphones,80,704,West
2024-01-21,Laptop,81,705,North
2024-01-22,Mouse,82,706,South
2024-01-23,Keyboard,83,707,East
2024-01-24,Monitor,84,708,West
2024-01-25,Headphones,85,709,North
2024-01-26,Laptop,86,710,South
2024-01-27,Mouse,87,711,East
2024-01-28,Keyboard,88,712,West
2024-01-01,Monitor,89,713,North
2024-01-02,Headphones,90,714,South
2024-01-03,Laptop,91,715,East
2024-01-04,Mouse,92,716,West
2024-01-05,Keyboard,93,717,North
2024-01-06,Monitor,94,718,South
2024-01-07,Headphones,95,719,East
2024-01-08,Laptop,96,720,West
2024-01-09,Mouse,97,721,North
2024-01-10,Keyboard,98,722,South
2024-01-11,Monitor,99,723,East
2024-01-12,Headphones,100,724,West
2024-01-13,Laptop,1,725,North
2024-01-14,Mouse,2,726,South
2024-01-15,Keyboard,3,727,East
2024-01-16,Monitor,4,728,West
2024-01-17,Headphones,5,729,North
2024-01-18,Laptop,6,730,South
2024-01-19,Mouse,7,731,East
2024-01-20,Keyboard,8,732,West
2024-01-21,Monitor,9,733,North
2024-01-22,Headphones,10,734,South
2024-01-23,Laptop,11,735,East
2024-01-24,Mouse,12,736,West
2024-01-25,Keyboard,13,737,North
2024-01-26,Monitor,14,738,South
2024-01-27,Headphones,15,739,East
2024-01-28,Laptop,16,740,West
2024-01-01,Mouse,17,741,North
2024-01-02,Keyboard,18,742,South
2024-01-03,Monitor,19,743,East
2024-01-04,Headphones,20,744,West
2024-01-05,Laptop,21,745,North
2024-01-06,Mouse,22,746,South
2024-01-07,Keyboard,23,747,East
2024-01-08,Monitor,24,748,West
2024-01-09,Headphones,25,749,North
2024-01-10,Laptop,26,750,South
2024-01-11,Mouse,27,751,East
2024-01-12,Keyboard,28,752,West
2024-01-13,Monitor,29,753,North
2024-01-14,Headphones,30,754,South
2024-01-15,Laptop,31,755,East
2024-01-16,Mouse,32,756,West
2024-01-17,Keyboard,33,757,North
2024-01-18,Monitor,34,758,South
2024-01-19,Headphones,35,759,East
2024-01-20,Laptop,36,760,West
2024-01-21,Mouse,37,761,North
2024-01-22,Keyboard,38,762,South
2024-01-23,Monitor,39,763,East
2024-01-24,Headphones,40,764,West
2024-01-25,Laptop,41,765,North
2024-01-26,Mouse,42,766,South
2024-01-27,Keyboard,43,767,East
2024-01-28,Monitor,44,768,West
2024-01-01,Headphones,45,769,North
2024-01-02,Laptop,46,770,South
2024-01-03,Mouse,47,771,East
2024-01-04,Keyboard,48,772,West
2024-01-05,Monitor,49,773,North
2024-01-06,Headphones,50,774,South
2024-01-07,Laptop,51,775,East
2024-01-08,Mouse,52,776,West
2024-01-09,Keyboard,53,777,North
2024-01-10,Monitor,54,778,South
2024-01-11,Headphones,55,779,East
2024-01-12,Laptop,56,780,West
2024-01-13,Mouse,57,781,North
2024-01-14,Keyboard,58,782,South
2024-01-15,Monitor,59,783,East
2024-01-16,Headphones,60,784,West
2024-01-17,Laptop,61,785,North
2024-01-18,Mouse,62,786,South
2024-01-19,Keyboard,63,787,East
2024-01-20,Monitor,64,788,West
2024-01-21,Headphones,65,789,North
2024-01-22,Laptop,66,790,South
2024-01-23,Mouse,67,791,East
2024-01-24,Keyboard,68,792,West
2024-01-25,Monitor,69,793,North
2024-01-26,Headphones,70,794,South
2024-01-27,Laptop,71,795,East
2024-01-28,Mouse,72,796,West
2024-01-01,Keyboard,73,797,North
2024-01-02,Monitor,74,798,South
2024-01-03,Headphones,75,799,East
2024-01-04,Laptop,76,800,West
2024-01-05,Mouse,77,801,North
2024-01-06,Keyboard,78,802,South
2024-01-07,Monitor,79,803,East
2024-01-08,Headphones,80,804,West
2024-01-09,Laptop,81,805,North
2024-01-10,Mouse,82,806,South
2024-01-11,Keyboard,83,807,East
2024-01-12,Monitor,84,808,West
2024-01-13,Headphones,85,809,North
2024-01-14,Laptop,86,810,South
2024-01-15,Mouse,87,811,East
2024-01-16,Keyboard,88,812,West
2024-01-17,Monitor,89,813,North
2024-01-18,Headphones,90,814,South
2024-01-19,Laptop,91,815,East
2024-01-20,Mouse,92,816,West
2024-01-21,Keyboard,93,817,North
2024-01-22,Monitor,94,818,South
2024-01-23,Headphones,95,819,East
2024-01-24,Laptop,96,820,West
2024-01-25,Mouse,97,821,North
2024-01-26,Keyboard,98,822,South
2024-01-27,Monitor,99,823,East
2024-01-28,Headphones,100,824,West
2024-01-01,Laptop,1,825,North
2024-01-02,Mouse,2,826,South
2024-01-03,Keyboard,3,827,East
2024-01-04,Monitor,4,828,West
2024-01-05,Headphones,5,829,North
2024-01-06,Laptop,6,830,South
2024-01-07,Mouse,7,831,East
2024-01-08,Keyboard,8,832,West
2024-01-09,Monitor,9,833,North
2024-01-10,Headphones,10,834,South
2024-01-11,Laptop,11,835,East
2024-01-12,Mouse,12,836,West
2024-01-13,Keyboard,13,837,North
2024-01-14,Monitor,14,838,South
2024-01-15,Headphones,15,839,East
2024-01-16,Laptop,16,840,West
2024-01-17,Mouse,17,841,North
2024-01-18,Keyboard,18,842,South
2024-01-19,Monitor,19,843,East
2024-01-20,Headphones,20,844,West
2024-01-21,Laptop,21,845,North
2024-01-22,Mouse,22,846,South
2024-01-23,Keyboard,23,847,East
2024-01-24,Monitor,24,848,West
2024-01-25,Headphones,25,849,North
2024-01-26,Laptop,26,850,South
2024-01-27,Mouse,27,851,East
2024-01-28,Keyboard,28,852,West
2024-01-01,Monitor,29,853,North
2024-01-02,Headphones,30,854,South
2024-01-03,Laptop,31,855,East
2024-01-04,Mouse,32,856,West
2024-01-05,Keyboard,33,857,North
2024-01-06,Monitor,34,858,South
2024-01-07,Headphones,35,859,East
2024-01-08,Laptop,36,860,West
2024-01-09,Mouse,37,861,North
2024-01-10,Keyboard,38,862,South
2024-01-11,Monitor,39,863,East
2024-01-12,Headphones,40,864,West
2024-01-13,Laptop,41,865,North
2024-01-14,Mouse,42,866,South
2024-01-15,Keyboard,43,867,East
2024-01-16,Monitor,44,868,West
2024-01-17,Headphones,45,869,North
2024-01-18,Laptop,46,870,South
2024-01-19,Mouse,47,871,East
2024-01-20,Keyboard,48,872,West
2024-01-21,Monitor,49,873,North
2024-01-22,Headphones,50,874,South
2024-01-23,Laptop,51,875,East
2024-01-24,Mouse,52,876,West
2024-01-25,Keyboard,53,877,North
2024-01-26,Monitor,54,878,South
2024-01-27,Headphones,55,879,East
2024-01-28,Laptop,56,880,West
2024-01-01,Mouse,57,881,North
2024-01-02,Keyboard,58,882,South
2024-01-03,Monitor,59,883,East
2024-01-04,Headphones,60,884,West
2024-01-05,Laptop,61,885,North
2024-01-06,Mouse,62,886,South
2024-01-07,Keyboard,63,887,East
2024-01-08,Monitor,64,888,West
2024-01-09,Headphones,65,889,North
2024-01-10,Laptop,66,890,South
2024-01-11,Mouse,67,891,East
2024-01-12,Keyboard,68,892,West
2024-01-13,Monitor,69,893,North
2024-01-14,Headphones,70,894,South
2024-01-15,Laptop,71,895,East
2024-01-16,Mouse,72,896,West
2024-01-17,Keyboard,73,897,North
2024-01-18,Monitor,74,898,South
2024-01-19,Headphones,75,899,East
2024-01-20,Laptop,76,900,West
2024-01-21,Mouse,77,901,North
2024-01-22,Keyboard,78,902,South
2024-01-23,Monitor,79,903,East
2024-01-24,Headphones,80,904,West
2024-01-25,Laptop,81,905,North
2024-01-26,Mouse,82,906,South
2024-01-27,Keyboard,83,907,East
2024-01-28,Monitor,84,908,West
2024-01-01,Headphones,85,909,North
2024-01-02,Laptop,86,910,South
2024-01-03,Mouse,87,911,East
2024-01-04,Keyboard,88,912,West
2024-01-05,Monitor,89,913,North
2024-01-06,Headphones,90,914,South
2024-01-07,Laptop,91,915,East
2024-01-08,Mouse,92,916,West
2024-01-09,Keyboard,93,917,North
2024-01-10,Monitor,94,918,South
2024-01-11,Headphones,95,919,East
2024-01-12,Laptop,96,920,West
2024-01-13,Mouse,97,921,North
2024-01-14,Keyboard,98,922,South
2024-01-15,Monitor,99,923,East
2024-01-16,Headphones,100,924,West
2024-01-17,Laptop,1,925,North
2024-01-18,Mouse,2,926,South
2024-01-19,Keyboard,3,927,East
2024-01-20,Monitor,4,928,West
2024-01-21,Headphones,5,929,North
2024-01-22,Laptop,6,930,South
2024-01-23,Mouse,7,931,East
2024-01-24,Keyboard,8,932,West
2024-01-25,Monitor,9,933,North
2024-01-26,Headphones,10,934,South
2024-01-27,Laptop,11,935,East
2024-01-28,Mouse,12,936,West
2024-01-01,Keyboard,13,937,North
2024-01-02,Monitor,14,938,South
2024-01-03,Headphones,15,939,East
2024-01-04,Laptop,16,940,West
2024-01-05,Mouse,17,941,North
2024-01-06,Keyboard,18,942,South
2024-01-07,Monitor,19,943,East
2024-01-08,Headphones,20,944,West
2024-01-09,Laptop,21,945,North
2024-01-10,Mouse,22,946,South
2024-01-11,Keyboard,23,947,East
2024-01-12,Monitor,24,948,West
2024-01-13,Headphones,25,949,North
2024-01-14,Laptop,26,950,South
2024-01-15,Mouse,27,951,East
2024-01-16,Keyboard,28,952,West
2024-01-17,Monitor,29,953,North
2024-01-18,Headphones,30,954,South
2024-01-19,Laptop,31,955,East
2024-01-20,Mouse,32,956,West
2024-01-21,Keyboard,33,957,North
2024-01-22,Monitor,34,958,South
2024-01-23,Headphones,35,959,East
2024-01-24,Laptop,36,960,West
2024-01-25,Mouse,37,961,North
2024-01-26,Keyboard,38,962,South
2024-01-27,Monitor,39,963,East
2024-01-28,Headphones,40,964,West
2024-01-01,Laptop,41,965,North
2024-01-02,Mouse,42,966,South
2024-01-03,Keyboard,43,967,East
2024-01-04,Monitor,44,968,West
2024-01-05,Headphones,45,969,North
2024-01-06,Laptop,46,970,South
2024-01-07,Mouse,47,971,East
2024-01-08,Keyboard,48,972,West
2024-01-09,Monitor,49,973,North
2024-01-10,Headphones,50,974,South
2024-01-11,Laptop,51,975,East
2024-01-12,Mouse,52,976,West
2024-01-13,Keyboard,53,977,North
2024-01-14,Monitor,54,978,South
2024-01-15,Headphones,55,979,East
2024-01-16,Laptop,56,980,West
2024-01-17,Mouse,57,981,North
2024-01-18,Keyboard,58,982,South
2024-01-19,Monitor,59,983,East
2024-01-20,Headphones,60,984,West
2024-01-21,Laptop,61,985,North
2024-01-22,Mouse,62,986,South
2024-01-23,Keyboard,63,987,East
2024-01-24,Monitor,64,988,West
2024-01-25,Headphones,65,989,North
2024-01-26,Laptop,66,990,South
2024-01-27,Mouse,67,991,East
2024-01-28,Keyboard,68,992,West
2024-01-01,Monitor,69,993,North
2024-01-02,Headphones,70,994,South
2024-01-03,Laptop,71,995,East
2024-01-04,Mouse,72,996,West
2024-01-05,Keyboard,73,997,North
2024-01-06,Monitor,74,998,South
2024-01-07,Headphones,75,999,East
2024-01-08,Laptop,76,1000,West
2024-01-09,Mouse,77,1001,North
2024-01-10,Keyboard,78,1002,South
2024-01-11,Monitor,79,1003,East
2024-01-12,Headphones,80,1004,West
2024-01-13,Laptop,81,1005,North
2024-01-14,Mouse,82,1006,South
2024-01-15,Keyboard,83,1007,East
2024-01-16,Monitor,84,1008,West
2024-01-17,Headphones,85,1009,North
2024-01-18,Laptop,86,1010,South
2024-01-19,Mouse,87,1011,East
2024-01-20,Keyboard,88,1012,West
2024-01-21,Monitor,89,1013,North
2024-01-22,Headphones,90,1014,South
2024-01-23,Laptop,91,1015,East
2024-01-24,Mouse,92,1016,West
2024-01-25,Keyboard,93,1017,North
2024-01-26,Monitor,94,1018,South
2024-01-27,Headphones,95,1019,East
2024-01-28,Laptop,96,1020,West
2024-01-01,Mouse,97,1021,North
2024-01-02,Keyboard,98,1022,South
2024-01-03,Monitor,99,1023,East
2024-01-04,Headphones,100,1024,West
